engine,skill,case,env,protocol,vx,yaw,full,passed,entry_speed_mps,tail_speed_rms,tail_yaw_rms,tail_signed_heading_rad,settled,net_m,heading_excursion_rad,cycles_and_lift,decision_path_m,post_duration_s,decision_net_m,decision_heading_excursion_rad,whole_decision_pass
mujoco,hold,0,0,static,0.0,0.0,True,False,0.0,0.42576666493088555,1.2245942338653644,2.1851433352396405,False,0.5262539905399211,10.444954528169264,False,3.7611965628601385,10.0,0.5262539905399211,10.444954528169264,False
mujoco,hold,1,0,static,0.0,0.0,True,False,0.0,0.42576666493088555,1.2245942338653644,2.1851433352396405,False,0.5262539905399211,10.444954528169264,False,3.7611965628601385,10.0,0.5262539905399211,10.444954528169264,False
mujoco,hold,2,0,direct,0.5,-0.2,True,False,0.5432096693684729,0.44120842154164275,1.3706139504458004,2.4588576368176867,False,1.3856285330278006,9.914634756663274,True,4.496586555916941,10.0,1.3856285330278006,9.914634756663274,False
mujoco,hold,3,0,ramp_0.5,0.5,-0.2,True,False,0.2752822781937128,0.39502840070099116,1.1154092008966363,1.9273049320675044,False,0.7162993236370034,10.343205776875918,False,3.9801467870767366,10.0,0.6989810397432061,10.221482886154536,False
mujoco,hold,4,0,ramp_1.5,0.5,-0.2,False,False,0.17613825728474647,0.8962879917125953,5.909799069406923,-2.8868443324546726,False,0.6277770551815638,2.6735569301395774,False,1.174798258823201,0.9400000000000004,1.078686991289297,3.021304303424118,False
mujoco,hold,5,0,direct,0.5,-0.2,False,False,0.470411489509953,0.9274428729268219,4.412156729704647,-2.592778369562579,False,0.6415781941876373,2.220368846430927,False,0.655232707845038,0.8399999999999999,0.6415781941876373,2.220368846430927,False
mujoco,hold,6,0,ramp_0.5,0.5,-0.2,False,False,0.30527427809750396,0.8298370040230135,10.304619963230172,-3.6794516801962076,False,0.6573537779143053,3.3928432735875957,False,0.8824568197557665,1.0,0.8416957891286496,3.514236228939996,False
mujoco,hold,7,0,ramp_1.5,0.5,-0.2,True,False,0.12157458364994633,0.4180898550145035,1.246640048665099,2.1643494610072604,False,0.8420288156443961,10.113288930942755,False,4.252891144789999,10.0,1.0535802941237404,9.768058836130496,False
mujoco,hold,8,0,direct,0.5,0.0,True,False,0.5278009043417877,0.0001539999093732099,2.9002138505241226e-05,5.792673447801988e-05,True,0.9134507396313892,0.5585389863159644,False,0.9867840953011104,10.0,0.9134507396313892,0.5585389863159644,False
mujoco,hold,9,0,ramp_0.5,0.5,0.0,True,False,0.26752127439117995,0.412931018907338,1.1693839444717804,2.0447291415742512,False,0.7572376641327353,10.338914338711302,False,4.03974972891949,10.0,0.76495226994421,10.287684240358548,False
mujoco,hold,10,0,ramp_1.5,0.5,0.0,False,False,0.17936387099348453,0.8790588058140544,5.226207744659411,-2.6141840657862985,False,0.604916536926361,2.4926349115704247,False,1.145931177372563,0.9400000000000004,1.0770853356636063,2.659406419646329,False
mujoco,hold,11,0,direct,0.5,0.0,False,False,0.46311695957119786,0.9105424625496666,4.033537549508007,-2.165153454089171,False,0.6594013242620842,2.06137838858447,False,0.676997178447014,0.8599999999999994,0.6594013242620842,2.06137838858447,False
mujoco,hold,12,0,ramp_0.5,0.5,0.0,False,False,0.3127149715987553,0.8671669239985869,6.081914090124208,-2.851979459418827,False,0.6487399964805536,2.7472361515957884,False,0.8748037536382158,0.9799999999999995,0.8424300496305794,2.803014256308204,False
mujoco,hold,13,0,ramp_1.5,0.5,0.0,True,False,0.12646017464263606,0.4373705403935295,1.362714156288418,2.5008532653085,False,1.0957414336031057,9.671244505439594,False,4.383001193981292,10.0,1.3129282076001756,9.503937237938082,False
mujoco,hold,14,0,direct,0.5,0.2,True,False,0.5173643283398113,0.00045866057827788755,0.0011987665125176177,-0.0023495827174122574,True,0.8609407430809214,0.4483880920222898,False,0.9214429324907911,10.0,0.8609407430809214,0.4483880920222898,False
mujoco,hold,15,0,ramp_0.5,0.5,0.2,True,False,0.25786155459024934,0.43461685393395594,1.4307284590044334,2.5604126237915583,False,0.7801769313899584,10.70077486334288,False,4.056835510462187,10.0,0.7450099810367236,10.714245053388224,False
mujoco,hold,16,0,ramp_1.5,0.5,0.2,False,False,0.18362305735828185,0.8182031266183983,6.632002218873381,-2.926199747905708,False,0.6331542197017803,2.8867704709739876,False,1.1716630090187372,0.9800000000000004,1.1099899748780133,2.87908950791113,False
mujoco,hold,17,0,direct,0.5,0.2,False,False,0.45308931730738367,1.1392992075419304,5.007623650846656,-0.404979238518246,False,1.4293252573371007,1.1091949134497043,False,1.4665432172280346,1.2999999999999998,1.4293252573371007,1.1091949134497043,False
mujoco,hold,18,0,ramp_0.5,0.5,0.2,False,False,0.31590667976885245,0.8293710007400954,6.766554791872252,-2.915621920155024,False,0.6974027880418635,2.9901784409999235,False,0.9230491329106496,1.0,0.8904045611271093,2.981915372368752,False
mujoco,hold,19,0,ramp_1.5,0.5,0.2,True,False,0.12252801645695302,0.3988681097505442,1.0874153173591308,1.9627416622589378,False,1.0881494709672956,9.15663975609188,False,4.217626355311601,10.0,1.3167202782603837,9.162943891911572,False
mujoco,hold,20,0,direct,1.0,-0.2,False,False,1.0121077345576297,1.3831683410191309,1.3102727061108852,0.5219375427658139,False,1.5193223842674386,0.8393044904276956,False,1.5293399034113238,1.0600000000000005,1.5193223842674386,0.8393044904276956,False
mujoco,hold,21,0,ramp_0.5,1.0,-0.2,True,False,0.6230798900000198,0.4368968462071786,1.4093020592010688,2.567807624415222,False,1.102216498474755,9.685345377472737,True,4.510008166052481,10.0,1.3082389307326294,9.542965828445357,False
mujoco,hold,22,0,ramp_1.5,1.0,-0.2,True,False,0.29226944455960774,0.4271688194875256,1.3199407146638842,2.328837306583054,False,0.8187695549259109,10.2265425296665,False,4.803634828892034,10.0,1.3488268366605143,9.856222241480971,False
mujoco,hold,23,0,direct,1.0,-0.2,False,False,0.9895378197251896,1.0209698090594668,3.3299044520413443,-2.405394096093107,False,1.1406081034038031,2.0304824925017533,False,1.2060222540297056,0.8799999999999999,1.1406081034038031,2.0304824925017533,False
mujoco,hold,24,0,ramp_0.5,1.0,-0.2,True,False,0.6282526425122272,0.42954480952476465,1.4144457350421542,2.5514872658170287,False,1.318265510755646,9.433254222843978,True,4.620163141686662,10.0,1.6605285275603627,9.288503581952181,False
mujoco,hold,25,0,ramp_1.5,1.0,-0.2,False,False,0.279571391039864,0.8791849966000347,5.148293162555609,-2.544575066055436,False,0.616030460194068,2.30091710806181,False,1.6642598132642787,0.9199999999999999,1.5733459799989356,2.6737714225696227,False
mujoco,hold,26,0,direct,1.0,0.0,False,False,0.988836101335019,1.3083509957256407,3.5136741042519146,1.3153997417722159,False,1.4482818129205204,1.5235002931977006,False,1.479155721881501,1.0600000000000005,1.4482818129205204,1.5235002931977006,False
mujoco,hold,27,0,ramp_0.5,1.0,0.0,True,False,0.5830888756016249,0.43398075450076123,1.4065843342444315,2.4133139220605324,False,0.6903352642295707,10.729055350604826,True,4.458838922809371,10.0,0.7697960912934203,10.657797790276458,False
mujoco,hold,28,0,ramp_1.5,1.0,0.0,True,False,0.25214725134862087,0.41482789812932414,1.254741318537329,2.209906267776967,False,0.7478298634151801,10.593398443540735,False,4.786440121311841,10.0,1.0881191197487563,10.415550389558769,False
mujoco,hold,29,0,direct,1.0,0.0,False,False,0.9535263179486847,1.0053509928454845,3.305738696144518,-2.072346438792964,False,1.1875920793256631,1.95230781019532,False,1.242405708155572,0.9199999999999999,1.1875920793256631,1.95230781019532,False
mujoco,hold,30,0,ramp_0.5,1.0,0.0,True,True,0.6029736793227688,0.0024244121222508764,0.003065355765888171,0.006095622844767057,True,0.26279305582100043,0.19197803670630575,False,0.7906757276267143,10.0,0.6160371046662098,0.155351227078806,False
mujoco,hold,31,0,ramp_1.5,1.0,0.0,False,False,0.2759301168428677,0.8786745516528242,4.864773059724264,-2.4511147332446814,False,0.6196824629662752,2.3114045290613907,False,1.642182849801044,0.9399999999999995,1.5849750247933572,2.4921260240298486,False
mujoco,hold,32,0,direct,1.0,0.2,False,False,0.9630197916224807,1.454627132809298,1.519334726913527,0.8486311582001087,False,1.611442414018361,0.7479168480146323,False,1.6327035151842269,1.1400000000000006,1.611442414018361,0.7479168480146323,False
mujoco,hold,33,0,ramp_0.5,1.0,0.2,True,False,0.5524433395617132,0.4137922613092924,1.305117432801025,2.381148954210717,False,0.6830993784744258,10.804170840951405,False,4.455539866814918,10.0,0.7617771776562333,10.800890925409377,False
mujoco,hold,34,0,ramp_1.5,1.0,0.2,True,False,0.2411612129409435,0.42381830158444417,1.336538147396775,2.3604232963790928,False,0.903639550860395,10.225660733450583,False,4.8003515695548415,10.0,1.2258363815145155,10.226461048815679,False
mujoco,hold,35,0,direct,1.0,0.2,False,False,0.9173263495215536,1.0602118803939111,3.270245208594558,-1.7157637102846621,False,1.2160827299556451,1.8328800221320272,False,1.2629907237838665,0.96,1.2160827299556451,1.8328800221320272,False
mujoco,hold,36,0,ramp_0.5,1.0,0.2,False,False,0.5818493111224182,0.6822302529467534,4.619750029316059,-2.7159322122115124,False,0.9776199168405444,2.503497300642176,False,1.6529066409059527,3.2199999999999998,1.3828362924957933,2.4938825742539676,False
mujoco,hold,37,0,ramp_1.5,1.0,0.2,False,False,0.2791629773111647,0.8872393733411343,4.67408384798512,-2.4419731283444035,False,0.6380678246402678,2.3940024959551103,False,1.6419878601668922,0.96,1.6001091294795902,2.390234116403612,False
mujoco,march,0,0,static,0.0,0.0,True,False,0.0,0.23224425257700312,1.1491774264869108,-1.1824172508142996,False,0.28645887240489243,4.855432349853366,True,1.349616781145424,10.0,0.28645887240489243,4.855432349853366,False
mujoco,march,1,0,static,0.0,0.0,True,False,0.0,0.4914328360116605,2.171448378733631,-3.2960021953347214,False,0.17958303857580948,8.981924305746723,True,2.482766545766044,10.0,0.17958303857580948,8.981924305746723,False
mujoco,march,2,0,direct,0.5,-0.2,True,False,0.5432096693684729,0.20908096336370782,1.1306378380937374,-1.1670595664568424,False,1.0432580680232626,4.868677591715739,True,1.8918763597582675,10.0,1.0432580680232626,4.868677591715739,False
mujoco,march,3,0,ramp_0.5,0.5,-0.2,True,False,0.2752822781937128,0.17402703605304667,1.1450884201510314,-1.2661227783874471,False,0.19672054991806828,4.714467192497899,True,1.448076387038118,10.0,0.3956123973173543,4.836190083219281,False
mujoco,march,4,0,ramp_1.5,0.5,-0.2,True,False,0.17613825728474647,0.11923868458117723,0.7702454334742802,-0.8588752047836712,False,0.5455137684362436,4.2283073452975835,True,2.160011013094005,10.0,1.042151781926543,4.5760547185821245,False
mujoco,march,5,0,direct,0.5,-0.2,True,False,0.470411489509953,0.1371603415820911,0.9370312732420693,-0.8988980316419566,False,0.5646587113455392,3.8427345183384958,True,1.891336057621504,10.0,0.5646587113455392,3.8427345183384958,False
mujoco,march,6,0,ramp_0.5,0.5,-0.2,True,False,0.30527427809750396,0.13487687272498994,0.9522367656298609,-1.1574815346123142,False,0.25810774490122723,5.237155646464943,True,1.6822272724826794,10.0,0.46701647267359125,5.358548601817344,False
mujoco,march,7,0,ramp_1.5,0.5,-0.2,True,False,0.12157458364994633,0.16994832554298628,1.085154067688846,-1.0322231773193788,False,0.3220656063392532,4.926295267545029,True,2.057498652880968,10.0,0.8448011464337521,5.2715253623572895,False
mujoco,march,8,0,direct,0.5,0.0,True,False,0.5278009043417877,0.5910158325139613,2.553106472083643,-4.277287100562269,False,0.7559732522961665,9.612204015948123,True,3.3318851406802357,10.0,0.7559732522961665,9.612204015948123,False
mujoco,march,9,0,ramp_0.5,0.5,0.0,True,False,0.26752127439117995,0.5160955744281143,1.6796501522254552,-2.395401582865836,False,0.6719696005680844,6.83602592357339,True,2.3050501980260933,10.0,0.6459778725394695,6.887256021926142,False
mujoco,march,10,0,ramp_1.5,0.5,0.0,True,False,0.17936387099348453,0.2431271931616683,1.624425920661407,-2.4183631822607197,False,0.7926806356241901,5.717641617836495,True,2.312825440186611,10.0,1.2306085118580408,5.8844131259124,False
mujoco,march,11,0,direct,0.5,0.0,True,False,0.46311695957119786,0.46635181314248575,1.2492081685423961,-1.4700471184765425,False,1.0523974664549371,5.052178277564581,True,2.1224097783961255,10.0,1.0523974664549371,5.052178277564581,False
mujoco,march,12,0,ramp_0.5,0.5,0.0,True,False,0.3127149715987553,0.43333632578325143,1.5307696604464762,-2.065771031712265,False,0.8966732154491961,4.961366280806799,True,2.0180586761612282,10.0,1.083837613202414,5.017144385519215,False
mujoco,march,13,0,ramp_1.5,0.5,0.0,True,False,0.12646017464263606,0.08964137578664555,0.6432367159675886,-0.4890276851319255,False,0.34737447278155015,4.329745477026142,True,1.9240079033209767,10.0,0.8591256775202144,4.497052744527654,False
mujoco,march,14,0,direct,0.5,0.2,False,False,0.5173643283398113,0.9798205377236713,3.1132176381945427,-2.0939178181722156,False,2.127295310027411,2.101048274111184,True,2.247909915348392,1.96,2.127295310027411,2.101048274111184,False
mujoco,march,15,0,ramp_0.5,0.5,0.2,True,False,0.25786155459024934,0.1527869275404656,1.138438165341557,-1.2208171269010437,False,0.5854188597222449,6.0583853048496215,True,1.9885748256463862,10.0,0.77514751126027,6.044915114804278,False
mujoco,march,16,0,ramp_1.5,0.5,0.2,True,False,0.18362305735828185,0.18088655309007262,1.3130210270418625,-1.5012998589945914,False,0.5379797355326779,4.317531064795263,True,2.0394378295935813,10.0,1.0050310292387616,4.3098501017324065,False
mujoco,march,17,0,direct,0.5,0.2,True,False,0.45308931730738367,0.10264406861291427,0.7110919928341936,-0.9171925172612854,False,0.18016025850987635,3.5188791837969107,True,1.7166791163626929,10.0,0.18016025850987635,3.5188791837969107,False
mujoco,march,18,0,ramp_0.5,0.5,0.2,True,False,0.31590667976885245,0.13986286826326155,1.1080901307113715,-1.2104375965234446,False,0.31547181241881517,4.43927645523998,True,1.490374753055525,10.0,0.5194503634033781,4.431013386608809,False
mujoco,march,19,0,ramp_1.5,0.5,0.2,True,False,0.12252801645695302,0.19399419368857607,1.042373107307042,-0.8304051062552844,False,0.17815666196739346,5.708792863807247,True,2.028708481463574,10.0,0.6234562303170483,5.702488727987555,False
mujoco,march,20,0,direct,1.0,-0.2,False,False,1.0121077345576297,1.4563952772609692,5.884903022620024,-2.756432820346864,False,1.6661107296160043,2.4185167583107483,False,1.6772326689175878,0.9800000000000004,1.6661107296160043,2.4185167583107483,False
mujoco,march,21,0,ramp_0.5,1.0,-0.2,False,False,0.6230798900000198,0.92657102402723,11.863628036876998,3.042131612445336,False,1.698602281234496,3.1904834301594756,False,2.1608859902169892,1.4800000000000004,2.1303221295190453,3.0481038811320946,False
mujoco,march,22,0,ramp_1.5,1.0,-0.2,True,False,0.29226944455960774,0.15024369762392042,0.874539593473744,-1.0084419918199297,False,0.4696783651151945,3.9131099985883178,True,2.3820505716107476,10.0,1.4056064283722278,4.283430286773847,False
mujoco,march,23,0,direct,1.0,-0.2,False,False,0.9895378197251896,1.2670565177958373,3.489872103102149,-2.363083837440966,False,1.1841538727068817,2.104762148323007,False,1.1967043832759208,0.8199999999999994,1.1841538727068817,2.104762148323007,False
mujoco,march,24,0,ramp_0.5,1.0,-0.2,True,False,0.6282526425122272,0.09303275514199837,0.6512010442656364,-0.8454319813573647,False,0.9527597627265338,5.432001979825521,True,2.315791968591306,10.0,1.3778936958502572,5.576752620717317,False
mujoco,march,25,0,ramp_1.5,1.0,-0.2,True,False,0.279571391039864,0.22497998350323775,0.9920908039633631,-1.067920995450864,False,1.0599445463829626,5.397297767461032,True,3.4365533009573292,10.0,1.9515712428328025,5.7701520819688445,False
mujoco,march,26,0,direct,1.0,0.0,False,False,0.988836101335019,1.4351430091037005,5.076486451263812,-2.324384570324065,False,1.5081205429376607,2.216390013849969,False,1.5213908703867327,0.96,1.5081205429376607,2.216390013849969,False
mujoco,march,27,0,ramp_0.5,1.0,0.0,True,False,0.5830888756016249,0.13186236312996133,0.978278424443672,-1.2941399625678613,False,1.5997052266800236,2.990294357096617,True,2.837775099545384,10.0,1.9707421069017848,3.061551917424986,False
mujoco,march,28,0,ramp_1.5,1.0,0.0,True,False,0.25214725134862087,0.16698945973986923,1.0205743244378647,-1.2719247912628062,False,0.28109747958849407,4.4521308972621245,True,2.1542223294108487,10.0,1.2728139854148361,4.629978951244091,False
mujoco,march,29,0,direct,1.0,0.0,False,False,0.9535263179486847,1.1891011645974863,3.127605371745563,-1.9131372515394611,False,1.2466716596232552,1.8925353554097906,False,1.2566987377847902,0.8599999999999994,1.2466716596232552,1.8925353554097906,False
mujoco,march,30,0,ramp_0.5,1.0,0.0,True,False,0.6029736793227688,0.24105506399315693,1.3173215139683172,-1.3099301751673535,False,0.37366626677595366,4.647010998646611,True,1.787607598722614,10.0,0.796022786578577,4.714761616990527,False
mujoco,march,31,0,ramp_1.5,1.0,0.0,False,False,0.2759301168428677,0.835431434441755,3.666936014708624,0.7842955685844673,False,1.3764672292010647,0.8310985458291866,True,2.4120109863716235,1.6399999999999997,2.186690546614549,0.8994019077814266,False
mujoco,march,32,0,direct,1.0,0.2,False,False,0.9630197916224807,1.39630399735554,4.6599395598239655,-2.1854296407114147,False,1.7243565094556979,2.305016745234795,False,1.7502593264679183,1.04,1.7243565094556979,2.305016745234795,False
mujoco,march,33,0,ramp_0.5,1.0,0.2,True,False,0.5524433395617132,0.12050708347911522,0.8883453605256424,-1.1267938022288595,False,1.0691310457931915,4.7880700432513805,True,2.4963993606719646,10.0,1.4200159418557092,4.791349958793411,False
mujoco,march,34,0,ramp_1.5,1.0,0.2,True,False,0.2411612129409435,0.3063442599930675,1.3687772882036453,-1.8298053007885513,False,0.4594840433079288,4.94985718423508,True,2.362526567543342,10.0,1.425487164419774,4.949056868869986,False
mujoco,march,35,0,direct,1.0,0.2,False,False,0.9173263495215536,1.212601272654376,2.6877444326316904,-1.562132670436923,False,1.4566046467072415,1.7503196081332608,False,1.470100761004836,0.9399999999999995,1.4566046467072415,1.7503196081332608,False
mujoco,march,36,0,ramp_0.5,1.0,0.2,True,False,0.5818493111224182,0.1337690515770103,0.9275424991693277,-0.9091630500197332,False,0.25272976956713006,4.3777497829072844,True,1.5956338969814587,10.0,0.6059321629708911,4.368135056519076,False
mujoco,march,37,0,ramp_1.5,1.0,0.2,False,False,0.2791629773111647,1.1432874797069608,3.0914561224966848,-2.7967529993761526,False,2.283684066861623,2.6900037545209616,True,3.3123929380159414,2.419999999999999,3.1621973372629917,2.6862353749694634,False
isaac,hold,0,0,static,0.0,0.0,True,False,0.0,0.0018077304121106863,9.579433390172198e-05,1.6450881958007812e-05,True,0.04447309672832489,0.2921764850616455,False,0.07987942546606064,10.0,0.04447309672832489,0.2921764850616455,False
isaac,hold,0,1,static,0.0,0.0,True,False,0.0,0.0019965858664363623,0.00013130580191500485,-5.841255187988281e-06,True,0.0443747416138649,0.2921854257583618,False,0.08063176274299622,10.0,0.0443747416138649,0.2921854257583618,False
isaac,hold,0,2,static,0.0,0.0,True,False,0.0,0.0017177881672978401,0.00010712882067309693,-1.2993812561035156e-05,True,0.04450793191790581,0.2918636202812195,False,0.07954636961221695,10.0,0.04450793191790581,0.2918636202812195,False
isaac,hold,0,3,static,0.0,0.0,True,False,0.0,0.0019775889813899994,0.00010747835040092468,-4.291534423828125e-06,True,0.044601570814847946,0.291917085647583,False,0.07921438664197922,10.0,0.044601570814847946,0.291917085647583,False
isaac,hold,0,4,static,0.0,0.0,True,False,0.0,0.0015873204683884978,5.4036983783589676e-05,-4.76837158203125e-06,True,0.044675953686237335,0.2919665575027466,False,0.07892154157161713,10.0,0.044675953686237335,0.2919665575027466,False
isaac,hold,0,5,static,0.0,0.0,True,False,0.0,0.0021464175079017878,4.611619806382805e-05,2.7418136596679688e-06,True,0.044463638216257095,0.29221320152282715,False,0.07997620850801468,10.0,0.044463638216257095,0.29221320152282715,False
isaac,hold,0,6,static,0.0,0.0,True,False,0.0,0.0018472656374797225,4.648844333132729e-05,8.106231689453125e-06,True,0.04440227150917053,0.29207301139831543,False,0.07994945347309113,10.0,0.04440227150917053,0.29207301139831543,False
isaac,hold,0,7,static,0.0,0.0,True,False,0.0,0.0017282679909840226,5.0541431846795604e-05,-1.9073486328125e-06,True,0.0446057952940464,0.2920035123825073,False,0.07958485931158066,10.0,0.0446057952940464,0.2920035123825073,False
isaac,hold,0,8,static,0.0,0.0,True,False,0.0,0.0018584689823910594,4.8095043894136325e-05,4.76837158203125e-07,True,0.04449252784252167,0.2923266887664795,False,0.08028589934110641,10.0,0.04449252784252167,0.2923266887664795,False
isaac,hold,0,9,static,0.0,0.0,True,False,0.0,0.0018627315293997526,5.1812981837429106e-05,9.5367431640625e-07,True,0.04450005665421486,0.29232895374298096,False,0.08031662553548813,10.0,0.04450005665421486,0.29232895374298096,False
isaac,hold,0,10,static,0.0,0.0,True,False,0.0,0.001695740851573646,3.6202691262587905e-05,-2.384185791015625e-06,True,0.044628918170928955,0.2918165922164917,False,0.07920750975608826,10.0,0.044628918170928955,0.2918165922164917,False
isaac,hold,0,11,static,0.0,0.0,True,False,0.0,0.0017687963554635644,5.799240170745179e-05,7.152557373046875e-07,True,0.04458218812942505,0.2920958995819092,False,0.07988229393959045,10.0,0.04458218812942505,0.2920958995819092,False
isaac,hold,0,12,static,0.0,0.0,True,False,0.0,0.001986370189115405,7.514924072893336e-05,2.7418136596679688e-06,True,0.04437851533293724,0.29222095012664795,False,0.08068899065256119,10.0,0.04437851533293724,0.29222095012664795,False
isaac,hold,0,13,static,0.0,0.0,True,False,0.0,0.001998271094635129,4.590979006025009e-05,8.58306884765625e-06,True,0.04438348859548569,0.2921741008758545,False,0.08056921511888504,10.0,0.04438348859548569,0.2921741008758545,False
isaac,hold,0,14,static,0.0,0.0,True,False,0.0,0.0020857478957623243,8.261190669145435e-05,6.973743438720703e-06,True,0.04455380141735077,0.29176807403564453,False,0.0795656219124794,10.0,0.04455380141735077,0.29176807403564453,False
isaac,hold,0,15,static,0.0,0.0,True,False,0.0,0.0017679764423519373,8.553642692277208e-05,5.245208740234375e-06,True,0.04459795728325844,0.29202961921691895,False,0.07980773597955704,10.0,0.04459795728325844,0.29202961921691895,False
isaac,hold,1,0,direct,0.5,-0.2,True,False,0.40763217210769653,0.0016330855432897806,0.00011103273573098704,3.0994415283203125e-06,True,0.723051905632019,0.581167459487915,False,0.7850538492202759,10.0,0.723051905632019,0.581167459487915,False
isaac,hold,1,1,direct,0.5,-0.2,False,False,0.4940495789051056,0.6277244687080383,2.7326176166534424,-0.654104471206665,False,1.0346442461013794,0.6333465576171875,False,1.0602518320083618,2.420000000000001,1.0346442461013794,0.6333465576171875,False
isaac,hold,1,2,direct,0.5,-0.2,True,False,0.469986230134964,0.0003799324913416058,9.73568603512831e-05,5.185604095458984e-06,True,0.8432708382606506,0.39790618419647217,False,0.8954152464866638,10.0,0.8432708382606506,0.39790618419647217,False
isaac,hold,1,3,direct,0.5,-0.2,True,False,0.43651387095451355,0.00034341387799941003,4.7387722588609904e-05,-6.67572021484375e-06,True,0.8300378322601318,0.27417635917663574,False,0.8752703070640564,10.000000000000002,0.8300378322601318,0.27417635917663574,False
isaac,hold,1,4,direct,0.5,-0.2,True,False,0.4125504791736603,0.001295909401960671,5.563128797803074e-05,-2.950429916381836e-06,True,0.6200516223907471,0.4548911452293396,False,0.6768269538879395,10.0,0.6200516223907471,0.4548911452293396,False
isaac,hold,1,5,direct,0.5,-0.2,True,False,0.40339213609695435,0.0011832083109766245,4.5798562496202067e-05,-3.2186508178710938e-06,True,0.598092794418335,0.8243917226791382,False,0.623336136341095,10.0,0.598092794418335,0.8243917226791382,False
isaac,hold,1,6,direct,0.5,-0.2,True,False,0.40236330032348633,0.001524846418760717,0.00018376937077846378,-0.00027489662170410156,False,0.960446298122406,0.5562102794647217,False,1.0183303356170654,10.0,0.960446298122406,0.5562102794647217,False
isaac,hold,1,7,direct,0.5,-0.2,True,False,0.4044593572616577,0.0007911233697086573,5.000617966288701e-05,5.0067901611328125e-06,True,0.6819846034049988,0.568169116973877,False,0.7122275829315186,10.0,0.6819846034049988,0.568169116973877,False
isaac,hold,1,8,direct,0.5,-0.2,True,False,0.40429234504699707,0.0024958306457847357,0.0027724746614694595,0.003201723098754883,False,0.32927435636520386,0.17969989776611328,False,0.4374412000179291,10.0,0.32927435636520386,0.17969989776611328,False
isaac,hold,1,9,direct,0.5,-0.2,True,False,0.4477761387825012,0.0013895441079512239,3.612974614952691e-05,3.7550926208496094e-06,True,0.7294049859046936,0.5258533954620361,False,0.7468093633651733,10.0,0.7294049859046936,0.5258533954620361,False
isaac,hold,1,10,direct,0.5,-0.2,False,False,0.45253366231918335,0.4650343358516693,0.6087819337844849,-0.5834636688232422,False,0.5592774748802185,1.0463098287582397,False,1.602859616279602,3.6400000000000006,0.5592774748802185,1.0463098287582397,False
isaac,hold,1,11,direct,0.5,-0.2,True,False,0.4415137767791748,0.0016965310787782073,4.071196599397808e-05,2.384185791015625e-06,True,0.8199815154075623,0.9471590518951416,False,0.8907085657119751,10.0,0.8199815154075623,0.9471590518951416,False
isaac,hold,1,12,direct,0.5,-0.2,True,False,0.42060256004333496,0.0020246838685125113,0.000130775646539405,1.430511474609375e-06,True,1.1294453144073486,1.0928502082824707,False,1.2330584526062012,10.0,1.1294453144073486,1.0928502082824707,False
isaac,hold,1,13,direct,0.5,-0.2,True,False,0.41498538851737976,0.0008140464196912944,0.00011148009798489511,2.384185791015625e-07,True,1.3157958984375,1.1543339490890503,False,1.4036742448806763,10.0,1.3157958984375,1.1543339490890503,False
isaac,hold,1,14,direct,0.5,-0.2,True,False,0.41937708854675293,0.002324486616998911,6.020358341629617e-05,-3.4570693969726562e-06,True,1.0440200567245483,0.8904389142990112,False,1.0712482929229736,10.0,1.0440200567245483,0.8904389142990112,False
isaac,hold,1,15,direct,0.5,-0.2,True,False,0.4070509970188141,0.001106057781726122,5.8784604334505275e-05,5.245208740234375e-06,True,0.8097248077392578,0.4239215850830078,False,0.9444157481193542,10.0,0.8097248077392578,0.4239215850830078,False
isaac,hold,2,0,ramp_0.5,0.5,-0.2,True,False,0.24455071985721588,0.0019993239548057318,0.00011055252980440855,1.341104507446289e-05,True,1.3428715467453003,2.027815103530884,True,2.3775110244750977,10.0,1.4984699487686157,1.9556254148483276,False
isaac,hold,2,1,ramp_0.5,0.5,-0.2,False,False,0.22486872971057892,0.731574535369873,2.244847536087036,0.11470615863800049,False,0.7597521543502808,0.4109306335449219,False,0.9462753534317017,1.200000000000001,0.8871318101882935,0.48135972023010254,False
isaac,hold,2,2,ramp_0.5,0.5,-0.2,False,False,0.2096436768770218,0.7794548869132996,11.276030540466309,-3.882418632507324,False,0.8333929181098938,3.750497341156006,False,1.0347609519958496,1.2000000000000002,0.9627732634544373,3.816406726837158,False
isaac,hold,2,3,ramp_0.5,0.5,-0.2,False,False,0.20201027393341064,0.7370431423187256,2.8386600017547607,0.12268567085266113,False,0.7738170027732849,0.41277360916137695,False,0.9599415063858032,1.1800000000000006,0.8907976150512695,0.47321128845214844,False
isaac,hold,2,4,ramp_0.5,0.5,-0.2,True,False,0.20140567421913147,0.002257509855553508,7.68279132898897e-05,-5.8710575103759766e-06,True,0.16441309452056885,0.362676203250885,False,0.4839720129966736,10.0,0.32642945647239685,0.4200582206249237,False
isaac,hold,2,5,ramp_0.5,0.5,-0.2,True,False,0.24090509116649628,0.0020134185906499624,5.53297322767321e-05,-1.1920928955078125e-06,True,0.09147140383720398,0.3538174629211426,False,0.29893824458122253,10.0,0.2659403681755066,0.41415154933929443,False
isaac,hold,2,6,ramp_0.5,0.5,-0.2,True,False,0.25998321175575256,0.0018623280338943005,4.22968078055419e-05,-4.172325134277344e-06,True,0.10849448293447495,0.40589261054992676,False,0.4425777196884155,10.0,0.2768024206161499,0.4630696773529053,False
isaac,hold,2,7,ramp_0.5,0.5,-0.2,True,False,0.23337750136852264,0.0012104575289413333,6.01158790232148e-05,-6.079673767089844e-06,True,0.1062001958489418,0.4383770227432251,False,0.44199827313423157,10.000000000000002,0.2695341110229492,0.5019084215164185,False
isaac,hold,2,8,ramp_0.5,0.5,-0.2,True,False,0.20709213614463806,0.00229719583876431,8.536352834198624e-05,2.1457672119140625e-06,True,0.09718653559684753,0.42773890495300293,False,0.441775381565094,10.0,0.2578136920928955,0.49292492866516113,False
isaac,hold,2,9,ramp_0.5,0.5,-0.2,True,False,0.18735834956169128,0.0018534500850364566,5.300514749251306e-05,2.8014183044433594e-06,True,0.07523475587368011,0.43798595666885376,False,0.46057504415512085,10.0,0.2278835028409958,0.5032581686973572,False
isaac,hold,2,10,ramp_0.5,0.5,-0.2,True,False,0.18794025480747223,0.001979631371796131,3.2026771805249155e-05,-4.76837158203125e-07,True,0.05595313012599945,0.44769465923309326,False,0.4924980401992798,10.0,0.20533201098442078,0.5129088163375854,False
isaac,hold,2,11,ramp_0.5,0.5,-0.2,True,False,0.19376233220100403,0.0018281912198290229,4.210509723634459e-05,3.5762786865234375e-06,True,0.04859330505132675,0.4495609998703003,False,0.4660596549510956,10.0,0.20468080043792725,0.5190541744232178,False
isaac,hold,2,12,ramp_0.5,0.5,-0.2,True,False,0.19322560727596283,0.0018693351885303855,9.479771688347682e-05,1.6689300537109375e-06,True,0.08057412505149841,0.46021294593811035,False,0.4144534170627594,10.0,0.25793641805648804,0.5343430042266846,False
isaac,hold,2,13,ramp_0.5,0.5,-0.2,True,False,0.19322146475315094,0.0019244436407461762,0.00011758865002775565,1.430511474609375e-06,True,0.09143874049186707,0.451918363571167,False,0.321866899728775,10.0,0.2679020166397095,0.5244200229644775,False
isaac,hold,2,14,ramp_0.5,0.5,-0.2,True,False,0.245732843875885,0.002108156681060791,5.570296707446687e-05,-1.0013580322265625e-05,True,0.10443507879972458,0.4137073755264282,False,0.4440303444862366,10.0,0.27431920170783997,0.48676741123199463,False
isaac,hold,2,15,ramp_0.5,0.5,-0.2,True,False,0.24857445061206818,0.0006539105670526624,0.00011028254812117666,1.1920928955078125e-06,True,1.2560282945632935,1.001525640487671,False,1.7380328178405762,10.0,1.430904507637024,0.9286336898803711,False
isaac,hold,3,0,ramp_1.5,0.5,-0.2,True,False,0.07958763092756271,0.0019254825310781598,7.767420174786821e-05,-1.430511474609375e-06,True,0.06174885481595993,0.42043519020080566,False,0.673819363117218,10.0,0.4505006670951843,0.6155917644500732,False
isaac,hold,3,1,ramp_1.5,0.5,-0.2,True,False,0.06547512114048004,0.0019332636147737503,9.122771007241681e-05,-4.76837158203125e-07,True,0.053255531936883926,0.42624735832214355,False,0.721356213092804,10.000000000000004,0.4340992867946625,0.615039587020874,False
isaac,hold,3,2,ramp_1.5,0.5,-0.2,False,False,0.05518031865358353,0.579982340335846,0.36954474449157715,0.08533599972724915,False,0.8490766882896423,0.1812838912010193,False,1.28009831905365,2.7200000000000006,0.9305821657180786,0.36752232909202576,False
isaac,hold,3,3,ramp_1.5,0.5,-0.2,True,False,0.06273462623357773,0.0020444567780941725,5.352273365133442e-05,8.344650268554688e-06,True,0.0337212048470974,0.44956374168395996,False,0.6561201810836792,10.000000000000002,0.4412350654602051,0.6453516483306885,False
isaac,hold,3,4,ramp_1.5,0.5,-0.2,True,False,0.05270744860172272,0.0019911346025764942,6.801730341976508e-05,3.814697265625e-06,True,0.08103963732719421,0.41938427090644836,False,0.5634014010429382,10.0,0.48744723200798035,0.612783670425415,False
isaac,hold,3,5,ramp_1.5,0.5,-0.2,True,False,0.1287507563829422,0.002221600851044059,5.800917278975248e-05,7.897615432739258e-07,True,0.11554419994354248,0.4026627540588379,False,0.6748549342155457,10.0,0.5001803040504456,0.5908383131027222,False
isaac,hold,3,6,ramp_1.5,0.5,-0.2,True,False,0.12582822144031525,0.0007156201754696667,0.00011196653940714896,-7.867813110351562e-06,True,1.345937728881836,0.5282974243164062,False,1.9772940874099731,10.0,1.7557969093322754,0.5958847999572754,False
isaac,hold,3,7,ramp_1.5,0.5,-0.2,False,False,0.09795308113098145,0.8132513165473938,10.199482917785645,1.7704421281814575,False,1.103184461593628,1.8035635948181152,False,1.5498567819595337,1.4800000000000004,1.4415996074676514,1.6235475540161133,False
isaac,hold,3,8,ramp_1.5,0.5,-0.2,False,False,0.09698516875505447,0.6920612454414368,17.348163604736328,2.3523881435394287,False,0.7329258322715759,2.4188265800476074,False,1.1729356050491333,1.2000000000000002,1.0400965213775635,2.237699270248413,False
isaac,hold,3,9,ramp_1.5,0.5,-0.2,False,False,0.08869623392820358,0.8112037181854248,15.910036087036133,-5.598679065704346,False,1.0010755062103271,5.54756498336792,False,1.4521586894989014,1.2999999999999998,1.3188484907150269,5.730076313018799,False
isaac,hold,3,10,ramp_1.5,0.5,-0.2,False,False,0.07804138958454132,0.7045856714248657,3.246617555618286,0.32050299644470215,False,0.7160410284996033,0.47137558460235596,False,1.1599571704864502,1.200000000000001,1.0197641849517822,0.6544936895370483,False
isaac,hold,3,11,ramp_1.5,0.5,-0.2,True,False,0.06601191312074661,0.002200986025854945,4.252075814292766e-05,-1.1920928955078125e-06,True,0.1136128380894661,0.39436161518096924,False,0.6524755358695984,10.000000000000002,0.5199298858642578,0.5834112167358398,False
isaac,hold,3,12,ramp_1.5,0.5,-0.2,True,False,0.13213621079921722,0.0019139657961204648,0.0001541938545415178,-4.291534423828125e-06,True,0.0784652903676033,0.40166616439819336,False,0.5529058575630188,10.0,0.4936229884624481,0.5916502475738525,False
isaac,hold,3,13,ramp_1.5,0.5,-0.2,True,False,0.14267376065254211,0.0023971032351255417,0.0001060749709722586,-8.344650268554688e-07,True,0.07361380010843277,0.4006892442703247,False,0.6680529117584229,10.0,0.4817149341106415,0.6048489809036255,False
isaac,hold,3,14,ramp_1.5,0.5,-0.2,True,False,0.12235605716705322,0.0023559010587632656,5.716461600968614e-05,-2.1457672119140625e-06,True,0.07731784880161285,0.4059920310974121,False,0.6728723049163818,10.0,0.48151102662086487,0.5989625453948975,False
isaac,hold,3,15,ramp_1.5,0.5,-0.2,True,False,0.07953952252864838,0.0018443427979946136,0.00010570292943157256,-3.0994415283203125e-06,True,0.06335728615522385,0.41861438751220703,False,0.6731221675872803,10.0,0.4513150751590729,0.6179835796356201,False
isaac,hold,4,0,direct,0.5,0.0,True,False,0.40813836455345154,0.00047257740516215563,8.714161958778277e-05,-1.1205673217773438e-05,True,0.9127108454704285,0.6823998689651489,False,1.072585940361023,10.0,0.9127108454704285,0.6823998689651489,False
isaac,hold,4,1,direct,0.5,0.0,True,False,0.49139603972435,0.0007484887028113008,0.0002259760076412931,-0.00022280216217041016,True,0.3932631313800812,0.22402727603912354,False,0.5432003736495972,10.0,0.3932631313800812,0.22402727603912354,False
isaac,hold,4,2,direct,0.5,0.0,True,False,0.47052934765815735,0.0006586481467820704,0.00018462394655216485,1.9431114196777344e-05,True,0.8622462153434753,0.6203968524932861,False,0.9150944352149963,10.0,0.8622462153434753,0.6203968524932861,False
isaac,hold,4,3,direct,0.5,0.0,True,False,0.4401111602783203,0.0019244214054197073,5.768832488683984e-05,9.059906005859375e-06,True,0.820591926574707,0.22964155673980713,False,0.881690502166748,10.000000000000002,0.820591926574707,0.22964155673980713,False
isaac,hold,4,4,direct,0.5,0.0,True,False,0.413720041513443,0.0012686083791777492,7.425931107718498e-05,-1.4901161193847656e-05,True,0.9375879764556885,1.1144810914993286,False,1.0249478816986084,10.0,0.9375879764556885,1.1144810914993286,False
isaac,hold,4,5,direct,0.5,0.0,True,False,0.4022965729236603,0.00105870864354074,3.8710095395799726e-05,5.4836273193359375e-06,True,0.635163426399231,0.862019419670105,False,0.6657655239105225,10.0,0.635163426399231,0.862019419670105,False
isaac,hold,4,6,direct,0.5,0.0,True,False,0.40201500058174133,0.001180985476821661,4.430334593052976e-05,-2.384185791015625e-06,True,0.6579354405403137,0.8561484813690186,False,0.6905577778816223,10.0,0.6579354405403137,0.8561484813690186,False
isaac,hold,4,7,direct,0.5,0.0,True,False,0.4030483663082123,0.0008589659119024873,0.00010017401655204594,5.0067901611328125e-06,True,0.8368156552314758,0.8992266654968262,False,0.8818612694740295,10.0,0.8368156552314758,0.8992266654968262,False
isaac,hold,4,8,direct,0.5,0.0,True,False,0.4023248553276062,0.0003878825227729976,9.33318369789049e-05,-3.814697265625e-06,True,0.38068872690200806,0.2623448371887207,False,0.4975840449333191,10.0,0.38068872690200806,0.2623448371887207,False
isaac,hold,4,9,direct,0.5,0.0,True,False,0.4619836211204529,0.002139739692211151,3.60468948201742e-05,-1.5497207641601562e-06,True,0.6647692322731018,0.5259109735488892,False,0.7027800679206848,10.0,0.6647692322731018,0.5259109735488892,False
isaac,hold,4,10,direct,0.5,0.0,True,False,0.4615010917186737,0.000880399311427027,0.0001330356753896922,-2.002716064453125e-05,True,0.8004465103149414,0.7053556442260742,False,0.8473976254463196,10.0,0.8004465103149414,0.7053556442260742,False
isaac,hold,4,11,direct,0.5,0.0,True,False,0.4422875642776489,0.0009920821757987142,3.626579200499691e-05,-4.76837158203125e-07,True,0.866062343120575,0.881808876991272,False,0.9127172231674194,10.0,0.866062343120575,0.881808876991272,False
isaac,hold,4,12,direct,0.5,0.0,True,False,0.4222273528575897,0.0008510056068189442,7.45783545426093e-05,5.0067901611328125e-06,True,1.0564535856246948,0.965149998664856,False,1.1007664203643799,10.0,1.0564535856246948,0.965149998664856,False
isaac,hold,4,13,direct,0.5,0.0,True,False,0.4178679287433624,0.0007399045280180871,7.684557931497693e-05,-1.71661376953125e-05,True,1.1826831102371216,0.9857382774353027,False,1.238715410232544,10.0,1.1826831102371216,0.9857382774353027,False
isaac,hold,4,14,direct,0.5,0.0,True,False,0.42003780603408813,0.0015620479825884104,3.782769636018202e-05,1.1920928955078125e-07,True,0.8793781399726868,1.133545994758606,False,1.0053329467773438,10.0,0.8793781399726868,1.133545994758606,False
isaac,hold,4,15,direct,0.5,0.0,True,False,0.40811142325401306,0.0005308918189257383,8.495046495227143e-05,2.6226043701171875e-06,True,1.0239436626434326,0.5980854034423828,False,1.0662167072296143,10.0,1.0239436626434326,0.5980854034423828,False
isaac,hold,5,0,ramp_0.5,0.5,0.0,True,False,0.266350120306015,0.0011170244542881846,5.963119474472478e-05,-2.1457672119140625e-06,True,1.0847281217575073,0.4506509304046631,False,1.3566752672195435,10.0,1.2625280618667603,0.4702209234237671,False
isaac,hold,5,1,ramp_0.5,0.5,0.0,False,False,0.23581834137439728,0.783061683177948,14.508674621582031,-3.07598876953125,False,1.1703248023986816,3.0603866577148438,False,1.369803547859192,1.4800000000000004,1.3153473138809204,3.0749154090881348,False
isaac,hold,5,2,ramp_0.5,0.5,0.0,False,False,0.21715959906578064,0.7785965800285339,20.26478385925293,-9.15306282043457,False,1.1591891050338745,9.1387939453125,False,1.3592058420181274,1.4000000000000004,1.2988239526748657,9.151512145996094,False
isaac,hold,5,3,ramp_0.5,0.5,0.0,False,False,0.21076682209968567,0.6998363137245178,14.467865943908691,-3.5967910289764404,False,0.760189950466156,3.5870251655578613,False,0.9567969441413879,1.200000000000001,0.8897756338119507,3.5956530570983887,False
isaac,hold,5,4,ramp_0.5,0.5,0.0,True,False,0.2077683061361313,0.0020387356635183096,6.66180785628967e-05,-7.539987564086914e-06,True,0.1702144294977188,0.3592895567417145,False,0.4983014464378357,10.0,0.3341089189052582,0.3650902807712555,False
isaac,hold,5,5,ramp_0.5,0.5,0.0,True,False,0.24463973939418793,0.0018271643202751875,5.817105557071045e-05,6.67572021484375e-06,True,0.09105271100997925,0.3474915027618408,False,0.30219489336013794,10.0,0.2684808075428009,0.35083651542663574,False
isaac,hold,5,6,ramp_0.5,0.5,0.0,True,False,0.25576817989349365,0.00131195317953825,6.465479236794636e-05,1.430511474609375e-06,True,0.10603029280900955,0.4059627056121826,False,0.4451790452003479,10.0,0.27843016386032104,0.4126114845275879,False
isaac,hold,5,7,ramp_0.5,0.5,0.0,True,False,0.2528219521045685,0.0015868012560531497,4.933340460411273e-05,4.649162292480469e-06,True,0.11095945537090302,0.41013991832733154,False,0.4627527892589569,10.000000000000002,0.28291651606559753,0.41516339778900146,False
isaac,hold,5,8,ramp_0.5,0.5,0.0,True,False,0.21904650330543518,0.0022474348079413176,9.317341027781367e-05,-6.198883056640625e-06,True,0.08772261440753937,0.4349548816680908,False,0.4357854723930359,10.0,0.2458280771970749,0.44019079208374023,False
isaac,hold,5,9,ramp_0.5,0.5,0.0,True,False,0.20623059570789337,0.0020750679541379213,6.67534040985629e-05,-4.410743713378906e-06,True,0.07799313217401505,0.43734920024871826,False,0.4629219174385071,10.0,0.23466891050338745,0.44600915908813477,False
isaac,hold,5,10,ramp_0.5,0.5,0.0,True,False,0.20433737337589264,0.0018022569129243493,4.603985871654004e-05,3.5762786865234375e-07,True,0.061865124851465225,0.43967390060424805,False,0.4996127188205719,10.0,0.21680806577205658,0.4528679847717285,False
isaac,hold,5,11,ramp_0.5,0.5,0.0,True,False,0.20808395743370056,0.0019256997620686889,3.891852975357324e-05,-5.841255187988281e-06,True,0.05067383497953415,0.4487431049346924,False,0.4895651042461395,10.0,0.21238736808300018,0.46398472785949707,False
isaac,hold,5,12,ramp_0.5,0.5,0.0,True,False,0.20679709315299988,0.002004005713388324,7.001206540735438e-05,1.1444091796875e-05,True,0.08553005754947662,0.46498966217041016,False,0.42343008518218994,10.0,0.26660215854644775,0.4822148084640503,False
isaac,hold,5,13,ramp_0.5,0.5,0.0,True,False,0.20618505775928497,0.002294359030202031,8.47680785227567e-05,1.430511474609375e-06,True,0.09272019565105438,0.45224738121032715,False,0.3252387046813965,10.0,0.2723044753074646,0.47066426277160645,False
isaac,hold,5,14,ramp_0.5,0.5,0.0,True,False,0.2819708585739136,0.002115255454555154,4.6551769628422335e-05,-9.715557098388672e-06,True,0.1261020451784134,0.39840322732925415,False,0.49823135137557983,10.0,0.294384628534317,0.4165228605270386,False
isaac,hold,5,15,ramp_0.5,0.5,0.0,False,False,0.2658195495605469,0.7877883911132812,3.4497907161712646,0.6204705238342285,False,1.4920790195465088,0.6581070423126221,True,1.7903962135314941,2.6000000000000014,1.6713950634002686,0.6400330066680908,False
isaac,hold,6,0,ramp_1.5,0.5,0.0,True,False,0.08318459242582321,0.001756114768795669,9.049214713741094e-05,9.5367431640625e-06,True,0.06244242191314697,0.4104670286178589,False,0.6964569687843323,10.0,0.45848509669303894,0.44543254375457764,False
isaac,hold,6,1,ramp_1.5,0.5,0.0,False,False,0.06591297686100006,0.587594211101532,0.32529234886169434,0.11490607261657715,False,0.8769991993904114,0.2508808374404907,False,1.3256103992462158,3.7,1.0015474557876587,0.28506791591644287,False
isaac,hold,6,2,ramp_1.5,0.5,0.0,False,False,0.055625028908252716,0.5469841957092285,0.40668171644210815,0.10338902473449707,False,0.7888790965080261,0.1738489866256714,False,1.22544527053833,2.42,0.8226335048675537,0.20842432975769043,False
isaac,hold,6,3,ramp_1.5,0.5,0.0,True,False,0.058648839592933655,0.0018006338505074382,6.222625233931467e-05,9.5367431640625e-07,True,0.03531757742166519,0.45397329330444336,False,0.6580935120582581,10.000000000000002,0.45306599140167236,0.487093448638916,False
isaac,hold,6,4,ramp_1.5,0.5,0.0,True,False,0.054223041981458664,0.002141313860192895,6.552888953592628e-05,-3.6954879760742188e-06,True,0.08057638257741928,0.42394599318504333,False,0.561761200428009,10.0,0.4961588680744171,0.4546118676662445,False
isaac,hold,6,5,ramp_1.5,0.5,0.0,True,False,0.12504436075687408,0.009224312379956245,0.007791030220687389,0.01388329267501831,True,0.1537485271692276,0.3774716258049011,False,0.7608764171600342,10.0,0.5314835906028748,0.40090125799179077,False
isaac,hold,6,6,ramp_1.5,0.5,0.0,True,False,0.13302847743034363,0.0010345082264393568,7.284129969775677e-05,1.8596649169921875e-05,True,1.2859046459197998,0.3791537284851074,False,1.937369465827942,10.0,1.7081443071365356,0.4055027961730957,False
isaac,hold,6,7,ramp_1.5,0.5,0.0,False,False,0.1107432097196579,0.7864915132522583,4.384748935699463,1.260746955871582,False,1.09486985206604,1.2716326713562012,False,1.5506863594055176,1.4800000000000004,1.4530092477798462,1.257448673248291,False
isaac,hold,6,8,ramp_1.5,0.5,0.0,False,False,0.08550629764795303,0.7761695384979248,20.668712615966797,-2.944366931915283,False,1.1145691871643066,2.936613082885742,False,1.5712953805923462,1.4200000000000008,1.4591606855392456,2.9506375789642334,False
isaac,hold,6,9,ramp_1.5,0.5,0.0,False,False,0.08758077770471573,0.8637523651123047,11.051247596740723,1.3609696626663208,False,1.0777575969696045,1.372338056564331,False,1.5458430051803589,1.4000000000000012,1.440556526184082,1.3506486415863037,False
isaac,hold,6,10,ramp_1.5,0.5,0.0,False,False,0.07846393436193466,0.7891598343849182,14.208056449890137,0.5083575248718262,False,0.963798463344574,1.4122484922409058,False,1.4265738725662231,1.3800000000000008,1.3021665811538696,1.437681794166565,False
isaac,hold,6,11,ramp_1.5,0.5,0.0,True,False,0.0683448314666748,0.0022981951478868723,3.1612224120181054e-05,2.384185791015625e-07,True,0.12762358784675598,0.38531494140625,False,0.6843357086181641,10.000000000000002,0.5383331179618835,0.4092797040939331,False
isaac,hold,6,12,ramp_1.5,0.5,0.0,True,False,0.10513448715209961,0.0018451219657436013,7.173672929638997e-05,3.6954879760742188e-06,True,0.07735761255025864,0.3990832567214966,False,0.5546687841415405,10.0,0.5004370808601379,0.42607223987579346,False
isaac,hold,6,13,ramp_1.5,0.5,0.0,True,False,0.1405850499868393,0.002261103130877018,8.642826287541538e-05,8.821487426757812e-06,True,0.07353449612855911,0.4050333499908447,False,0.6742136478424072,10.0,0.48973751068115234,0.4334115982055664,False
isaac,hold,6,14,ramp_1.5,0.5,0.0,True,False,0.12616917490959167,0.0019820542074739933,3.6085908504901454e-05,2.5033950805664062e-06,True,0.0756727010011673,0.3944936990737915,False,0.6845775246620178,10.0,0.4847883880138397,0.42191678285598755,False
isaac,hold,6,15,ramp_1.5,0.5,0.0,True,False,0.08485392481088638,0.001895523862913251,7.372449181275442e-05,-7.152557373046875e-07,True,0.0626482293009758,0.4108085632324219,False,0.6933439373970032,10.0,0.45996761322021484,0.4409620761871338,False
isaac,hold,7,0,direct,0.5,0.2,True,False,0.4968346953392029,0.0004930745344609022,0.00013836986909154803,-9.238719940185547e-06,True,0.9022371768951416,0.78128981590271,False,0.9653101563453674,10.0,0.9022371768951416,0.78128981590271,False
isaac,hold,7,1,direct,0.5,0.2,True,False,0.476813942193985,0.0017033248441293836,0.00011778554471675307,4.887580871582031e-06,True,0.7770934104919434,0.25242310762405396,False,0.8441545367240906,10.0,0.7770934104919434,0.25242310762405396,False
isaac,hold,7,2,direct,0.5,0.2,True,False,0.406722754240036,0.0012695534387603402,8.222353062592447e-05,-3.314018249511719e-05,True,0.9600300788879395,1.011837363243103,False,1.0985490083694458,10.0,0.9600300788879395,1.011837363243103,False
isaac,hold,7,3,direct,0.5,0.2,True,False,0.41971907019615173,0.001660318928770721,5.149547359906137e-05,-4.172325134277344e-06,True,0.7386991381645203,1.0146806240081787,False,0.7576491236686707,10.000000000000002,0.7386991381645203,1.0146806240081787,False
isaac,hold,7,4,direct,0.5,0.2,True,False,0.39890724420547485,0.0014463585102930665,4.454089867067523e-05,9.5367431640625e-07,True,1.0500184297561646,1.3834054470062256,False,1.111488699913025,10.0,1.0500184297561646,1.3834054470062256,False
isaac,hold,7,5,direct,0.5,0.2,True,False,0.405788391828537,0.0013220197288319468,3.496707358863205e-05,4.0531158447265625e-06,True,0.8503865003585815,1.1147395372390747,False,0.9414900541305542,10.0,0.8503865003585815,1.1147395372390747,False
isaac,hold,7,6,direct,0.5,0.2,False,False,0.40454789996147156,0.615774929523468,3.3685693740844727,-0.9351463317871094,False,2.01928448677063,1.4723479747772217,True,2.2979745864868164,4.68,2.01928448677063,1.4723479747772217,False
isaac,hold,7,7,direct,0.5,0.2,True,False,0.41264399886131287,0.006085078697651625,6.218101043486968e-05,2.384185791015625e-07,True,0.2741762101650238,0.20355010032653809,False,0.407262921333313,10.0,0.2741762101650238,0.20355010032653809,False
isaac,hold,7,8,direct,0.5,0.2,True,False,0.49817919731140137,0.00488925538957119,0.00016578490613028407,2.384185791015625e-05,True,0.6333726048469543,0.3750886917114258,False,0.6779816150665283,10.0,0.6333726048469543,0.3750886917114258,False
isaac,hold,7,9,direct,0.5,0.2,True,False,0.4953139126300812,0.0005565800238400698,5.371953375288285e-05,1.6689300537109375e-06,True,0.7856279015541077,0.46167898178100586,False,0.8194392323493958,10.0,0.7856279015541077,0.46167898178100586,False
isaac,hold,7,10,direct,0.5,0.2,True,False,0.4475758969783783,0.0015178859466686845,2.887311165977735e-05,1.1920928955078125e-06,True,0.8413136601448059,0.819868803024292,False,0.8776583671569824,10.0,0.8413136601448059,0.819868803024292,False
isaac,hold,7,11,direct,0.5,0.2,True,False,0.43068453669548035,0.0014692798722535372,2.6270534362993203e-05,3.2186508178710938e-06,True,1.029407024383545,0.9890275001525879,False,1.0954394340515137,10.0,1.029407024383545,0.9890275001525879,False
isaac,hold,7,12,direct,0.5,0.2,True,False,0.4307660758495331,0.0013346311170607805,4.497706322581507e-05,-7.987022399902344e-06,True,1.03571617603302,0.9432266354560852,False,1.0885692834854126,10.0,1.03571617603302,0.9432266354560852,False
isaac,hold,7,13,direct,0.5,0.2,True,False,0.42702487111091614,0.0015723621472716331,7.036537863314152e-05,-4.291534423828125e-06,True,1.095923662185669,0.9075520038604736,False,1.158513069152832,10.0,1.095923662185669,0.9075520038604736,False
isaac,hold,7,14,direct,0.5,0.2,True,False,0.416459858417511,0.0011387463891878724,4.137500582146458e-05,-2.6300549507141113e-06,True,0.6877028942108154,0.37154367566108704,False,0.7266961932182312,10.0,0.6877028942108154,0.37154367566108704,False
isaac,hold,7,15,direct,0.5,0.2,True,False,0.4924001693725586,0.0013112437445670366,0.0001406057272106409,-7.152557373046875e-06,True,0.9094805121421814,0.1992255449295044,False,0.9540994167327881,10.0,0.9094805121421814,0.1992255449295044,False
isaac,hold,8,0,ramp_0.5,0.5,0.2,True,False,0.24210618436336517,0.0012828209437429905,0.00012644192611332983,-5.9604644775390625e-06,True,1.169707179069519,0.4708390235900879,False,1.4200215339660645,10.0,1.342686414718628,0.419439435005188,False
isaac,hold,8,1,ramp_0.5,0.5,0.2,True,False,0.23209501802921295,0.0012934732949361205,0.00021349635790102184,-0.00018274784088134766,True,1.4254292249679565,1.7129944562911987,False,2.36983060836792,10.0,1.5932337045669556,1.7673137187957764,False
isaac,hold,8,2,ramp_0.5,0.5,0.2,True,False,0.232209712266922,0.0015269785653799772,9.846873581409454e-05,-1.4066696166992188e-05,True,0.8869990706443787,0.38345110416412354,False,1.1329346895217896,10.0,1.06125009059906,0.33100247383117676,False
isaac,hold,8,3,ramp_0.5,0.5,0.2,True,False,0.23624669015407562,0.0026060075033456087,9.675524051999673e-05,-1.5497207641601562e-06,True,0.8970149755477905,0.3821371793746948,False,1.1514668464660645,10.000000000000002,1.077031135559082,0.3270103931427002,False
isaac,hold,8,4,ramp_0.5,0.5,0.2,True,False,0.2659696638584137,0.00190130271948874,5.6660897826077417e-05,1.9073486328125e-06,True,0.08607502281665802,0.343009352684021,False,0.30286705493927,10.0,0.26750317215919495,0.2839350700378418,False
isaac,hold,8,5,ramp_0.5,0.5,0.2,True,False,0.2996452748775482,0.0020476391073316336,3.3930667996173725e-05,-2.5033950805664062e-06,True,0.10189375281333923,0.36915159225463867,False,0.39452075958251953,10.0,0.28811922669410706,0.31280791759490967,False
isaac,hold,8,6,ramp_0.5,0.5,0.2,True,False,0.2632652819156647,0.0023462383542209864,4.832851482206024e-05,1.9073486328125e-06,True,0.10766208916902542,0.4053366184234619,False,0.4663153290748596,10.0,0.2787902355194092,0.3471102714538574,False
isaac,hold,8,7,ramp_0.5,0.5,0.2,True,False,0.24413569271564484,0.002154241083189845,0.00011079170508310199,5.245208740234375e-06,True,0.09747263044118881,0.4319753646850586,False,0.45326754450798035,10.000000000000002,0.2627483606338501,0.3811218738555908,False
isaac,hold,8,8,ramp_0.5,0.5,0.2,False,False,0.2095584273338318,0.5871762037277222,0.34002673625946045,0.09543466567993164,False,0.8792550563812256,0.22514104843139648,False,1.0905301570892334,3.320000000000001,0.8921731114387512,0.17596197128295898,False
isaac,hold,8,9,ramp_0.5,0.5,0.2,True,False,0.22062700986862183,0.0018488900968804955,5.0381102482788265e-05,-4.76837158203125e-07,True,0.07629265636205673,0.43924808502197266,False,0.4809150993824005,10.0,0.23831051588058472,0.387601375579834,False
isaac,hold,8,10,ramp_0.5,0.5,0.2,True,False,0.22173649072647095,0.0023378620389848948,4.873891157330945e-05,3.5762786865234375e-07,True,0.051427748054265976,0.4538264870643616,False,0.5014143586158752,10.0,0.21877974271774292,0.40981751680374146,False
isaac,hold,8,11,ramp_0.5,0.5,0.2,True,False,0.21966035664081573,0.002128172665834427,5.4793305025668815e-05,1.4901161193847656e-06,True,0.09068799018859863,0.46830081939697266,False,0.42299315333366394,10.0,0.27644941210746765,0.42841556668281555,False
isaac,hold,8,12,ramp_0.5,0.5,0.2,True,False,0.2223021686077118,0.002164128003641963,8.728480315767229e-05,7.867813110351562e-06,True,0.08889893442392349,0.46795588731765747,False,0.42665383219718933,10.0,0.2749342620372772,0.42480796575546265,False
isaac,hold,8,13,ramp_0.5,0.5,0.2,True,False,0.2259666919708252,0.0020489583257585764,8.735126903047785e-05,-9.059906005859375e-06,True,0.0921846479177475,0.45992159843444824,False,0.31902238726615906,10.0,0.27649325132369995,0.4208965301513672,False
isaac,hold,8,14,ramp_0.5,0.5,0.2,True,False,0.2621675431728363,0.001328458427451551,3.398218905203976e-05,-9.4585120677948e-06,True,1.239788293838501,0.34143441915512085,False,1.494210124015808,10.0,1.418992042541504,0.2956331968307495,False
isaac,hold,8,15,ramp_0.5,0.5,0.2,True,False,0.2456110417842865,0.0011062314733862877,9.963884804164991e-05,0.0,True,1.4743322134017944,1.0530660152435303,False,1.9888112545013428,10.0,1.6575374603271484,1.1020989418029785,False
isaac,hold,9,0,ramp_1.5,0.5,0.2,False,False,0.0637526661157608,0.5794175863265991,0.3867376744747162,0.0706406831741333,False,0.8310235142707825,0.193445086479187,False,1.274929404258728,2.6800000000000006,0.8545688986778259,0.17036068439483643,False
isaac,hold,9,1,ramp_1.5,0.5,0.2,False,False,0.061324071139097214,0.5772960186004639,0.3895387351512909,0.07234323024749756,False,0.7941489219665527,0.16145581007003784,False,1.2412511110305786,2.2600000000000007,0.790004312992096,0.19910573959350586,False
isaac,hold,9,2,ramp_1.5,0.5,0.2,True,False,0.05808890610933304,0.0023061458487063646,0.00015502200403716415,-5.9604644775390625e-06,True,0.07865512371063232,0.43557727336883545,False,0.6132685542106628,10.000000000000002,0.5061342120170593,0.2883197069168091,False
isaac,hold,9,3,ramp_1.5,0.5,0.2,True,False,0.05560050532221794,0.0020172512158751488,6.636497710132971e-05,0.0,True,0.08151852339506149,0.4133000373840332,False,0.6004486083984375,10.000000000000002,0.513412594795227,0.2740938663482666,False
isaac,hold,9,4,ramp_1.5,0.5,0.2,True,False,0.14110346138477325,0.001356036402285099,0.00011071070184698328,4.887580871582031e-06,True,0.8983340263366699,0.366235613822937,False,1.4299285411834717,10.0,1.3170146942138672,0.2637784481048584,False
isaac,hold,9,5,ramp_1.5,0.5,0.2,True,False,0.1396842896938324,0.0022426003124564886,5.164979302207939e-05,1.2755393981933594e-05,True,0.8983725309371948,0.35456836223602295,False,1.5119582414627075,10.0,1.3277755975723267,0.21423125267028809,False
isaac,hold,9,6,ramp_1.5,0.5,0.2,False,False,0.11227793991565704,0.732918381690979,5.887914180755615,1.4404759407043457,False,1.0380057096481323,1.4295380115509033,False,1.499085783958435,1.4600000000000009,1.403817892074585,1.5773327350616455,False
isaac,hold,9,7,ramp_1.5,0.5,0.2,False,False,0.09192598611116409,0.8905472159385681,8.859272956848145,-3.9047605991363525,False,1.197754144668579,3.913370132446289,False,1.6845703125,1.4600000000000009,1.594284176826477,3.7769856452941895,False
isaac,hold,9,8,ramp_1.5,0.5,0.2,False,False,0.07499182969331741,0.8659517168998718,3.3526217937469482,-1.5654058456420898,False,1.165948510169983,1.5630302429199219,False,1.6893792152404785,1.7199999999999998,1.581668496131897,1.4213528633117676,False
isaac,hold,9,9,ramp_1.5,0.5,0.2,False,False,0.08912494778633118,0.8877290487289429,7.549802780151367,-3.4898390769958496,False,1.2072358131408691,3.5030174255371094,False,1.692400336265564,1.46,1.6037622690200806,3.3540775775909424,False
isaac,hold,9,10,ramp_1.5,0.5,0.2,True,False,0.06714217364788055,0.0017765490338206291,4.08510459237732e-05,2.086162567138672e-06,True,0.08576008677482605,0.40170660614967346,False,0.594791054725647,10.000000000000002,0.5219804048538208,0.25801753997802734,False
isaac,hold,9,11,ramp_1.5,0.5,0.2,True,False,0.15314970910549164,0.0017846530536189675,4.478602568269707e-05,4.0531158447265625e-06,True,0.07320769131183624,0.37685996294021606,False,0.6061834692955017,10.000000000000002,0.5080391764640808,0.23404350876808167,False
isaac,hold,9,12,ramp_1.5,0.5,0.2,True,False,0.11073954403400421,0.0019182080868631601,9.246474655810744e-05,-8.821487426757812e-06,True,0.08018303662538528,0.4016731381416321,False,0.5657879710197449,10.0,0.5139744877815247,0.270734965801239,False
isaac,hold,9,13,ramp_1.5,0.5,0.2,True,False,0.13859744369983673,0.0024378986563533545,0.00011626952618826181,4.76837158203125e-06,True,0.06789819151163101,0.4058361053466797,False,0.6904270648956299,10.0,0.4970563054084778,0.277083158493042,False
isaac,hold,9,14,ramp_1.5,0.5,0.2,True,False,0.08210331201553345,0.0019655534997582436,3.9795366319594905e-05,-1.9650906324386597e-07,True,0.05723755806684494,0.4227200746536255,False,0.7088984847068787,10.0,0.46459734439849854,0.29089194536209106,False
isaac,hold,9,15,ramp_1.5,0.5,0.2,False,False,0.06651314347982407,0.5764519572257996,0.3502183258533478,0.0711355209350586,False,0.8548429012298584,0.16826379299163818,False,1.3058176040649414,2.8000000000000007,0.8961887955665588,0.17117488384246826,False
isaac,hold,10,0,direct,1.0,-0.2,True,False,0.8678512573242188,0.0007975201588124037,9.262058301828802e-05,2.384185791015625e-07,True,1.453645944595337,0.6561813354492188,False,1.5072523355484009,10.0,1.453645944595337,0.6561813354492188,False
isaac,hold,10,1,direct,1.0,-0.2,True,False,0.8732320666313171,0.0015841329004615545,0.00015051363152451813,-1.430511474609375e-06,True,1.1929601430892944,0.6759977340698242,False,1.2230809926986694,10.0,1.1929601430892944,0.6759977340698242,False
isaac,hold,10,2,direct,1.0,-0.2,False,False,0.8750936985015869,1.0610517263412476,3.4817581176757812,-0.8275981545448303,False,1.055687665939331,0.6156083345413208,False,1.1115533113479614,1.0200000000000005,1.055687665939331,0.6156083345413208,False
isaac,hold,10,3,direct,1.0,-0.2,True,False,0.922489583492279,0.0009647367405705154,3.767861926462501e-05,9.5367431640625e-07,True,0.7112289071083069,0.3580167293548584,False,0.7388741374015808,10.000000000000002,0.7112289071083069,0.3580167293548584,False
isaac,hold,10,4,direct,1.0,-0.2,False,False,0.888411819934845,1.0749605894088745,8.038044929504395,0.8967835307121277,False,0.9397974014282227,1.1575398445129395,False,0.9579722881317139,0.8000000000000007,0.9397974014282227,1.1575398445129395,False
isaac,hold,10,5,direct,1.0,-0.2,False,False,0.8639471530914307,1.0886870622634888,2.7837321758270264,-1.4846371412277222,False,0.5661458969116211,1.1757570505142212,False,0.5695963501930237,0.5600000000000005,0.5661458969116211,1.1757570505142212,False
isaac,hold,10,6,direct,1.0,-0.2,False,False,0.8571696877479553,0.9735981225967407,2.913270950317383,-1.4205818176269531,False,0.5422136187553406,1.0950939655303955,False,0.545039713382721,0.5600000000000005,0.5422136187553406,1.0950939655303955,False
isaac,hold,10,7,direct,1.0,-0.2,False,False,0.8535124063491821,1.045552372932434,4.687581539154053,-1.948972463607788,False,0.8240456581115723,1.661570429801941,False,0.8417284488677979,0.7200000000000006,0.8240456581115723,1.661570429801941,False
isaac,hold,10,8,direct,1.0,-0.2,False,False,0.8579575419425964,1.26115083694458,3.7168915271759033,-1.16880202293396,False,1.057803750038147,0.9703917503356934,False,1.0835005044937134,0.8399999999999999,1.057803750038147,0.9703917503356934,False
isaac,hold,10,9,direct,1.0,-0.2,False,False,0.860237717628479,1.2459540367126465,5.17563533782959,-1.1899992227554321,False,1.3986738920211792,0.9948104619979858,False,1.4118822813034058,1.1000000000000005,1.3986738920211792,0.9948104619979858,False
isaac,hold,10,10,direct,1.0,-0.2,False,False,0.8647887706756592,0.615472137928009,0.4494798481464386,-0.4332699179649353,False,0.6757896542549133,0.72542804479599,False,2.066129684448242,4.5600000000000005,0.6757896542549133,0.72542804479599,False
isaac,hold,10,11,direct,1.0,-0.2,False,False,0.8951650857925415,0.9797322750091553,4.007341384887695,-2.2200775146484375,False,0.6974915862083435,1.933565378189087,False,0.7117233872413635,0.7000000000000011,0.6974915862083435,1.933565378189087,False
isaac,hold,10,12,direct,1.0,-0.2,True,False,0.8864083290100098,0.002550194738432765,0.00020764191867783666,2.3603439331054688e-05,True,1.151323914527893,0.7373621463775635,False,1.1666558980941772,10.0,1.151323914527893,0.7373621463775635,False
isaac,hold,10,13,direct,1.0,-0.2,True,False,0.8705917000770569,0.0020478905644267797,0.000134540896397084,6.67572021484375e-06,True,1.1752841472625732,0.4110372066497803,False,1.2092100381851196,10.0,1.1752841472625732,0.4110372066497803,False
isaac,hold,10,14,direct,1.0,-0.2,True,False,0.8566808104515076,0.0004413320275489241,4.631219053408131e-05,-1.8596649169921875e-05,True,1.4331446886062622,0.3038148283958435,False,1.568312644958496,10.0,1.4331446886062622,0.3038148283958435,False
isaac,hold,10,15,direct,1.0,-0.2,True,False,0.860892653465271,0.0012882198207080364,0.00010506205580895767,-5.7220458984375e-06,True,1.143156886100769,0.3665924072265625,False,1.172534704208374,10.0,1.143156886100769,0.3665924072265625,False
isaac,hold,11,0,ramp_0.5,1.0,-0.2,True,False,0.5031760931015015,0.0022477256134152412,0.0001488970738137141,-1.1920928955078125e-05,True,0.11462555825710297,0.4537796974182129,False,0.7023230791091919,10.0,0.49094539880752563,0.5333590507507324,False
isaac,hold,11,1,ramp_0.5,1.0,-0.2,True,False,0.5028342008590698,0.0020348343532532454,0.00012965731730218977,4.76837158203125e-07,True,0.10957721620798111,0.47825169563293457,False,0.6312369704246521,10.0,0.48721426725387573,0.5614745616912842,False
isaac,hold,11,2,ramp_0.5,1.0,-0.2,True,False,0.5210325121879578,0.001140160602517426,0.0002257421292597428,0.00021557509899139404,True,0.11186200380325317,0.4513918161392212,False,0.711330235004425,10.0,0.4799154996871948,0.5331801772117615,False
isaac,hold,11,3,ramp_0.5,1.0,-0.2,False,False,0.5500385761260986,0.7997466325759888,4.750823020935059,-1.1652185916900635,False,1.2020487785339355,2.028676748275757,False,1.6022255420684814,1.8400000000000007,1.550660252571106,2.112973690032959,False
isaac,hold,11,4,ramp_0.5,1.0,-0.2,True,False,0.5460658669471741,0.0009436805848963559,0.00013848746311850846,-6.4820051193237305e-06,True,0.8286213874816895,0.42977893352508545,False,1.2774063348770142,10.0,1.2038882970809937,0.5148305296897888,False
isaac,hold,11,5,ramp_0.5,1.0,-0.2,True,False,0.5116746425628662,0.001417080289684236,9.377831884194165e-05,5.781650543212891e-06,True,1.4005643129348755,0.4544835090637207,False,1.9297634363174438,10.0,1.7696969509124756,0.5328552722930908,False
isaac,hold,11,6,ramp_0.5,1.0,-0.2,False,False,0.504436731338501,0.8088380694389343,14.16890811920166,-3.8454294204711914,False,0.8560285568237305,3.688093900680542,False,1.254313588142395,1.1400000000000006,1.1670055389404297,3.7630765438079834,False
isaac,hold,11,7,ramp_0.5,1.0,-0.2,True,False,0.5032216310501099,0.0014403235400095582,6.272453174460679e-05,-3.814697265625e-06,True,1.249131441116333,0.3680814504623413,False,1.7768075466156006,10.000000000000002,1.6124284267425537,0.43208324909210205,False
isaac,hold,11,8,ramp_0.5,1.0,-0.2,True,False,0.519578218460083,0.002104259794577956,0.00012765599240083247,-1.6689300537109375e-06,True,0.1817251294851303,0.35782909393310547,False,0.7142026424407959,10.0,0.54926598072052,0.41910314559936523,False
isaac,hold,11,9,ramp_0.5,1.0,-0.2,True,False,0.541344165802002,0.0021605065558105707,4.7997124056564644e-05,-2.0265579223632812e-06,True,0.15637382864952087,0.4004387855529785,False,0.6440253853797913,10.0,0.5290352702140808,0.4642298221588135,False
isaac,hold,11,10,ramp_0.5,1.0,-0.2,True,False,0.5169578194618225,0.001266530598513782,4.6707355068065226e-05,-2.5033950805664062e-06,True,0.17493891716003418,0.4307917356491089,False,0.7300875782966614,10.0,0.5477819442749023,0.49713706970214844,False
isaac,hold,11,11,ramp_0.5,1.0,-0.2,True,False,0.48238328099250793,0.0019357051933184266,3.5900222428608686e-05,-2.6226043701171875e-06,True,0.15405210852622986,0.45923566818237305,False,0.6781179308891296,10.0,0.5187144875526428,0.5314538478851318,False
isaac,hold,11,12,ramp_0.5,1.0,-0.2,True,False,0.4593155086040497,0.002477609319612384,0.000184178541530855,1.8358230590820312e-05,True,0.12847962975502014,0.45404481887817383,False,0.6702515482902527,10.0,0.4887697696685791,0.5271463394165039,False
isaac,hold,11,13,ramp_0.5,1.0,-0.2,True,False,0.4705149531364441,0.0019322116859257221,0.00010146665590582415,2.9802322387695312e-06,True,0.12088580429553986,0.4514840841293335,False,0.7009270191192627,10.0,0.48924168944358826,0.5260764360427856,False
isaac,hold,11,14,ramp_0.5,1.0,-0.2,True,False,0.4869500994682312,0.0016450034454464912,3.826224565273151e-05,1.3113021850585938e-06,True,0.11735215038061142,0.4314512014389038,False,0.7402651309967041,10.0,0.4883275628089905,0.5106573104858398,False
isaac,hold,11,15,ramp_0.5,1.0,-0.2,True,False,0.5019615888595581,0.0017567480681464076,0.0001268765627173707,7.867813110351562e-06,True,0.12043233215808868,0.4700803756713867,False,0.8144810795783997,10.0,0.49665892124176025,0.5530636310577393,False
isaac,hold,12,0,ramp_1.5,1.0,-0.2,False,False,0.17018258571624756,0.7929092645645142,8.447386741638184,-2.5144143104553223,False,1.1733330488204956,2.467258930206299,False,2.086172103881836,1.46,1.9047162532806396,2.673767566680908,False
isaac,hold,12,1,ramp_1.5,1.0,-0.2,False,False,0.16105952858924866,0.7746742367744446,4.0710906982421875,-1.13161301612854,False,1.1424739360809326,1.8398768901824951,False,2.082549810409546,2.3600000000000003,1.9636510610580444,2.046776294708252,False
isaac,hold,12,2,ramp_1.5,1.0,-0.2,True,False,0.17846311628818512,0.0021172636188566685,0.00011684903438435867,-8.858740329742432e-06,True,0.09598090499639511,0.40374279022216797,False,1.0182632207870483,10.000000000000002,0.972791850566864,0.6029481291770935,False
isaac,hold,12,3,ramp_1.5,1.0,-0.2,True,False,0.20597057044506073,0.0017147602047771215,2.8616130293812603e-05,-2.384185791015625e-06,True,0.07022377848625183,0.40572118759155273,False,1.1396178007125854,10.000000000000002,0.9456275701522827,0.6048367023468018,False
isaac,hold,12,4,ramp_1.5,1.0,-0.2,True,False,0.20337937772274017,0.0023609655909240246,7.310971705010161e-05,-1.1920928955078125e-06,True,0.08977726846933365,0.4128987491130829,False,1.153412938117981,10.0,0.9602066278457642,0.614621102809906,False
isaac,hold,12,5,ramp_1.5,1.0,-0.2,True,False,0.17392967641353607,0.00209928210824728,8.153246017172933e-05,-7.227063179016113e-06,True,0.08138951659202576,0.4309731721878052,False,1.138277530670166,10.0,0.9374582171440125,0.6308797597885132,False
isaac,hold,12,6,ramp_1.5,1.0,-0.2,True,False,0.1813555806875229,0.002036947989836335,7.984256080817431e-05,9.5367431640625e-07,True,0.07997830212116241,0.42646539211273193,False,1.150486946105957,10.0,0.9442374110221863,0.6266826391220093,False
isaac,hold,12,7,ramp_1.5,1.0,-0.2,True,False,0.15836243331432343,0.0017528570024296641,0.00013323449820745736,-6.198883056640625e-06,True,0.06666258722543716,0.4364859461784363,False,1.1781774759292603,10.0,0.924444317817688,0.6335936188697815,False
isaac,hold,12,8,ramp_1.5,1.0,-0.2,True,False,0.1532251536846161,0.0016490616835653782,0.00011590592475840822,2.384185791015625e-05,True,0.05301836505532265,0.44579601287841797,False,1.2100300788879395,10.0,0.9084550142288208,0.6424999237060547,False
isaac,hold,12,9,ramp_1.5,1.0,-0.2,True,False,0.15418262779712677,0.0017196449916809797,5.402071474236436e-05,2.3245811462402344e-06,True,0.045443326234817505,0.4457329511642456,False,1.1585066318511963,10.0,0.9131758809089661,0.6481510400772095,False
isaac,hold,12,10,ramp_1.5,1.0,-0.2,True,False,0.14849723875522614,0.00179852859582752,4.880652704741806e-05,2.384185791015625e-07,True,0.07808300852775574,0.460202693939209,False,1.1118693351745605,10.000000000000002,0.9621756076812744,0.6585655212402344,False
isaac,hold,12,11,ramp_1.5,1.0,-0.2,True,False,0.15226007997989655,0.0021778931841254234,3.597852264647372e-05,4.76837158203125e-07,True,0.08268000930547714,0.46484947204589844,False,1.0150419473648071,10.000000000000002,0.9625480771064758,0.6690483093261719,False
isaac,hold,12,12,ramp_1.5,1.0,-0.2,False,False,0.21758981049060822,0.5272694826126099,13.320388793945312,-4.071358680725098,False,0.5813902616500854,4.0252885818481445,False,1.4861055612564087,1.4200000000000008,1.3408318758010864,4.228397846221924,False
isaac,hold,12,13,ramp_1.5,1.0,-0.2,True,False,0.2054545134305954,0.0024122402537614107,9.508115181233734e-05,-2.6226043701171875e-06,True,1.422454833984375,0.4456603527069092,False,2.385019540786743,10.0,2.284905195236206,0.6533169746398926,False
isaac,hold,12,14,ramp_1.5,1.0,-0.2,False,False,0.21031203866004944,0.8864255547523499,3.580353260040283,0.26343458890914917,False,1.1766303777694702,0.6076604127883911,False,2.0932259559631348,1.58,1.9710482358932495,0.8150665760040283,False
isaac,hold,12,15,ramp_1.5,1.0,-0.2,False,False,0.18728287518024445,0.9816404581069946,7.758841037750244,-1.6367239952087402,False,1.4727474451065063,2.3271806240081787,False,2.416114330291748,1.620000000000001,2.2756478786468506,2.539785146713257,False
isaac,hold,13,0,direct,1.0,0.0,True,False,0.8631303310394287,0.0011878693476319313,0.00010928930714726448,-7.152557373046875e-06,True,1.3957945108413696,0.5858243703842163,False,1.4644941091537476,10.0,1.3957945108413696,0.5858243703842163,False
isaac,hold,13,1,direct,1.0,0.0,False,False,0.8669886589050293,0.9638801217079163,3.825340747833252,1.3013572692871094,False,1.4088398218154907,1.475522756576538,False,1.6812970638275146,1.7600000000000007,1.4088398218154907,1.475522756576538,False
isaac,hold,13,2,direct,1.0,0.0,False,False,0.8707819581031799,1.0876034498214722,3.3818254470825195,-0.18245363235473633,False,1.019741177558899,0.4558074474334717,False,1.0792980194091797,0.96,1.019741177558899,0.4558074474334717,False
isaac,hold,13,3,direct,1.0,0.0,True,False,0.9269408583641052,0.0007053467561490834,3.6905159504385665e-05,1.9073486328125e-06,True,0.7076806426048279,0.33330702781677246,False,0.7389737367630005,10.000000000000002,0.7076806426048279,0.33330702781677246,False
isaac,hold,13,4,direct,1.0,0.0,False,False,0.8833882212638855,1.0413168668746948,3.2452902793884277,-0.43203386664390564,False,0.8657116889953613,0.6397002935409546,False,0.8912216424942017,0.7600000000000007,0.8657116889953613,0.6397002935409546,False
isaac,hold,13,5,direct,1.0,0.0,False,False,0.863554835319519,1.0660936832427979,3.6066396236419678,-1.174379587173462,False,0.6872664093971252,1.1413230895996094,False,0.6913481950759888,0.6400000000000006,0.6872664093971252,1.1413230895996094,False
isaac,hold,13,6,direct,1.0,0.0,False,False,0.8484899997711182,1.0047796964645386,3.8634896278381348,-1.1257433891296387,False,0.7484753727912903,1.0929815769195557,False,0.7621384263038635,0.6800000000000006,0.7484753727912903,1.0929815769195557,False
isaac,hold,13,7,direct,1.0,0.0,False,False,0.8446647524833679,1.200039267539978,2.6393518447875977,-1.195268154144287,False,0.8840582370758057,1.1770856380462646,False,0.907417893409729,0.7400000000000011,0.8840582370758057,1.1770856380462646,False
isaac,hold,13,8,direct,1.0,0.0,False,False,0.8491160869598389,1.2306793928146362,3.609558582305908,-0.8783230781555176,False,1.0173687934875488,0.847888708114624,False,1.038232684135437,0.8600000000000003,1.0173687934875488,0.847888708114624,False
isaac,hold,13,9,direct,1.0,0.0,False,False,0.8555880188941956,0.7772811651229858,2.700955867767334,-1.394279956817627,False,2.527872323989868,1.0205825567245483,True,2.6317739486694336,3.2,2.527872323989868,1.0205825567245483,False
isaac,hold,13,10,direct,1.0,0.0,True,False,0.8569758534431458,0.001483157859183848,5.621604577754624e-05,-3.814697265625e-06,True,1.190454125404358,0.5285344123840332,False,1.211995005607605,10.0,1.190454125404358,0.5285344123840332,False
isaac,hold,13,11,direct,1.0,0.0,False,False,0.9030385613441467,0.9978651404380798,4.507003307342529,-1.7908620834350586,False,0.5716033577919006,1.7555896043777466,False,0.5777884721755981,0.6400000000000006,0.5716033577919006,1.7555896043777466,False
isaac,hold,13,12,direct,1.0,0.0,True,False,0.885903000831604,0.0017407594714313745,8.465180872008204e-05,-5.4836273193359375e-06,True,0.8948361277580261,0.549368143081665,False,0.9360834956169128,10.0,0.8948361277580261,0.549368143081665,False
isaac,hold,13,13,direct,1.0,0.0,True,False,0.8639829158782959,0.0021321966778486967,7.364810880972072e-05,-2.1219253540039062e-05,True,1.2964224815368652,0.3667628765106201,False,1.3234277963638306,10.0,1.2964224815368652,0.3667628765106201,False
isaac,hold,13,14,direct,1.0,0.0,True,False,0.8555709719657898,0.0006369191105477512,2.8181060770293698e-05,-2.384185791015625e-06,True,1.1320239305496216,0.3073617219924927,False,1.1808907985687256,10.0,1.1320239305496216,0.3073617219924927,False
isaac,hold,13,15,direct,1.0,0.0,True,False,0.8604903817176819,0.0012137475423514843,0.00013114631292410195,3.24249267578125e-05,True,1.1271475553512573,0.31905150413513184,False,1.165441632270813,10.0,1.1271475553512573,0.31905150413513184,False
isaac,hold,14,0,ramp_0.5,1.0,0.0,True,False,0.504906415939331,0.0024311139713972807,0.00013433680578600615,7.867813110351562e-06,True,0.11937020719051361,0.45979857444763184,False,0.6758522987365723,10.0,0.4956956207752228,0.4864550828933716,False
isaac,hold,14,1,ramp_0.5,1.0,0.0,True,False,0.49731433391571045,0.0023189042694866657,0.00013396971917245537,1.9073486328125e-06,True,0.11369749903678894,0.47101569175720215,False,0.6315833330154419,10.0,0.48906752467155457,0.4983741044998169,False
isaac,hold,14,2,ramp_0.5,1.0,0.0,True,False,0.5576145648956299,0.0004812310799024999,0.00012450618669390678,-2.6106834411621094e-05,True,0.9130929708480835,0.4695405960083008,False,1.3689441680908203,10.0,1.2763866186141968,0.43875741958618164,False
isaac,hold,14,3,ramp_0.5,1.0,0.0,True,False,0.5438206791877747,0.001275037880986929,4.215519584249705e-05,-3.337860107421875e-06,True,0.8253946900367737,0.3072783946990967,False,1.2718156576156616,10.000000000000002,1.199697494506836,0.3397176265716553,False
isaac,hold,14,4,ramp_0.5,1.0,0.0,True,False,0.5096397399902344,0.0013785482151433825,9.48547458392568e-05,-1.9669532775878906e-06,True,1.207688331604004,0.31474363803863525,False,1.6596871614456177,10.0,1.5786445140838623,0.3428521752357483,False
isaac,hold,14,5,ramp_0.5,1.0,0.0,True,False,0.4930671751499176,0.0008523282594978809,6.894126272527501e-05,1.537799835205078e-05,True,1.55320405960083,0.5467389822006226,False,2.133321762084961,10.0,1.9272394180297852,0.5215173959732056,False
isaac,hold,14,6,ramp_0.5,1.0,0.0,True,False,0.49129799008369446,0.002123601268976927,7.172201731009409e-05,2.384185791015625e-06,True,1.4987692832946777,0.5829386711120605,False,1.9553781747817993,10.0,1.8572673797607422,0.6022496223449707,False
isaac,hold,14,7,ramp_0.5,1.0,0.0,True,False,0.4995850622653961,0.0013156889472156763,8.004276605788618e-05,-6.556510925292969e-06,True,0.7657612562179565,0.3806110620498657,False,1.234514594078064,10.000000000000002,1.1367138624191284,0.392583966255188,False
isaac,hold,14,8,ramp_0.5,1.0,0.0,True,False,0.521079421043396,0.0026403521187603474,9.64165446930565e-05,-4.0531158447265625e-06,True,0.14100024104118347,0.2790076732635498,False,0.6527447700500488,10.0,0.5117849707603455,0.2869398593902588,False
isaac,hold,14,9,ramp_0.5,1.0,0.0,True,False,0.5527971982955933,0.0020333523862063885,5.9545600379351526e-05,8.225440979003906e-06,True,0.1434248387813568,0.3723435401916504,False,0.611814022064209,10.0,0.5164220333099365,0.37722527980804443,False
isaac,hold,14,10,ramp_0.5,1.0,0.0,True,False,0.4973441958427429,0.0012842187425121665,7.71220147726126e-05,-2.384185791015625e-06,True,0.17690348625183105,0.42465561628341675,False,0.7392927408218384,10.0,0.5430198907852173,0.4326677918434143,False
isaac,hold,14,11,ramp_0.5,1.0,0.0,True,False,0.4753573536872864,0.0024442367721349,4.163463381701149e-05,3.0994415283203125e-06,True,0.15612688660621643,0.44816267490386963,False,0.6775062084197998,10.0,0.5129287242889404,0.4629861116409302,False
isaac,hold,14,12,ramp_0.5,1.0,0.0,True,False,0.4637230336666107,0.0023629521019756794,9.12373507162556e-05,-1.6570091247558594e-05,True,0.13915275037288666,0.4439430236816406,False,0.6867181658744812,10.0,0.49684739112854004,0.4567854404449463,False
isaac,hold,14,13,ramp_0.5,1.0,0.0,True,False,0.47361141443252563,0.0018450318602845073,9.068629879038781e-05,7.152557373046875e-07,True,0.11914446949958801,0.44846487045288086,False,0.7218027114868164,10.0,0.4804021120071411,0.4664473533630371,False
isaac,hold,14,14,ramp_0.5,1.0,0.0,False,False,0.48660025000572205,0.6135925054550171,0.3240942060947418,0.1551923155784607,False,0.9248286485671997,0.18293610215187073,False,1.366323709487915,3.5999999999999996,1.0473179817199707,0.20504719018936157,False
isaac,hold,14,15,ramp_0.5,1.0,0.0,False,False,0.5021872520446777,0.6000953912734985,0.31642594933509827,0.07066059112548828,False,0.8890399932861328,0.12810397148132324,False,1.3377361297607422,3.08,0.9942893385887146,0.15492558479309082,False
isaac,hold,15,0,ramp_1.5,1.0,0.0,False,False,0.1754341870546341,0.8505292534828186,8.477237701416016,1.5892466306686401,False,1.132803201675415,1.6095961332321167,False,2.054368257522583,1.4400000000000004,1.9081448316574097,1.5608580112457275,False
isaac,hold,15,1,ramp_1.5,1.0,0.0,True,False,0.16721530258655548,0.0037643734831362963,9.441847942071036e-05,-2.384185791015625e-06,True,1.2251418828964233,1.5661070346832275,False,2.220524787902832,10.000000000000004,2.065701484680176,1.620935082435608,False
isaac,hold,15,2,ramp_1.5,1.0,0.0,True,False,0.16451379656791687,0.001990955788642168,0.00016985615366138518,-1.0132789611816406e-05,True,0.09644059091806412,0.40231865644454956,False,1.022934913635254,10.000000000000002,0.9770752191543579,0.4567381739616394,False
isaac,hold,15,3,ramp_1.5,1.0,0.0,True,False,0.23954057693481445,0.0022390803787857294,5.400687950896099e-05,-1.1920928955078125e-06,True,0.09171655029058456,0.3755629062652588,False,1.0884008407592773,10.000000000000002,0.9710144996643066,0.42467522621154785,False
isaac,hold,15,4,ramp_1.5,1.0,0.0,True,False,0.21506479382514954,0.00231301155872643,7.715194078627974e-05,-3.039836883544922e-06,True,0.09555802494287491,0.4164973795413971,False,1.1485401391983032,10.0,0.9623581767082214,0.4686497151851654,False
isaac,hold,15,5,ramp_1.5,1.0,0.0,True,False,0.1766297072172165,0.0019807503558695316,8.46138791530393e-05,1.1920928955078125e-06,True,0.08014571666717529,0.43394798040390015,False,1.1362102031707764,10.0,0.9350292682647705,0.4849366545677185,False
isaac,hold,15,6,ramp_1.5,1.0,0.0,True,False,0.1510879397392273,0.0018351470353081822,7.660718983970582e-05,-2.6226043701171875e-06,True,0.06154897063970566,0.4392986297607422,False,1.1720702648162842,10.0,0.9140664935112,0.48760080337524414,False
isaac,hold,15,7,ramp_1.5,1.0,0.0,True,False,0.15461844205856323,0.0018842928111553192,6.22771040070802e-05,-9.5367431640625e-07,True,0.058512844145298004,0.43989455699920654,False,1.1932624578475952,10.0,0.9069244861602783,0.48414838314056396,False
isaac,hold,15,8,ramp_1.5,1.0,0.0,False,False,0.1622435450553894,0.5489220023155212,0.40971216559410095,0.09150958061218262,False,0.7949399352073669,0.1889505386352539,False,1.69351065158844,2.500000000000001,1.1147562265396118,0.23941946029663086,False
isaac,hold,15,9,ramp_1.5,1.0,0.0,True,False,0.16584959626197815,0.0020200812723487616,7.914341404102743e-05,3.2186508178710938e-06,True,0.042062774300575256,0.4495466947555542,False,1.145518183708191,10.0,0.9101321697235107,0.4917597770690918,False
isaac,hold,15,10,ramp_1.5,1.0,0.0,True,False,0.15884776413440704,0.001758886151947081,6.420712452381849e-05,4.5299530029296875e-06,True,0.08442825078964233,0.4467403292655945,False,1.058799386024475,10.000000000000002,0.9618523120880127,0.492652952671051,False
isaac,hold,15,11,ramp_1.5,1.0,0.0,True,False,0.1922212839126587,0.0023203797172755003,5.265475920168683e-05,-1.5497207641601562e-06,True,0.08750608563423157,0.43681037425994873,False,1.0310951471328735,10.000000000000002,0.9592377543449402,0.4758021831512451,False
isaac,hold,15,12,ramp_1.5,1.0,0.0,True,False,0.22056426107883453,0.0007669124752283096,8.597940905019641e-05,-2.6226043701171875e-06,True,1.1460667848587036,0.37542712688446045,False,2.170928716659546,10.0,2.0157968997955322,0.4199368953704834,False
isaac,hold,15,13,ramp_1.5,1.0,0.0,True,False,0.24002715945243835,0.004865977447479963,7.929660205263644e-05,-1.2874603271484375e-05,True,1.5093145370483398,0.3623838424682617,True,2.5067551136016846,10.0,2.391544818878174,0.42045140266418457,False
isaac,hold,15,14,ramp_1.5,1.0,0.0,False,False,0.21587006747722626,0.6184107065200806,3.4664995670318604,-0.4370763897895813,False,1.8612587451934814,0.6423393487930298,True,2.931516170501709,3.76,2.7504234313964844,0.6980496048927307,False
isaac,hold,15,15,ramp_1.5,1.0,0.0,False,False,0.19134363532066345,0.624081552028656,2.6352171897888184,-0.6565225124359131,False,1.9377562999725342,0.9130585193634033,True,2.941537618637085,3.58,2.8043525218963623,0.9661200046539307,False
isaac,hold,16,0,direct,1.0,0.2,True,False,0.8668408989906311,0.0012297487119212747,0.00011217054998269305,1.1205673217773438e-05,True,1.2232520580291748,0.4644429683685303,False,1.247734546661377,10.0,1.2232520580291748,0.4644429683685303,False
isaac,hold,16,1,direct,1.0,0.2,True,False,0.8651940822601318,0.0018788728630170226,0.00011965842713834718,9.179115295410156e-06,True,1.7765429019927979,0.5965337753295898,False,1.8074626922607422,10.0,1.7765429019927979,0.5965337753295898,False
isaac,hold,16,2,direct,1.0,0.2,False,False,0.8734845519065857,1.0902398824691772,3.390827178955078,0.02720475196838379,False,0.9905692338943481,0.4997720718383789,False,1.04531991481781,0.9400000000000004,0.9905692338943481,0.4997720718383789,False
isaac,hold,16,3,direct,1.0,0.2,True,False,0.9289146065711975,0.0018248031847178936,0.00013715095701627433,-1.3113021850585938e-06,True,0.7797266244888306,0.34569084644317627,False,0.90572190284729,10.000000000000002,0.7797266244888306,0.34569084644317627,False
isaac,hold,16,4,direct,1.0,0.2,False,False,0.8866304755210876,1.0473674535751343,3.6349663734436035,0.18305516242980957,False,0.8674224615097046,0.5853598713874817,False,0.8932614326477051,0.7600000000000007,0.8674224615097046,0.5853598713874817,False
isaac,hold,16,5,direct,1.0,0.2,False,False,0.8612892627716064,1.0708364248275757,3.568436861038208,-0.3808020353317261,False,0.7258066534996033,0.6241154670715332,False,0.7364063858985901,0.660000000000001,0.7258066534996033,0.6241154670715332,False
isaac,hold,16,6,direct,1.0,0.2,False,False,0.8435072302818298,1.018877625465393,3.8509414196014404,-0.9972739219665527,False,0.8365711569786072,1.2305998802185059,False,0.8554352521896362,0.7200000000000006,0.8365711569786072,1.2305998802185059,False
isaac,hold,16,7,direct,1.0,0.2,False,False,0.8400773406028748,1.1699717044830322,2.4790050983428955,-0.7980576753616333,False,0.8905077576637268,1.0761045217514038,False,0.9113630056381226,0.7400000000000011,0.8905077576637268,1.0761045217514038,False
isaac,hold,16,8,direct,1.0,0.2,False,False,0.8454656004905701,1.21686851978302,3.448417901992798,-0.545346736907959,False,1.0249073505401611,0.7740685939788818,False,1.0417503118515015,0.8600000000000003,1.0249073505401611,0.7740685939788818,False
isaac,hold,16,9,direct,1.0,0.2,False,False,0.8587228059768677,1.217557430267334,5.981993198394775,-0.1689918041229248,False,1.3221238851547241,0.7636942863464355,False,1.3337388038635254,1.040000000000001,1.3221238851547241,0.7636942863464355,False
isaac,hold,16,10,direct,1.0,0.2,True,False,0.8623403310775757,0.002360236132517457,5.810647417092696e-05,1.6540288925170898e-06,True,1.2099212408065796,0.5326305627822876,False,1.2527353763580322,10.0,1.2099212408065796,0.5326305627822876,False
isaac,hold,16,11,direct,1.0,0.2,False,False,0.9113908410072327,0.9939504265785217,4.767564296722412,-1.4629104137420654,False,0.5633362531661987,1.7059773206710815,False,0.5689547657966614,0.6400000000000006,0.5633362531661987,1.7059773206710815,False
isaac,hold,16,12,direct,1.0,0.2,True,False,0.888950765132904,0.0024400234688073397,6.63729224470444e-05,-3.6954879760742188e-06,True,0.8723660111427307,0.5543052554130554,False,0.9173178672790527,10.0,0.8723660111427307,0.5543052554130554,False
isaac,hold,16,13,direct,1.0,0.2,True,False,0.8676374554634094,0.0021581039763987064,0.0001889039995148778,-2.1457672119140625e-06,True,1.1883697509765625,0.4178290367126465,False,1.2313426733016968,10.0,1.1883697509765625,0.4178290367126465,False
isaac,hold,16,14,direct,1.0,0.2,True,False,0.8606780171394348,0.0014454586198553443,4.4644431909546256e-05,1.1920928955078125e-06,True,1.3025999069213867,0.7796898484230042,False,1.5051608085632324,10.0,1.3025999069213867,0.7796898484230042,False
isaac,hold,16,15,direct,1.0,0.2,True,False,0.8658064007759094,0.0013061587233096361,0.00020286397193558514,0.0,True,1.1534309387207031,0.2995567321777344,False,1.1881922483444214,10.0,1.1534309387207031,0.2995567321777344,False
isaac,hold,17,0,ramp_0.5,1.0,0.2,True,False,0.5074250102043152,0.002503654221072793,7.343047036556527e-05,7.033348083496094e-06,True,0.11994432657957077,0.45858120918273926,False,0.6534841060638428,10.0,0.497361958026886,0.4307436943054199,False
isaac,hold,17,1,ramp_0.5,1.0,0.2,True,False,0.5037018060684204,0.0023789291735738516,8.796722249826416e-05,1.0728836059570312e-06,True,0.11311458796262741,0.4678502082824707,False,0.6166196465492249,10.0,0.48864904046058655,0.4446936845779419,False
isaac,hold,17,2,ramp_0.5,1.0,0.2,True,False,0.5531593561172485,0.0009184746886603534,0.00011758715845644474,-1.239776611328125e-05,True,0.7134919166564941,0.3886263370513916,False,1.164919137954712,10.0,1.078971266746521,0.4109318256378174,False
isaac,hold,17,3,ramp_0.5,1.0,0.2,True,False,0.5210149884223938,0.0012190925190225244,0.00010807885701069608,2.9802322387695312e-06,True,0.813600480556488,0.33784985542297363,False,1.264892816543579,10.000000000000002,1.1899460554122925,0.3630739450454712,False
isaac,hold,17,4,ramp_0.5,1.0,0.2,True,False,0.5013932585716248,0.0018681104993447661,6.854213279439136e-05,8.225440979003906e-06,True,0.7639422416687012,0.3032820224761963,False,1.287137746810913,10.0,1.1382468938827515,0.27779603004455566,False
isaac,hold,17,5,ramp_0.5,1.0,0.2,True,False,0.4891926050186157,0.0006109096575528383,5.644319753628224e-05,-8.821487426757812e-06,True,0.8996862769126892,0.44056475162506104,False,1.3565471172332764,10.0,1.27365243434906,0.41031503677368164,False
isaac,hold,17,6,ramp_0.5,1.0,0.2,True,False,0.48813897371292114,0.0014399808133020997,0.0001093343598768115,1.0013580322265625e-05,True,1.5784666538238525,1.1864409446716309,True,2.3112001419067383,10.0,1.949326515197754,1.2236156463623047,False
isaac,hold,17,7,ramp_0.5,1.0,0.2,True,False,0.4985334277153015,0.0026263240724802017,9.958235023077577e-05,-4.76837158203125e-07,True,0.7827449440956116,0.33651256561279297,False,1.2816033363342285,10.000000000000002,1.1559827327728271,0.29485344886779785,False
isaac,hold,17,8,ramp_0.5,1.0,0.2,True,False,0.5192717909812927,0.0023707777727395296,0.00012541540490929037,2.6226043701171875e-06,True,0.17495639622211456,0.30852246284484863,False,0.7043612003326416,10.0,0.5456989407539368,0.2610611915588379,False
isaac,hold,17,9,ramp_0.5,1.0,0.2,True,False,0.5773149132728577,0.0017925173742696643,5.2914652769686654e-05,0.0,True,0.10558108985424042,0.3067498207092285,False,0.5927740335464478,10.0,0.48148006200790405,0.2538132667541504,False
isaac,hold,17,10,ramp_0.5,1.0,0.2,True,False,0.5186586380004883,0.0011492872145026922,5.268981840345077e-05,9.953975677490234e-06,True,0.18821491301059723,0.41569873690605164,False,0.7644348740577698,10.0,0.5598481297492981,0.36768773198127747,False
isaac,hold,17,11,ramp_0.5,1.0,0.2,True,False,0.49250271916389465,0.0013006639201194048,2.8848735382780433e-05,0.0,True,0.16471907496452332,0.40990155935287476,False,0.7042034268379211,10.0,0.5250683426856995,0.36497730016708374,False
isaac,hold,17,12,ramp_0.5,1.0,0.2,True,False,0.46828433871269226,0.002214004984125495,0.00014407653361558914,-3.4809112548828125e-05,True,0.1409449428319931,0.4433095455169678,False,0.6942257881164551,10.0,0.49516332149505615,0.4004748463630676,False
isaac,hold,17,13,ramp_0.5,1.0,0.2,True,False,0.4804280698299408,0.0017851927550509572,9.470119402976707e-05,-3.814697265625e-06,True,0.12279840558767319,0.44756436347961426,False,0.7430284023284912,10.0,0.4803738594055176,0.4073061943054199,False
isaac,hold,17,14,ramp_0.5,1.0,0.2,False,False,0.491857647895813,0.5734212398529053,0.35454583168029785,0.06327581405639648,False,0.8650414943695068,0.12247659265995026,False,1.3029756546020508,2.4800000000000004,0.9359618425369263,0.10835422575473785,False
isaac,hold,17,15,ramp_0.5,1.0,0.2,False,False,0.5064519643783569,0.5848137736320496,0.32247841358184814,0.05103504657745361,False,0.8671807646751404,0.13206219673156738,False,1.303168535232544,2.76,0.9593671560287476,0.10238480567932129,False
isaac,hold,18,0,ramp_1.5,1.0,0.2,False,False,0.18018069863319397,0.8820376992225647,4.098438262939453,-1.1819846630096436,False,1.1317681074142456,1.1862335205078125,False,2.056689739227295,1.4200000000000008,1.9398882389068604,1.0841038227081299,False
isaac,hold,18,1,ramp_1.5,1.0,0.2,True,False,0.17366772890090942,0.0007876192103140056,0.00010237261449219659,1.0728836059570312e-06,True,1.4697072505950928,0.9956892728805542,False,2.445366382598877,10.000000000000004,2.3358895778656006,0.8924580812454224,False
isaac,hold,18,2,ramp_1.5,1.0,0.2,True,False,0.17142419517040253,0.0020416986662894487,0.00011396405170671642,-7.152557373046875e-07,True,0.09447450935840607,0.39793920516967773,False,1.03931725025177,10.000000000000002,0.9812594652175903,0.28968286514282227,False
isaac,hold,18,3,ramp_1.5,1.0,0.2,True,False,0.23268698155879974,0.0019482002826407552,7.602412370033562e-05,-3.5762786865234375e-06,True,0.08701127767562866,0.36964964866638184,False,1.0745607614517212,10.000000000000002,0.9723246693611145,0.26042771339416504,False
isaac,hold,18,4,ramp_1.5,1.0,0.2,True,False,0.21482209861278534,0.001742750871926546,7.390318933175877e-05,-8.463859558105469e-06,True,0.0932002067565918,0.41645348072052,False,1.156165599822998,10.0,0.9621127843856812,0.30870628356933594,False
isaac,hold,18,5,ramp_1.5,1.0,0.2,True,False,0.17923587560653687,0.0020821900106966496,7.314970571314916e-05,-1.7523765563964844e-05,True,0.0798211619257927,0.4366861581802368,False,1.1447240114212036,10.0,0.9319086074829102,0.3291712999343872,False
isaac,hold,18,6,ramp_1.5,1.0,0.2,True,False,0.17236511409282684,0.0019879969768226147,6.617123290197924e-05,-6.198883056640625e-06,True,0.07313579320907593,0.43581318855285645,False,1.1617966890335083,10.0,0.9281679391860962,0.33042097091674805,False
isaac,hold,18,7,ramp_1.5,1.0,0.2,True,False,0.16227228939533234,0.001870793174020946,0.00011238046863581985,-1.1920928955078125e-05,True,0.059321191161870956,0.46092700958251953,False,1.2514376640319824,10.0,0.913208544254303,0.35135960578918457,False
isaac,hold,18,8,ramp_1.5,1.0,0.2,False,False,0.16226977109909058,0.5637435913085938,0.4031611680984497,0.0873711109161377,False,0.8127160668373108,0.20054316520690918,False,1.7157049179077148,2.580000000000001,1.1036094427108765,0.14187860488891602,False
isaac,hold,18,9,ramp_1.5,1.0,0.2,True,False,0.17100666463375092,0.0017439268995076418,7.225949229905382e-05,-4.76837158203125e-07,True,0.044125501066446304,0.44879674911499023,False,1.1461869478225708,10.0,0.9217107892036438,0.3464391231536865,False
isaac,hold,18,10,ramp_1.5,1.0,0.2,True,False,0.15949635207653046,0.0016701892018318176,5.679808236891404e-05,1.0132789611816406e-06,True,0.08931082487106323,0.45396459102630615,False,1.0886489152908325,10.000000000000002,0.9792221784591675,0.3423773944377899,False
isaac,hold,18,11,ramp_1.5,1.0,0.2,True,False,0.1920972466468811,0.0020563930738717318,7.094041211530566e-05,-1.5497207641601562e-06,True,0.08959539234638214,0.45084327459335327,False,1.0288091897964478,10.000000000000002,0.977861225605011,0.33744508028030396,False
isaac,hold,18,12,ramp_1.5,1.0,0.2,True,False,0.23050768673419952,0.0017119764816015959,0.00016961601795628667,1.3947486877441406e-05,True,1.2313387393951416,0.5643152594566345,False,2.2693111896514893,10.0,2.106511116027832,0.4504169821739197,False
isaac,hold,18,13,ramp_1.5,1.0,0.2,True,False,0.22346565127372742,0.0015636382158845663,0.00015495845582336187,-8.106231689453125e-06,True,1.200994610786438,0.34475231170654297,False,2.1878411769866943,10.0,2.080965995788574,0.229461669921875,False
isaac,hold,18,14,ramp_1.5,1.0,0.2,False,False,0.20610132813453674,0.601302444934845,3.39829421043396,-0.8588196039199829,False,1.934813141822815,1.0430935621261597,True,2.999359607696533,3.8000000000000007,2.822852373123169,0.9317077398300171,False
isaac,hold,18,15,ramp_1.5,1.0,0.2,False,False,0.19535349309444427,0.9503321647644043,8.825520515441895,-0.06408452987670898,False,1.3437013626098633,2.0162248611450195,False,2.3040575981140137,1.6000000000000014,2.203204393386841,1.9128289222717285,False
isaac,march,0,0,static,0.0,0.0,True,False,0.0,0.04539956897497177,0.31024712324142456,0.10605871677398682,False,0.2556295096874237,0.18708252906799316,True,0.5927342176437378,10.0,0.2556295096874237,0.18708252906799316,False
isaac,march,0,1,static,0.0,0.0,True,False,0.0,0.0455109104514122,0.3007659316062927,0.07750558853149414,False,0.24359212815761566,0.24602031707763672,True,0.5937485098838806,10.0,0.24359212815761566,0.24602031707763672,False
isaac,march,0,2,static,0.0,0.0,True,False,0.0,0.04449416697025299,0.27195122838020325,0.04524946212768555,False,0.2682257890701294,0.37135910987854004,True,0.6023956537246704,10.0,0.2682257890701294,0.37135910987854004,False
isaac,march,0,3,static,0.0,0.0,True,False,0.0,0.04549518972635269,0.26726847887039185,0.03293585777282715,False,0.2542824447154999,0.25672411918640137,True,0.5740644931793213,10.0,0.2542824447154999,0.25672411918640137,False
isaac,march,0,4,static,0.0,0.0,True,False,0.0,0.04301391914486885,0.26880571246147156,0.06563055515289307,False,0.2532336413860321,0.31704962253570557,True,0.5589104890823364,10.0,0.2532336413860321,0.31704962253570557,False
isaac,march,0,5,static,0.0,0.0,True,False,0.0,0.0431487075984478,0.2841656506061554,0.07964491844177246,False,0.2644292712211609,0.5335080623626709,True,0.6001006364822388,10.0,0.2644292712211609,0.5335080623626709,False
isaac,march,0,6,static,0.0,0.0,True,False,0.0,0.04271826520562172,0.2622588574886322,0.06275153160095215,False,0.2717835009098053,0.5221192836761475,True,0.6131336092948914,10.0,0.2717835009098053,0.5221192836761475,False
isaac,march,0,7,static,0.0,0.0,True,False,0.0,0.04167918860912323,0.25978681445121765,0.04613208770751953,False,0.23438960313796997,0.33745479583740234,True,0.5958948731422424,10.0,0.23438960313796997,0.33745479583740234,False
isaac,march,0,8,static,0.0,0.0,True,False,0.0,0.04445987939834595,0.2944989502429962,-0.004273176193237305,False,0.2344028353691101,0.21793246269226074,True,0.6200737953186035,10.0,0.2344028353691101,0.21793246269226074,False
isaac,march,0,9,static,0.0,0.0,True,False,0.0,0.047181811183691025,0.28554806113243103,0.019202470779418945,False,0.21724024415016174,0.3375246524810791,True,0.6202895045280457,10.0,0.21724024415016174,0.3375246524810791,False
isaac,march,0,10,static,0.0,0.0,True,False,0.0,0.04347832873463631,0.28228285908699036,-0.001970350742340088,False,0.23887191712856293,0.2168700098991394,True,0.6153241395950317,10.0,0.23887191712856293,0.2168700098991394,False
isaac,march,0,11,static,0.0,0.0,True,False,0.0,0.04419667273759842,0.2800402045249939,0.011858880519866943,False,0.2621377110481262,0.17822909355163574,True,0.6062129139900208,10.0,0.2621377110481262,0.17822909355163574,False
isaac,march,0,12,static,0.0,0.0,True,False,0.0,0.04359029605984688,0.2624782621860504,0.013906717300415039,False,0.258307546377182,0.14418697357177734,True,0.5879331231117249,10.0,0.258307546377182,0.14418697357177734,False
isaac,march,0,13,static,0.0,0.0,True,False,0.0,0.04395130276679993,0.25760453939437866,0.044409751892089844,False,0.27266931533813477,0.15117359161376953,True,0.5936561822891235,10.0,0.27266931533813477,0.15117359161376953,False
isaac,march,0,14,static,0.0,0.0,True,False,0.0,0.04453966021537781,0.26973527669906616,0.06873294711112976,False,0.2651614844799042,0.11115032434463501,True,0.5782192945480347,10.0,0.2651614844799042,0.11115032434463501,False
isaac,march,0,15,static,0.0,0.0,True,False,0.0,0.045804496854543686,0.29870104789733887,0.11791753768920898,False,0.261472225189209,0.1618969440460205,True,0.5887389779090881,10.0,0.261472225189209,0.1618969440460205,False
isaac,march,1,0,direct,0.5,-0.2,True,False,0.40763217210769653,0.04589606449007988,0.31633004546165466,0.12004852294921875,False,0.4054020047187805,0.39290952682495117,True,0.9026886224746704,10.0,0.4054020047187805,0.39290952682495117,False
isaac,march,1,1,direct,0.5,-0.2,True,False,0.4940495789051056,0.04638133943080902,0.30811387300491333,0.09621202945709229,False,0.4492243528366089,0.36995744705200195,True,0.8194141983985901,10.0,0.4492243528366089,0.36995744705200195,False
isaac,march,1,2,direct,0.5,-0.2,True,False,0.469986230134964,0.044015247374773026,0.27595704793930054,0.052538931369781494,False,0.6437488198280334,0.3897444009780884,True,1.0059717893600464,10.0,0.6437488198280334,0.3897444009780884,False
isaac,march,1,3,direct,0.5,-0.2,True,False,0.43651387095451355,0.04856639727950096,0.2833590805530548,0.03352475166320801,False,0.6941036581993103,0.24373292922973633,True,1.0371289253234863,10.000000000000002,0.6941036581993103,0.24373292922973633,False
isaac,march,1,4,direct,0.5,-0.2,True,False,0.4125504791736603,0.04346971958875656,0.26591795682907104,0.05931723117828369,False,0.6271655559539795,0.5017810463905334,True,1.0137977600097656,10.0,0.6271655559539795,0.5017810463905334,False
isaac,march,1,5,direct,0.5,-0.2,True,False,0.40339213609695435,0.043000344187021255,0.27976587414741516,0.061139464378356934,False,0.5840204358100891,0.5510809421539307,True,0.9483497142791748,10.0,0.5840204358100891,0.5510809421539307,False
isaac,march,1,6,direct,0.5,-0.2,True,False,0.40236330032348633,0.04265901446342468,0.26223674416542053,0.058852434158325195,False,0.538475751876831,0.7092306613922119,True,0.9066749811172485,10.0,0.538475751876831,0.7092306613922119,False
isaac,march,1,7,direct,0.5,-0.2,True,False,0.4044593572616577,0.04265199229121208,0.2626776099205017,0.04408073425292969,False,0.4773115813732147,0.5916898250579834,True,0.8179713487625122,10.0,0.4773115813732147,0.5916898250579834,False
isaac,march,1,8,direct,0.5,-0.2,True,False,0.40429234504699707,0.0427793487906456,0.2630695402622223,0.017726659774780273,False,0.41313862800598145,0.19954609870910645,True,0.7550681829452515,10.0,0.41313862800598145,0.19954609870910645,False
isaac,march,1,9,direct,0.5,-0.2,True,False,0.4477761387825012,0.046572256833314896,0.2691029906272888,-0.01609569787979126,False,0.4943327307701111,0.6330779194831848,True,0.8528794050216675,10.0,0.4943327307701111,0.6330779194831848,False
isaac,march,1,10,direct,0.5,-0.2,False,False,0.45253366231918335,1.1809202432632446,2.8172767162323,-2.6706995964050293,False,1.9263110160827637,2.549412727355957,False,1.9598597288131714,1.4800000000000004,1.9263110160827637,2.549412727355957,False
isaac,march,1,11,direct,0.5,-0.2,True,False,0.4415137767791748,0.04395327717065811,0.2791750133037567,0.012662410736083984,False,1.309267282485962,0.4443333148956299,True,1.8244179487228394,10.0,1.309267282485962,0.4443333148956299,False
isaac,march,1,12,direct,0.5,-0.2,False,False,0.42060256004333496,1.1578646898269653,2.3582310676574707,-2.189495801925659,False,1.8624753952026367,2.068333148956299,False,1.8917572498321533,1.46,1.8624753952026367,2.068333148956299,False
isaac,march,1,13,direct,0.5,-0.2,False,False,0.41498538851737976,1.1723237037658691,3.2466001510620117,-2.881826162338257,False,1.5928770303726196,2.727802038192749,False,1.6241443157196045,1.2800000000000002,1.5928770303726196,2.727802038192749,False
isaac,march,1,14,direct,0.5,-0.2,True,False,0.41937708854675293,0.04884554445743561,0.27755919098854065,0.0720447301864624,False,0.951486349105835,0.9094521999359131,True,1.343488335609436,10.0,0.951486349105835,0.9094521999359131,False
isaac,march,1,15,direct,0.5,-0.2,True,False,0.4070509970188141,0.0459301583468914,0.2977598309516907,0.11558246612548828,False,0.4135315418243408,0.33200597763061523,True,0.8842607736587524,10.0,0.4135315418243408,0.33200597763061523,False
isaac,march,2,0,ramp_0.5,0.5,-0.2,True,False,0.24455071985721588,0.04592563211917877,0.3260670006275177,0.1207890510559082,False,0.14713473618030548,0.45866918563842773,True,1.3480620384216309,10.0,0.1022694781422615,0.5308587551116943,False
isaac,march,2,1,ramp_0.5,0.5,-0.2,True,False,0.22486872971057892,0.04437417909502983,0.2972491383552551,0.06423544883728027,False,0.053875114768743515,0.509223461151123,True,1.1731305122375488,10.0,0.14105182886123657,0.4387943744659424,False
isaac,march,2,2,ramp_0.5,0.5,-0.2,True,False,0.2096436768770218,0.04732038825750351,0.28374218940734863,0.008600831031799316,False,0.15240943431854248,0.26302868127822876,True,1.0651212930679321,10.0,0.3265012800693512,0.1971191167831421,False
isaac,march,2,3,ramp_0.5,0.5,-0.2,True,False,0.20201027393341064,0.04951375722885132,0.29429781436920166,0.05647730827331543,False,0.2283519059419632,0.2856893539428711,True,0.9678504467010498,10.000000000000002,0.4023638963699341,0.2252516746520996,False
isaac,march,2,4,ramp_0.5,0.5,-0.2,True,False,0.20140567421913147,0.04316368326544762,0.2723180055618286,0.08146804571151733,False,0.17432327568531036,0.2809346318244934,True,0.8803291320800781,10.0,0.33906978368759155,0.22355259954929352,False
isaac,march,2,5,ramp_0.5,0.5,-0.2,True,False,0.24090509116649628,0.043950699269771576,0.2812487781047821,0.06608504056930542,False,0.23268425464630127,0.2867288589477539,True,0.79410320520401,10.0,0.37013566493988037,0.22639477252960205,False
isaac,march,2,6,ramp_0.5,0.5,-0.2,True,False,0.25998321175575256,0.042679715901613235,0.2643721103668213,0.05805802345275879,False,0.30567294359207153,0.3215768337249756,True,0.8564211130142212,10.0,0.43683966994285583,0.3787539005279541,False
isaac,march,2,7,ramp_0.5,0.5,-0.2,True,False,0.23337750136852264,0.04225390776991844,0.25981563329696655,0.045804738998413086,False,0.3088136911392212,0.29318511486053467,True,0.8332650661468506,10.000000000000002,0.4342217445373535,0.356716513633728,False
isaac,march,2,8,ramp_0.5,0.5,-0.2,True,False,0.20709213614463806,0.048880912363529205,0.2960493862628937,0.03762531280517578,False,0.3363642692565918,0.22127842903137207,True,0.8116296529769897,10.0,0.4586225152015686,0.2864644527435303,False
isaac,march,2,9,ramp_0.5,0.5,-0.2,True,False,0.18735834956169128,0.046126462519168854,0.2835237979888916,0.02240777015686035,False,0.34157824516296387,0.24984526634216309,True,0.854667067527771,10.0,0.4405689835548401,0.18457305431365967,False
isaac,march,2,10,ramp_0.5,0.5,-0.2,True,False,0.18794025480747223,0.04538610577583313,0.29004302620887756,0.00817251205444336,False,0.3172765076160431,0.32150590419769287,True,0.8296985626220703,10.0,0.41058364510536194,0.2562917470932007,False
isaac,march,2,11,ramp_0.5,0.5,-0.2,True,False,0.19376233220100403,0.04429253935813904,0.2767142355442047,0.010696172714233398,False,0.3316948711872101,0.3814505338668823,True,0.8248840570449829,10.0,0.41845986247062683,0.31195735931396484,False
isaac,march,2,12,ramp_0.5,0.5,-0.2,True,False,0.19322560727596283,0.0435556098818779,0.2674099802970886,0.0128861665725708,False,0.30486321449279785,0.3460111618041992,True,0.8131444454193115,10.0,0.401630163192749,0.271881103515625,False
isaac,march,2,13,ramp_0.5,0.5,-0.2,True,False,0.19322146475315094,0.043816398829221725,0.2610889971256256,0.04108071327209473,False,0.2754356861114502,0.3100607395172119,True,0.7797056436538696,10.0,0.38318485021591187,0.23755908012390137,False
isaac,march,2,14,ramp_0.5,0.5,-0.2,True,False,0.245732843875885,0.048685867339372635,0.2896817624568939,0.09508335590362549,False,0.26740339398384094,0.1807703971862793,True,0.8274557590484619,10.0,0.4307592809200287,0.2538304328918457,False
isaac,march,2,15,ramp_0.5,0.5,-0.2,True,False,0.24857445061206818,0.046630945056676865,0.29846811294555664,0.11347270011901855,False,0.10303273797035217,0.32674741744995117,True,1.2077707052230835,10.0,0.26997876167297363,0.399639368057251,False
isaac,march,3,0,ramp_1.5,0.5,-0.2,True,False,0.07958763092756271,0.044874005019664764,0.31185129284858704,0.11710071563720703,False,0.3365359902381897,0.36049795150756836,True,1.0866576433181763,10.0,0.5921496152877808,0.21811532974243164,False
isaac,march,3,1,ramp_1.5,0.5,-0.2,True,False,0.06547512114048004,0.04432571679353714,0.2981202006340027,0.06397271156311035,False,0.35416465997695923,0.23364925384521484,True,1.1337416172027588,10.000000000000004,0.599165141582489,0.2752723693847656,False
isaac,march,3,2,ramp_1.5,0.5,-0.2,True,False,0.05518031865358353,0.04403272271156311,0.27746254205703735,0.053006649017333984,False,0.3788292706012726,0.29768839478492737,True,1.1419447660446167,10.000000000000002,0.6235144138336182,0.2767506241798401,False
isaac,march,3,3,ramp_1.5,0.5,-0.2,True,False,0.06273462623357773,0.04954558610916138,0.28618955612182617,0.04082465171813965,False,0.3333282172679901,0.1990513801574707,True,1.0713163614273071,10.000000000000002,0.6167286038398743,0.31674695014953613,False
isaac,march,3,4,ramp_1.5,0.5,-0.2,True,False,0.05270744860172272,0.04341739043593407,0.26608726382255554,0.07669756561517715,False,0.25371816754341125,0.23083007335662842,True,1.0561261177062988,10.0,0.6091872453689575,0.4242295026779175,False
isaac,march,3,5,ramp_1.5,0.5,-0.2,True,False,0.1287507563829422,0.042928121984004974,0.28128311038017273,0.06943738460540771,False,0.1548095941543579,0.2988261878490448,True,1.1168723106384277,10.0,0.5592770576477051,0.4870017468929291,False
isaac,march,3,6,ramp_1.5,0.5,-0.2,False,False,0.12582822144031525,0.8190503120422363,1.3462820053100586,0.31214094161987305,False,1.0622843503952026,0.374143123626709,False,1.4967145919799805,1.2200000000000006,1.2655082941055298,0.4648621082305908,False
isaac,march,3,7,ramp_1.5,0.5,-0.2,False,False,0.09795308113098145,0.8718641996383667,2.3138840198516846,0.39597129821777344,False,1.2367475032806396,0.4469221830368042,False,1.6618674993515015,1.3000000000000007,1.4117698669433594,0.5348931550979614,False
isaac,march,3,8,ramp_1.5,0.5,-0.2,False,False,0.09698516875505447,0.8920116424560547,9.790048599243164,1.0826880931854248,False,1.2615368366241455,1.2864444255828857,False,1.7014851570129395,1.3400000000000007,1.459450364112854,1.1053171157836914,False
isaac,march,3,9,ramp_1.5,0.5,-0.2,False,False,0.08869623392820358,0.8583851456642151,5.970381259918213,0.761806845664978,False,1.2278406620025635,0.8789833188056946,False,1.6688566207885742,1.2999999999999998,1.4254803657531738,1.0614945888519287,False
isaac,march,3,10,ramp_1.5,0.5,-0.2,False,False,0.07804138958454132,0.9289155602455139,1.5196382999420166,0.1142953634262085,False,1.1859955787658691,0.350256085395813,False,1.615427017211914,1.1400000000000006,1.294965147972107,0.5333741903305054,False
isaac,march,3,11,ramp_1.5,0.5,-0.2,True,False,0.06601191312074661,0.04419976472854614,0.2764784097671509,0.011393308639526367,False,0.30888813734054565,0.20345628261566162,True,1.4673552513122559,10.000000000000002,0.5910372734069824,0.3925058841705322,False
isaac,march,3,12,ramp_1.5,0.5,-0.2,True,False,0.13213621079921722,0.04361133277416229,0.2672949433326721,0.020590543746948242,False,0.26868870854377747,0.24793291091918945,True,1.0141806602478027,10.0,0.6040233969688416,0.19788217544555664,False
isaac,march,3,13,ramp_1.5,0.5,-0.2,True,False,0.14267376065254211,0.04397882893681526,0.26050806045532227,0.03883171081542969,False,0.3560487926006317,0.3327648639678955,True,1.0846803188323975,10.0,0.6387667655944824,0.21615386009216309,False
isaac,march,3,14,ramp_1.5,0.5,-0.2,True,False,0.12235605716705322,0.047454651445150375,0.2731877863407135,0.0786941647529602,False,0.3659650683403015,0.438130259513855,True,1.0763978958129883,10.0,0.6101415157318115,0.24515974521636963,False
isaac,march,3,15,ramp_1.5,0.5,-0.2,True,False,0.07953952252864838,0.04573168605566025,0.2956041693687439,0.11411333084106445,False,0.3372407853603363,0.4657723903656006,True,1.0753275156021118,10.0,0.5786921381950378,0.2664031982421875,False
isaac,march,4,0,direct,0.5,0.0,True,False,0.40813836455345154,0.04497980326414108,0.3129914402961731,0.11464762687683105,False,0.4000679850578308,0.2467571496963501,True,0.8260642290115356,10.0,0.4000679850578308,0.2467571496963501,False
isaac,march,4,1,direct,0.5,0.0,True,False,0.49139603972435,0.044317059218883514,0.29482540488243103,0.06499755382537842,False,0.4517304599285126,0.4014180898666382,True,0.8300947546958923,10.0,0.4517304599285126,0.4014180898666382,False
isaac,march,4,2,direct,0.5,0.0,True,False,0.47052934765815735,0.04919404909014702,0.2870786488056183,0.034026145935058594,False,0.6592146158218384,0.36406409740448,True,1.0081182718276978,10.0,0.6592146158218384,0.36406409740448,False
isaac,march,4,3,direct,0.5,0.0,True,False,0.4401111602783203,0.04999417066574097,0.28695961833000183,0.027596354484558105,False,0.7135254144668579,0.5017796754837036,True,1.11525297164917,10.000000000000002,0.7135254144668579,0.5017796754837036,False
isaac,march,4,4,direct,0.5,0.0,True,False,0.413720041513443,0.04282137006521225,0.2633723020553589,0.06436562538146973,False,0.6967861652374268,0.503680944442749,True,1.1077094078063965,10.0,0.6967861652374268,0.503680944442749,False
isaac,march,4,5,direct,0.5,0.0,True,False,0.4022965729236603,0.042318083345890045,0.27536559104919434,0.06995034217834473,False,0.6057179570198059,0.590294599533081,True,0.9765093326568604,10.0,0.6057179570198059,0.590294599533081,False
isaac,march,4,6,direct,0.5,0.0,True,False,0.40201500058174133,0.04280335083603859,0.26300886273384094,0.06589031219482422,False,0.5817698240280151,0.6638743877410889,True,0.9341751933097839,10.0,0.5817698240280151,0.6638743877410889,False
isaac,march,4,7,direct,0.5,0.0,True,False,0.4030483663082123,0.0480823777616024,0.2766477167606354,0.005860090255737305,False,0.4746076464653015,0.5880851745605469,True,0.8271602392196655,10.0,0.4746076464653015,0.5880851745605469,False
isaac,march,4,8,direct,0.5,0.0,True,False,0.4023248553276062,0.04471587762236595,0.26096129417419434,0.026475906372070312,False,0.4128201901912689,0.2957601547241211,True,0.7596908807754517,10.0,0.4128201901912689,0.2957601547241211,False
isaac,march,4,9,direct,0.5,0.0,True,False,0.4619836211204529,0.04493042454123497,0.27265727519989014,0.008093476295471191,False,0.4766594469547272,0.5460586547851562,True,0.8304185271263123,10.0,0.4766594469547272,0.5460586547851562,False
isaac,march,4,10,direct,0.5,0.0,False,False,0.4615010917186737,1.1647917032241821,3.0320794582366943,-2.82658052444458,False,2.1194498538970947,2.825866222381592,False,2.1633341312408447,1.6400000000000006,2.1194498538970947,2.825866222381592,False
isaac,march,4,11,direct,0.5,0.0,True,False,0.4422875642776489,0.048240747302770615,0.28905579447746277,-0.016790390014648438,False,1.0598350763320923,0.3828974962234497,True,1.4921011924743652,10.0,1.0598350763320923,0.3828974962234497,False
isaac,march,4,12,direct,0.5,0.0,False,False,0.4222273528575897,1.090672254562378,3.0709097385406494,1.5269616842269897,False,1.8465653657913208,1.5270096063613892,False,1.8788143396377563,1.54,1.8465653657913208,1.5270096063613892,False
isaac,march,4,13,direct,0.5,0.0,False,False,0.4178679287433624,1.3133960962295532,1.9969812631607056,-1.7273586988449097,False,2.886996269226074,1.7336835861206055,False,2.933521270751953,2.0600000000000005,2.886996269226074,1.7336835861206055,False
isaac,march,4,14,direct,0.5,0.0,True,False,0.42003780603408813,0.04756610840559006,0.2725023925304413,0.06914597749710083,False,0.8615571856498718,0.684158205986023,True,1.284660816192627,10.0,0.8615571856498718,0.684158205986023,False
isaac,march,4,15,direct,0.5,0.0,True,False,0.40811142325401306,0.04510479047894478,0.3079242706298828,0.13063812255859375,False,0.40765032172203064,0.30101919174194336,True,0.8445417881011963,10.0,0.40765032172203064,0.30101919174194336,False
isaac,march,5,0,ramp_0.5,0.5,0.0,True,False,0.266350120306015,0.04603680595755577,0.30441734194755554,0.0950326919555664,False,0.09150800108909607,0.3260011672973633,True,1.1612584590911865,10.0,0.26482152938842773,0.3064311742782593,False
isaac,march,5,1,ramp_0.5,0.5,0.0,True,False,0.23581834137439728,0.04587941989302635,0.29316672682762146,0.06409978866577148,False,0.07217395305633545,0.3198896646499634,True,1.130962610244751,10.0,0.2471390664577484,0.30536067485809326,False
isaac,march,5,2,ramp_0.5,0.5,0.0,True,False,0.21715959906578064,0.04798336699604988,0.29763129353523254,-0.026804089546203613,False,0.1429489254951477,0.43595945835113525,True,1.0257264375686646,10.0,0.3214503526687622,0.42324185371398926,False
isaac,march,5,3,ramp_0.5,0.5,0.0,True,False,0.21076682209968567,0.05008167028427124,0.2890808880329132,0.07206952571868896,False,0.21165426075458527,0.36151397228240967,True,0.9695894718170166,10.000000000000002,0.3898649215698242,0.3528860807418823,False
isaac,march,5,4,ramp_0.5,0.5,0.0,True,False,0.2077683061361313,0.04302333667874336,0.2677706778049469,0.0625298023223877,False,0.16787219047546387,0.26372289657592773,True,0.8796559572219849,10.0,0.3344956040382385,0.2579221725463867,False
isaac,march,5,5,ramp_0.5,0.5,0.0,True,False,0.24463973939418793,0.042540859431028366,0.2742874026298523,0.06954514980316162,False,0.21482200920581818,0.33085954189300537,True,0.7955025434494019,10.0,0.35352280735969543,0.32751452922821045,False
isaac,march,5,6,ramp_0.5,0.5,0.0,True,False,0.25576817989349365,0.04196629300713539,0.26390954852104187,0.0665895938873291,False,0.3111079931259155,0.31200218200683594,True,0.8507620096206665,10.0,0.4393443167209625,0.3186509609222412,False
isaac,march,5,7,ramp_0.5,0.5,0.0,True,False,0.2528219521045685,0.0428767092525959,0.2620040476322174,0.04576277732849121,False,0.33140134811401367,0.2720984220504761,True,0.8379395008087158,10.000000000000002,0.45879241824150085,0.277121901512146,False
isaac,march,5,8,ramp_0.5,0.5,0.0,True,False,0.21904650330543518,0.043879564851522446,0.2556583881378174,0.015842437744140625,False,0.3347851037979126,0.22966885566711426,True,0.8185437917709351,10.0,0.4532189965248108,0.23490476608276367,False
isaac,march,5,9,ramp_0.5,0.5,0.0,True,False,0.20623059570789337,0.042194001376628876,0.27483832836151123,0.002042055130004883,False,0.33443522453308105,0.3160444498062134,True,0.8287469744682312,10.0,0.4150031805038452,0.3073844909667969,False
isaac,march,5,10,ramp_0.5,0.5,0.0,True,False,0.20433737337589264,0.044881995767354965,0.27905821800231934,0.0002803206443786621,False,0.32140323519706726,0.2989506721496582,True,0.8320459127426147,10.0,0.4162844717502594,0.28575658798217773,False
isaac,march,5,11,ramp_0.5,0.5,0.0,True,False,0.20808395743370056,0.043900266289711,0.27864378690719604,0.011129677295684814,False,0.3224957585334778,0.38111186027526855,True,0.8314782381057739,10.0,0.4146043062210083,0.36587023735046387,False
isaac,march,5,12,ramp_0.5,0.5,0.0,True,False,0.20679709315299988,0.046015962958335876,0.2707425653934479,0.02423548698425293,False,0.3045043349266052,0.3275110721588135,True,0.812974214553833,10.0,0.40581780672073364,0.31028592586517334,False
isaac,march,5,13,ramp_0.5,0.5,0.0,True,False,0.20618505775928497,0.0441887341439724,0.2586010992527008,0.04382014274597168,False,0.26984602212905884,0.2709786891937256,True,0.781122088432312,10.0,0.38415876030921936,0.2525618076324463,False
isaac,march,5,14,ramp_0.5,0.5,0.0,True,False,0.2819708585739136,0.04622916877269745,0.2743513286113739,0.07717397809028625,False,0.25656822323799133,0.15792882442474365,True,0.8529772758483887,10.0,0.42301884293556213,0.17604845762252808,False
isaac,march,5,15,ramp_0.5,0.5,0.0,True,False,0.2658195495605469,0.04637069255113602,0.3009912073612213,0.11635470390319824,False,0.24881361424922943,0.35413527488708496,True,1.1055028438568115,10.0,0.4261709451675415,0.3722093105316162,False
isaac,march,6,0,ramp_1.5,0.5,0.0,True,False,0.08318459242582321,0.045302096754312515,0.3200385570526123,0.11444008350372314,False,0.3439275920391083,0.3355276584625244,True,1.1024208068847656,10.0,0.5888437628746033,0.30056214332580566,False
isaac,march,6,1,ramp_1.5,0.5,0.0,True,False,0.06591297686100006,0.04447166994214058,0.297784686088562,0.06780743598937988,False,0.369181752204895,0.3489474058151245,True,1.1238350868225098,10.000000000000004,0.5875170230865479,0.31476032733917236,False
isaac,march,6,2,ramp_1.5,0.5,0.0,True,False,0.055625028908252716,0.04391063004732132,0.2743781507015228,0.045357704162597656,False,0.3755117356777191,0.2679557800292969,True,1.1454544067382812,10.000000000000002,0.6184316277503967,0.23338043689727783,False
isaac,march,6,3,ramp_1.5,0.5,0.0,True,False,0.058648839592933655,0.049994878470897675,0.29765936732292175,0.052286624908447266,False,0.3209265172481537,0.12631893157958984,True,1.0655728578567505,10.000000000000002,0.6126431822776794,0.1594390869140625,False
isaac,march,6,4,ramp_1.5,0.5,0.0,True,False,0.054223041981458664,0.043436355888843536,0.26791146397590637,0.07096755504608154,False,0.2380516529083252,0.23398107290267944,True,1.0746235847473145,10.0,0.6072431206703186,0.2646469473838806,False
isaac,march,6,5,ramp_1.5,0.5,0.0,True,True,0.12504436075687408,0.04274154081940651,0.2790026366710663,0.07050824165344238,False,0.1675591617822647,0.19712650775909424,True,1.1416001319885254,10.0,0.5766629576683044,0.2205561399459839,False
isaac,march,6,6,ramp_1.5,0.5,0.0,False,False,0.13302847743034363,0.7928244471549988,1.426883339881897,0.4234447479248047,False,1.148285984992981,0.44345736503601074,False,1.5892575979232788,1.3000000000000007,1.3333659172058105,0.41710829734802246,False
isaac,march,6,7,ramp_1.5,0.5,0.0,False,False,0.1107432097196579,0.8633074760437012,18.729633331298828,2.174997568130493,False,1.2528425455093384,2.295530319213867,False,1.6912851333618164,1.3399999999999999,1.4907801151275635,2.281346321105957,False
isaac,march,6,8,ramp_1.5,0.5,0.0,False,False,0.08550629764795303,0.8862185478210449,4.150032997131348,0.6402120590209961,False,1.267964482307434,0.6514978408813477,False,1.7061938047409058,1.2999999999999998,1.4907968044281006,0.6374733448028564,False
isaac,march,6,9,ramp_1.5,0.5,0.0,False,False,0.08758077770471573,0.9334193468093872,6.8672590255737305,0.9384260177612305,False,1.4535911083221436,1.4567004442214966,False,1.9121274948120117,1.4400000000000004,1.6862273216247559,1.478389859199524,False
isaac,march,6,10,ramp_1.5,0.5,0.0,False,False,0.07846393436193466,0.9235274195671082,1.7579988241195679,0.20680969953536987,False,1.2308194637298584,0.36529862880706787,False,1.6684263944625854,1.1600000000000001,1.3751635551452637,0.39073193073272705,False
isaac,march,6,11,ramp_1.5,0.5,0.0,True,False,0.0683448314666748,0.0476805754005909,0.28858646750450134,0.012310385704040527,False,0.267635315656662,0.34987354278564453,True,1.463434100151062,10.000000000000002,0.594343364238739,0.3259087800979614,False
isaac,march,6,12,ramp_1.5,0.5,0.0,True,False,0.10513448715209961,0.04339361563324928,0.26574674248695374,0.018541336059570312,False,0.2634847164154053,0.3911665678024292,True,1.0249056816101074,10.0,0.5738915801048279,0.3641775846481323,False
isaac,march,6,13,ramp_1.5,0.5,0.0,True,False,0.1405850499868393,0.044365353882312775,0.2623468339443207,0.04491424560546875,False,0.3580162525177002,0.32570362091064453,True,1.0856750011444092,10.0,0.622222363948822,0.29732537269592285,False
isaac,march,6,14,ramp_1.5,0.5,0.0,True,False,0.12616917490959167,0.04639274254441261,0.27722442150115967,0.0867735743522644,False,0.36247169971466064,0.3679753243923187,True,1.0858314037322998,10.0,0.6031166911125183,0.3405522406101227,False
isaac,march,6,15,ramp_1.5,0.5,0.0,True,False,0.08485392481088638,0.045268215239048004,0.31466954946517944,0.13359689712524414,False,0.35024330019950867,0.4237551689147949,True,1.088752031326294,10.0,0.5817007422447205,0.393601655960083,False
isaac,march,7,0,direct,0.5,0.2,True,False,0.4968346953392029,0.04529650881886482,0.3114408850669861,0.1013948917388916,False,0.515072762966156,0.5218966007232666,True,0.8907336592674255,10.0,0.515072762966156,0.5218966007232666,False
isaac,march,7,1,direct,0.5,0.2,True,False,0.476813942193985,0.04618872329592705,0.2940066456794739,0.07272398471832275,False,0.6705254912376404,0.42682039737701416,True,1.0504283905029297,10.0,0.6705254912376404,0.42682039737701416,False
isaac,march,7,2,direct,0.5,0.2,True,False,0.406722754240036,0.047561757266521454,0.28673526644706726,0.032868385314941406,False,0.7884449362754822,0.6794275045394897,True,1.3057529926300049,10.0,0.7884449362754822,0.6794275045394897,False
isaac,march,7,3,direct,0.5,0.2,True,False,0.41971907019615173,0.048602599650621414,0.2821374833583832,0.02902442216873169,False,0.6749290227890015,0.8195805549621582,True,1.306162714958191,10.000000000000002,0.6749290227890015,0.8195805549621582,False
isaac,march,7,4,direct,0.5,0.2,True,False,0.39890724420547485,0.04260646924376488,0.2656818926334381,0.06149697303771973,False,0.6899739503860474,1.0422275066375732,True,1.1704388856887817,10.0,0.6899739503860474,1.0422275066375732,False
isaac,march,7,5,direct,0.5,0.2,True,False,0.405788391828537,0.04303918033838272,0.28044962882995605,0.06036543846130371,False,0.6528217792510986,1.0854867696762085,True,1.0826520919799805,10.0,0.6528217792510986,1.0854867696762085,False
isaac,march,7,6,direct,0.5,0.2,True,False,0.40454789996147156,0.042369019240140915,0.2624717354774475,0.06114959716796875,False,0.5572226047515869,0.6199767589569092,True,0.8943394422531128,10.0,0.5572226047515869,0.6199767589569092,False
isaac,march,7,7,direct,0.5,0.2,True,False,0.41264399886131287,0.04270702600479126,0.2622099816799164,0.052771806716918945,False,0.4241666793823242,0.5108480453491211,True,0.7866529226303101,10.0,0.4241666793823242,0.5108480453491211,False
isaac,march,7,8,direct,0.5,0.2,True,False,0.49817919731140137,0.05001593008637428,0.30211135745048523,0.02777719497680664,False,1.0057190656661987,0.47965097427368164,True,1.4169224500656128,10.0,1.0057190656661987,0.47965097427368164,False
isaac,march,7,9,direct,0.5,0.2,True,False,0.4953139126300812,0.045357733964920044,0.27816498279571533,0.021178722381591797,False,0.4649856388568878,0.3951387405395508,True,0.8790352940559387,10.0,0.4649856388568878,0.3951387405395508,False
isaac,march,7,10,direct,0.5,0.2,True,False,0.4475758969783783,0.04515000060200691,0.289524108171463,0.0045615434646606445,False,1.519711971282959,0.9758493304252625,True,2.1472432613372803,10.0,1.519711971282959,0.9758493304252625,False
isaac,march,7,11,direct,0.5,0.2,False,False,0.43068453669548035,1.1642075777053833,2.8845911026000977,-2.2951769828796387,False,1.8834186792373657,2.3941519260406494,False,1.916670560836792,1.5000000000000009,1.8834186792373657,2.3941519260406494,False
isaac,march,7,12,direct,0.5,0.2,False,False,0.4307660758495331,1.070621132850647,7.008809566497803,2.366046667098999,False,1.9755876064300537,2.2878470420837402,False,2.033534288406372,1.6400000000000006,1.9755876064300537,2.2878470420837402,False
isaac,march,7,13,direct,0.5,0.2,False,False,0.42702487111091614,1.1212157011032104,2.1802194118499756,-1.813019871711731,False,2.069939136505127,1.8432344198226929,False,2.2060725688934326,1.8800000000000008,2.069939136505127,1.8432344198226929,False
isaac,march,7,14,direct,0.5,0.2,True,False,0.416459858417511,0.04529872164130211,0.27982601523399353,0.08715727925300598,False,0.4434840977191925,0.36485588550567627,True,0.8603214025497437,10.0,0.4434840977191925,0.36485588550567627,False
isaac,march,7,15,direct,0.5,0.2,True,False,0.4924001693725586,0.0456782691180706,0.29164817929267883,0.1136542558670044,False,0.5047844648361206,0.34154844284057617,True,0.8500812649726868,10.0,0.5047844648361206,0.34154844284057617,False
isaac,march,8,0,ramp_0.5,0.5,0.2,True,False,0.24210618436336517,0.04548738896846771,0.30957213044166565,0.10807937383651733,False,0.20932230353355408,0.42108964920043945,True,1.0272371768951416,10.0,0.38558781147003174,0.47248923778533936,False
isaac,march,8,1,ramp_0.5,0.5,0.2,True,False,0.23209501802921295,0.04434608295559883,0.2970270812511444,0.06169158220291138,False,0.14291167259216309,0.3112570643424988,True,1.0600504875183105,10.0,0.319684773683548,0.3655763864517212,False
isaac,march,8,2,ramp_0.5,0.5,0.2,True,False,0.232209712266922,0.04474712535738945,0.27791401743888855,0.044104814529418945,False,0.23256468772888184,0.26622509956359863,True,0.915203332901001,10.0,0.409507691860199,0.3186737298965454,False
isaac,march,8,3,ramp_0.5,0.5,0.2,True,False,0.23624669015407562,0.050182849168777466,0.2973130941390991,0.057225942611694336,False,0.21465231478214264,0.29802191257476807,True,0.9153193831443787,10.000000000000002,0.3954002559185028,0.3531486988067627,False
isaac,march,8,4,ramp_0.5,0.5,0.2,True,False,0.2659696638584137,0.043054237961769104,0.27476853132247925,0.06792902946472168,False,0.2603343427181244,0.2893683910369873,True,0.7781784534454346,10.0,0.36812353134155273,0.3484426736831665,False
isaac,march,8,5,ramp_0.5,0.5,0.2,True,False,0.2996452748775482,0.04332093149423599,0.2774299085140228,0.057218313217163086,False,0.28958961367607117,0.2742593288421631,True,0.8070404529571533,10.0,0.4116102457046509,0.3306030035018921,False
isaac,march,8,6,ramp_0.5,0.5,0.2,True,False,0.2632652819156647,0.046286746859550476,0.28250497579574585,0.05292868614196777,False,0.3200529217720032,0.29384636878967285,True,0.8597643375396729,10.0,0.4562545418739319,0.23562002182006836,False
isaac,march,8,7,ramp_0.5,0.5,0.2,True,False,0.24413569271564484,0.042665429413318634,0.26039624214172363,0.04741668701171875,False,0.32204151153564453,0.22684335708618164,True,0.8313264846801758,10.000000000000002,0.44960880279541016,0.17598986625671387,False
isaac,march,8,8,ramp_0.5,0.5,0.2,True,False,0.2095584273338318,0.044665854424238205,0.2731299102306366,0.028131484985351562,False,0.3648160398006439,0.18086910247802734,True,0.8584519028663635,10.0,0.463853657245636,0.23004817962646484,False
isaac,march,8,9,ramp_0.5,0.5,0.2,True,False,0.22062700986862183,0.04315875098109245,0.2800605297088623,0.01594400405883789,False,0.3370039165019989,0.2806663513183594,True,0.8362958431243896,10.0,0.41971778869628906,0.33231306076049805,False
isaac,march,8,10,ramp_0.5,0.5,0.2,True,False,0.22173649072647095,0.04450426623225212,0.2844596207141876,-0.0017929896712303162,False,0.33094522356987,0.34319359064102173,True,0.8464321494102478,10.0,0.42938217520713806,0.38720256090164185,False
isaac,march,8,11,ramp_0.5,0.5,0.2,True,False,0.21966035664081573,0.043852634727954865,0.27635475993156433,0.012504484504461288,False,0.3095521628856659,0.4065311551094055,True,0.8230410814285278,10.0,0.40967920422554016,0.4464164078235626,False
isaac,march,8,12,ramp_0.5,0.5,0.2,True,False,0.2223021686077118,0.049585480242967606,0.2837965190410614,0.027790963649749756,False,0.3062151074409485,0.3721648156642914,True,0.8196308612823486,10.0,0.41092053055763245,0.4153127372264862,False
isaac,march,8,13,ramp_0.5,0.5,0.2,True,False,0.2259666919708252,0.04430690035223961,0.2586888372898102,0.03972434997558594,False,0.26806893944740295,0.2839221954345703,True,0.7708377838134766,10.0,0.3818235993385315,0.32294726371765137,False
isaac,march,8,14,ramp_0.5,0.5,0.2,True,False,0.2621675431728363,0.04978902265429497,0.28146544098854065,0.08226671814918518,False,0.282153844833374,0.2386186420917511,True,0.9534814357757568,10.0,0.46081987023353577,0.2844198942184448,False
isaac,march,8,15,ramp_0.5,0.5,0.2,True,False,0.2456110417842865,0.04503973200917244,0.30878570675849915,0.12888145446777344,False,0.28623056411743164,0.25397956371307373,True,0.9571636319160461,10.0,0.46824851632118225,0.3030123710632324,False
isaac,march,9,0,ramp_1.5,0.5,0.2,True,False,0.0637526661157608,0.04537859186530113,0.3124852478504181,0.1142348051071167,False,0.3873622715473175,0.36184459924697876,True,1.1594221591949463,10.0,0.5968389511108398,0.5055758357048035,False
isaac,march,9,1,ramp_1.5,0.5,0.2,True,False,0.061324071139097214,0.04436902329325676,0.2985410988330841,0.06435489654541016,False,0.37264424562454224,0.2219213843345642,True,1.1580443382263184,10.000000000000004,0.5908364057540894,0.35461628437042236,False
isaac,march,9,2,ramp_1.5,0.5,0.2,True,False,0.05808890610933304,0.04446009173989296,0.27707216143608093,0.055246829986572266,False,0.28544002771377563,0.1696377992630005,True,1.069159984588623,10.000000000000002,0.6148914694786072,0.2831028699874878,False
isaac,march,9,3,ramp_1.5,0.5,0.2,True,False,0.05560050532221794,0.04542114585638046,0.2643572986125946,0.048126816749572754,False,0.27857422828674316,0.20834839344024658,True,1.075596809387207,10.000000000000002,0.624039351940155,0.18872272968292236,False
isaac,march,9,4,ramp_1.5,0.5,0.2,True,True,0.14110346138477325,0.042495835572481155,0.264824241399765,0.06662154197692871,False,0.1447434276342392,0.17776954174041748,True,1.134734869003296,10.0,0.556450605392456,0.33004117012023926,False
isaac,march,9,5,ramp_1.5,0.5,0.2,False,False,0.1396842896938324,0.7949459552764893,1.114357590675354,0.35744404792785645,False,1.028218388557434,0.34297680854797363,False,1.4846174716949463,1.3600000000000003,1.2114962339401245,0.4833139181137085,False
isaac,march,9,6,ramp_1.5,0.5,0.2,False,False,0.11227793991565704,0.9397329092025757,0.8921106457710266,0.1751844882965088,False,1.0625239610671997,0.2779049873352051,False,1.5095088481903076,1.2200000000000006,1.2438737154006958,0.29687976837158203,False
isaac,march,9,7,ramp_1.5,0.5,0.2,False,False,0.09192598611116409,0.8413035273551941,1.5617163181304932,0.38794922828674316,False,1.1943984031677246,0.36058831214904785,False,1.6468665599822998,1.2200000000000006,1.3985493183135986,0.49697279930114746,False
isaac,march,9,8,ramp_1.5,0.5,0.2,False,False,0.07499182969331741,1.0002069473266602,0.8340179920196533,0.06830310821533203,False,0.9802021384239197,0.31345701217651367,False,1.4184808731079102,1.12,1.1225323677062988,0.172835111618042,False
isaac,march,9,9,ramp_1.5,0.5,0.2,False,False,0.08912494778633118,0.9049867987632751,1.4349044561386108,0.1775960922241211,False,1.1927087306976318,0.39234018325805664,False,1.6442474126815796,1.2200000000000015,1.4055311679840088,0.29308366775512695,False
isaac,march,9,10,ramp_1.5,0.5,0.2,True,False,0.06714217364788055,0.04602368175983429,0.2812177538871765,-0.018469735980033875,False,0.11183945834636688,0.32028767466545105,True,1.2108876705169678,10.000000000000002,0.5490885376930237,0.46397674083709717,False
isaac,march,9,11,ramp_1.5,0.5,0.2,True,False,0.15314970910549164,0.04334375634789467,0.28015920519828796,0.008975877426564693,False,0.2658844590187073,0.3852682411670685,True,1.0436465740203857,10.000000000000002,0.5662488341331482,0.5280846953392029,False
isaac,march,9,12,ramp_1.5,0.5,0.2,True,False,0.11073954403400421,0.04342905059456825,0.26405882835388184,0.01623213291168213,False,0.24431242048740387,0.35955512523651123,True,1.0347315073013306,10.0,0.555882453918457,0.4904932975769043,False
isaac,march,9,13,ramp_1.5,0.5,0.2,True,False,0.13859744369983673,0.04387044534087181,0.25931668281555176,0.0400848388671875,False,0.3505885601043701,0.36298274993896484,True,1.0951063632965088,10.0,0.616813600063324,0.49173569679260254,False
isaac,march,9,14,ramp_1.5,0.5,0.2,True,False,0.08210331201553345,0.04524018242955208,0.27830153703689575,0.08382660150527954,False,0.36663028597831726,0.35909825563430786,True,1.099574327468872,10.0,0.5842399001121521,0.4909263849258423,False
isaac,march,9,15,ramp_1.5,0.5,0.2,True,False,0.06651314347982407,0.04579517990350723,0.2967289090156555,0.11903464794158936,False,0.42310091853141785,0.5186835527420044,True,1.171790599822998,10.0,0.6049638390541077,0.6481932401657104,False
isaac,march,10,0,direct,1.0,-0.2,False,False,0.8678512573242188,1.3250008821487427,4.767874717712402,-2.427603006362915,False,1.4173821210861206,2.209503650665283,False,1.4261128902435303,0.96,1.4173821210861206,2.209503650665283,False
isaac,march,10,1,direct,1.0,-0.2,False,False,0.8732320666313171,1.1955286264419556,1.7116649150848389,0.8619259595870972,False,1.1832356452941895,1.1210907697677612,False,1.1859557628631592,0.8200000000000012,1.1832356452941895,1.1210907697677612,False
isaac,march,10,2,direct,1.0,-0.2,False,False,0.8750936985015869,1.0463616847991943,2.6636862754821777,1.2523376941680908,False,0.8929463624954224,1.5223684310913086,False,0.8969732522964478,0.7400000000000002,0.8929463624954224,1.5223684310913086,False
isaac,march,10,3,direct,1.0,-0.2,True,False,0.922489583492279,0.04455842822790146,0.2643378674983978,0.04291892051696777,False,0.7799850702285767,0.7327524423599243,True,1.2754745483398438,10.000000000000002,0.7799850702285767,0.7327524423599243,False
isaac,march,10,4,direct,1.0,-0.2,False,False,0.888411819934845,1.1606446504592896,4.277769565582275,1.8288631439208984,False,1.492195963859558,2.0096077919006348,False,1.5075150728225708,1.1600000000000001,1.492195963859558,2.0096077919006348,False
isaac,march,10,5,direct,1.0,-0.2,False,False,0.8639471530914307,1.1967231035232544,6.767679691314697,1.7640275955200195,False,1.5285366773605347,1.9578460454940796,False,1.5409519672393799,1.080000000000001,1.5285366773605347,1.9578460454940796,False
isaac,march,10,6,direct,1.0,-0.2,False,False,0.8571696877479553,1.205399990081787,10.349961280822754,2.2836720943450928,False,1.6114732027053833,2.484156370162964,False,1.6216906309127808,1.1000000000000005,1.6114732027053833,2.484156370162964,False
isaac,march,10,7,direct,1.0,-0.2,False,False,0.8535124063491821,1.1333625316619873,5.415273189544678,1.8270115852355957,False,1.44247567653656,2.029247999191284,False,1.4501056671142578,1.1000000000000005,1.44247567653656,2.029247999191284,False
isaac,march,10,8,direct,1.0,-0.2,False,False,0.8579575419425964,1.0646545886993408,5.505886077880859,2.205836772918701,False,1.32443106174469,2.4038467407226562,False,1.3296623229980469,1.12,1.32443106174469,2.4038467407226562,False
isaac,march,10,9,direct,1.0,-0.2,False,False,0.860237717628479,0.9738959074020386,17.021209716796875,-2.8502838611602783,False,1.1752610206604004,2.644357204437256,False,1.181205153465271,1.040000000000001,1.1752610206604004,2.644357204437256,False
isaac,march,10,10,direct,1.0,-0.2,False,False,0.8647887706756592,0.939694344997406,5.057240009307861,-2.872556686401367,False,0.8050324320793152,2.619284152984619,False,0.8391699194908142,0.8600000000000003,0.8050324320793152,2.619284152984619,False
isaac,march,10,11,direct,1.0,-0.2,False,False,0.8951650857925415,0.9773840308189392,4.235325813293457,-2.3304800987243652,False,0.622780442237854,2.0307164192199707,False,0.6367648243904114,0.6400000000000006,0.622780442237854,2.0307164192199707,False
isaac,march,10,12,direct,1.0,-0.2,False,False,0.8864083290100098,1.3766487836837769,3.0152697563171387,-2.325310707092285,False,1.857316493988037,2.155506134033203,False,1.8825068473815918,1.2199999999999998,1.857316493988037,2.155506134033203,False
isaac,march,10,13,direct,1.0,-0.2,False,False,0.8705917000770569,1.1884381771087646,4.652234077453613,1.8410801887512207,False,2.0326483249664307,1.9339406490325928,False,2.0758824348449707,1.5600000000000005,2.0326483249664307,1.9339406490325928,False
isaac,march,10,14,direct,1.0,-0.2,False,False,0.8566808104515076,1.2498911619186401,3.6973767280578613,1.4746828079223633,False,2.3375282287597656,1.5641870498657227,False,2.364999294281006,1.5600000000000005,2.3375282287597656,1.5641870498657227,False
isaac,march,10,15,direct,1.0,-0.2,False,False,0.860892653465271,1.339995265007019,3.0223045349121094,-2.11747670173645,False,1.7428066730499268,1.9284722805023193,False,1.7708662748336792,1.1400000000000006,1.7428066730499268,1.9284722805023193,False
isaac,march,11,0,ramp_0.5,1.0,-0.2,True,False,0.5031760931015015,0.047376733273267746,0.31631067395210266,0.09827625751495361,False,0.47416478395462036,0.49085676670074463,True,1.1783921718597412,10.0,0.7534753680229187,0.4112774133682251,False
isaac,march,11,1,ramp_0.5,1.0,-0.2,True,False,0.5028342008590698,0.0443253368139267,0.29816338419914246,0.0661008358001709,False,0.3397136330604553,0.16843724250793457,True,1.0692284107208252,10.0,0.6367745399475098,0.2516601085662842,False
isaac,march,11,2,ramp_0.5,1.0,-0.2,True,False,0.5210325121879578,0.044060926884412766,0.27456384897232056,0.05073385685682297,False,0.24462339282035828,0.9708700180053711,True,1.2457470893859863,10.0,0.6150038242340088,1.0526583194732666,False
isaac,march,11,3,ramp_0.5,1.0,-0.2,True,False,0.5500385761260986,0.05062960088253021,0.29953712224960327,0.05518531799316406,False,0.2461152821779251,0.34908175468444824,True,1.143533706665039,10.000000000000002,0.61574387550354,0.2647848129272461,False
isaac,march,11,4,ramp_0.5,1.0,-0.2,True,False,0.5460658669471741,0.043063677847385406,0.2670256197452545,0.07364749908447266,False,0.5052073001861572,0.49456560611724854,True,1.4455077648162842,10.0,0.8800945281982422,0.40951400995254517,False
isaac,march,11,5,ramp_0.5,1.0,-0.2,False,False,0.5116746425628662,0.8052237033843994,1.2593882083892822,0.6239443421363831,False,1.462215542793274,0.6808298826217651,False,1.8541072607040405,1.580000000000001,1.7247834205627441,0.602458119392395,False
isaac,march,11,6,ramp_0.5,1.0,-0.2,False,False,0.504436731338501,0.91274493932724,0.9777594208717346,0.23462677001953125,False,1.14406156539917,0.363649845123291,False,1.5513497591018677,1.2400000000000002,1.3184874057769775,0.2886672019958496,False
isaac,march,11,7,ramp_0.5,1.0,-0.2,False,False,0.5032216310501099,0.946570873260498,0.6777985692024231,-0.01743924617767334,False,0.9835306406021118,0.2168135643005371,False,1.3993128538131714,1.2200000000000006,1.1034009456634521,0.28081536293029785,False
isaac,march,11,8,ramp_0.5,1.0,-0.2,True,False,0.519578218460083,0.04932108148932457,0.2975863814353943,0.04169154167175293,False,0.16806359589099884,0.4621756076812744,True,1.1217280626296997,10.0,0.5346574783325195,0.40090155601501465,False
isaac,march,11,9,ramp_0.5,1.0,-0.2,True,False,0.541344165802002,0.04551183804869652,0.276873916387558,0.0012143850326538086,False,0.32277557253837585,0.3324087858200073,True,1.0455023050308228,10.0,0.5917747020721436,0.26861774921417236,False
isaac,march,11,10,ramp_0.5,1.0,-0.2,True,False,0.5169578194618225,0.043882694095373154,0.28813883662223816,-0.006654858589172363,False,0.36765536665916443,0.29735517501831055,True,1.0695457458496094,10.0,0.6532483696937561,0.231009840965271,False
isaac,march,11,11,ramp_0.5,1.0,-0.2,True,False,0.48238328099250793,0.0435662567615509,0.2772502601146698,0.000960230827331543,False,0.3821202218532562,0.19293713569641113,True,1.0768558979034424,10.0,0.6689432263374329,0.19606471061706543,False
isaac,march,11,12,ramp_0.5,1.0,-0.2,True,False,0.4593155086040497,0.04294004663825035,0.2650156319141388,0.01038360595703125,False,0.37177547812461853,0.22805345058441162,True,1.0599627494812012,10.0,0.6482475399971008,0.2136845588684082,False
isaac,march,11,13,ramp_0.5,1.0,-0.2,True,False,0.4705149531364441,0.04399736970663071,0.25629374384880066,0.03935599327087402,False,0.40459707379341125,0.2245948314666748,True,1.0901689529418945,10.0,0.6765903234481812,0.17473435401916504,False
isaac,march,11,14,ramp_0.5,1.0,-0.2,True,False,0.4869500994682312,0.04396531730890274,0.2703184187412262,0.07009005546569824,False,0.4238531291484833,0.21559882164001465,True,1.1386629343032837,10.0,0.6778940558433533,0.14571404457092285,False
isaac,march,11,15,ramp_0.5,1.0,-0.2,False,False,0.5019615888595581,0.85089510679245,3.4653306007385254,-1.0173964500427246,False,1.383007287979126,0.981595516204834,False,1.7844115495681763,1.7000000000000002,1.629401683807373,1.0645787715911865,False
isaac,march,12,0,ramp_1.5,1.0,-0.2,True,False,0.17018258571624756,0.04550139233469963,0.3096911311149597,0.10357379913330078,False,0.119505375623703,0.3469841480255127,True,1.8842222690582275,10.0,0.9772798418998718,0.5534927845001221,False
isaac,march,12,1,ramp_1.5,1.0,-0.2,True,False,0.16105952858924866,0.04577288776636124,0.30445942282676697,0.08380675315856934,False,0.19137293100357056,0.3748844861984253,True,1.6163562536239624,10.000000000000004,1.07396399974823,0.27134227752685547,False
isaac,march,12,2,ramp_1.5,1.0,-0.2,True,False,0.17846311628818512,0.043837618082761765,0.2745814919471741,0.047660768032073975,False,0.23920020461082458,0.25409284234046936,True,1.4807099103927612,10.000000000000002,1.059773564338684,0.22673442959785461,False
isaac,march,12,3,ramp_1.5,1.0,-0.2,True,False,0.20597057044506073,0.04255696013569832,0.25733572244644165,0.03818821907043457,False,0.37956246733665466,0.3811020851135254,True,1.5737996101379395,10.000000000000002,1.0864899158477783,0.25562620162963867,False
isaac,march,12,4,ramp_1.5,1.0,-0.2,True,False,0.20337937772274017,0.042927347123622894,0.2717664837837219,0.07542288303375244,False,0.31478947401046753,0.2577905058860779,True,1.5313596725463867,10.0,1.0949974060058594,0.4595128893852234,False
isaac,march,12,5,ramp_1.5,1.0,-0.2,True,False,0.17392967641353607,0.0434953048825264,0.2791648805141449,0.05956268310546875,False,0.2964476943016052,0.23485681414604187,True,1.52553391456604,10.0,1.0805929899215698,0.4347634017467499,False
isaac,march,12,6,ramp_1.5,1.0,-0.2,True,False,0.1813555806875229,0.042235277593135834,0.26076897978782654,0.05205059051513672,False,0.31660863757133484,0.24268054962158203,True,1.5589008331298828,10.0,1.1142196655273438,0.4428977966308594,False
isaac,march,12,7,ramp_1.5,1.0,-0.2,True,False,0.15836243331432343,0.04257403686642647,0.26043975353240967,0.04602217674255371,False,0.3293071687221527,0.17261409759521484,True,1.5372307300567627,10.0,1.1153647899627686,0.36972177028656006,False
isaac,march,12,8,ramp_1.5,1.0,-0.2,True,False,0.1532251536846161,0.04810343310236931,0.29017889499664307,0.030487775802612305,False,0.3592766225337982,0.16838407516479492,True,1.545450210571289,10.0,1.104738473892212,0.312957763671875,False
isaac,march,12,9,ramp_1.5,1.0,-0.2,True,False,0.15418262779712677,0.04563413932919502,0.2773633599281311,0.000626683235168457,False,0.34862929582595825,0.2812516689300537,True,1.557593584060669,10.0,1.0686777830123901,0.2917792797088623,False
isaac,march,12,10,ramp_1.5,1.0,-0.2,True,False,0.14849723875522614,0.04384397342801094,0.2822313904762268,0.002185344696044922,False,0.30096161365509033,0.35688555240631104,True,1.5277838706970215,10.000000000000002,1.0522278547286987,0.283982515335083,False
isaac,march,12,11,ramp_1.5,1.0,-0.2,True,False,0.15226007997989655,0.043813467025756836,0.2781476080417633,0.007128477096557617,False,0.2670642137527466,0.21813225746154785,True,1.4825999736785889,10.000000000000002,1.0628023147583008,0.2864701747894287,False
isaac,march,12,12,ramp_1.5,1.0,-0.2,True,False,0.21758981049060822,0.043596550822257996,0.2633588910102844,0.014721870422363281,False,0.5054432153701782,0.3894784450531006,True,1.955667495727539,10.0,1.269087553024292,0.592587947845459,False
isaac,march,12,13,ramp_1.5,1.0,-0.2,True,False,0.2054545134305954,0.04448586329817772,0.260929137468338,0.047368526458740234,False,0.5396929979324341,0.29289984703063965,True,1.9457162618637085,10.0,1.383121132850647,0.500556468963623,False
isaac,march,12,14,ramp_1.5,1.0,-0.2,True,False,0.21031203866004944,0.04689697548747063,0.26946112513542175,0.08001524209976196,False,0.23469096422195435,0.3497995138168335,True,1.7296708822250366,10.0,1.115207552909851,0.44348156452178955,False
isaac,march,12,15,ramp_1.5,1.0,-0.2,True,False,0.18728287518024445,0.04487854987382889,0.30346089601516724,0.12427520751953125,False,0.27402710914611816,0.2579340934753418,True,1.716109275817871,10.0,1.160667896270752,0.4705386161804199,False
isaac,march,13,0,direct,1.0,0.0,False,False,0.8631303310394287,1.339465618133545,4.849695682525635,-2.1165380477905273,False,1.404178500175476,2.0981359481811523,False,1.4113564491271973,0.9400000000000004,1.404178500175476,2.0981359481811523,False
isaac,march,13,1,direct,1.0,0.0,False,False,0.8669886589050293,1.182579517364502,1.764963984489441,1.1485319137573242,False,1.199795126914978,1.1717511415481567,False,1.2022967338562012,0.8400000000000007,1.199795126914978,1.1717511415481567,False
isaac,march,13,2,direct,1.0,0.0,False,False,0.8707819581031799,1.0240652561187744,3.0548157691955566,1.6810141801834106,False,0.851168155670166,1.7111910581588745,False,0.854392945766449,0.7400000000000002,0.851168155670166,1.7111910581588745,False
isaac,march,13,3,direct,1.0,0.0,True,False,0.9269408583641052,0.048119351267814636,0.28540077805519104,1.8596649169921875e-05,False,0.7902750372886658,0.9170913696289062,True,1.3225886821746826,10.000000000000002,0.7902750372886658,0.9170913696289062,False
isaac,march,13,4,direct,1.0,0.0,False,False,0.8833882212638855,1.1441929340362549,6.103785514831543,-1.8565187454223633,False,1.3715509176254272,1.8368279933929443,False,1.388719916343689,1.0200000000000005,1.3715509176254272,1.8368279933929443,False
isaac,march,13,5,direct,1.0,0.0,False,False,0.863554835319519,1.1780812740325928,7.684954643249512,1.982082486152649,False,1.4492530822753906,2.005021095275879,False,1.462079405784607,1.0600000000000005,1.4492530822753906,2.005021095275879,False
isaac,march,13,6,direct,1.0,0.0,False,False,0.8484899997711182,1.2104007005691528,17.188467025756836,2.7349424362182617,False,1.5562630891799927,2.752072811126709,False,1.5653691291809082,1.1000000000000005,1.5562630891799927,2.752072811126709,False
isaac,march,13,7,direct,1.0,0.0,False,False,0.8446647524833679,1.0837481021881104,7.912458419799805,2.325368881225586,False,1.4043723344802856,2.347771644592285,False,1.4114609956741333,1.080000000000001,1.4043723344802856,2.347771644592285,False
isaac,march,13,8,direct,1.0,0.0,False,False,0.8491160869598389,1.0171504020690918,7.535495281219482,2.537545680999756,False,1.2328388690948486,2.556105136871338,False,1.2414097785949707,1.0600000000000005,1.2328388690948486,2.556105136871338,False
isaac,march,13,9,direct,1.0,0.0,False,False,0.8555880188941956,0.9664915204048157,6.7899017333984375,-2.1200180053710938,False,1.1933226585388184,2.095338821411133,False,1.202079176902771,1.0200000000000005,1.1933226585388184,2.095338821411133,False
isaac,march,13,10,direct,1.0,0.0,False,False,0.8569758534431458,0.9699544906616211,5.286468505859375,-2.4315598011016846,False,0.8623947501182556,2.403014898300171,False,0.8967438340187073,0.8799999999999999,0.8623947501182556,2.403014898300171,False
isaac,march,13,11,direct,1.0,0.0,False,False,0.9030385613441467,0.9700961112976074,4.627264499664307,-2.003016948699951,False,0.5968999266624451,1.9654744863510132,False,0.6066517233848572,0.620000000000001,0.5968999266624451,1.9654744863510132,False
isaac,march,13,12,direct,1.0,0.0,False,False,0.885903000831604,1.3911606073379517,3.3052608966827393,-2.1149916648864746,False,1.6598173379898071,2.08825945854187,False,1.6732840538024902,1.12,1.6598173379898071,2.08825945854187,False
isaac,march,13,13,direct,1.0,0.0,False,False,0.8639829158782959,1.2314122915267944,4.092446327209473,2.0613715648651123,False,2.08483624458313,2.073718786239624,False,2.1270499229431152,1.5600000000000005,2.08483624458313,2.073718786239624,False
isaac,march,13,14,direct,1.0,0.0,False,False,0.8555709719657898,1.2992157936096191,9.711624145507812,2.0681099891662598,False,2.289907455444336,2.0822505950927734,False,2.320711374282837,1.5,2.289907455444336,2.0822505950927734,False
isaac,march,13,15,direct,1.0,0.0,False,False,0.8604903817176819,1.3290979862213135,3.609163999557495,-2.0703160762786865,False,1.6222957372665405,2.0506021976470947,False,1.6421453952789307,1.080000000000001,1.6222957372665405,2.0506021976470947,False
isaac,march,14,0,ramp_0.5,1.0,0.0,True,False,0.504906415939331,0.04534018039703369,0.30965980887413025,0.11133146286010742,False,0.39591291546821594,0.36731016635894775,True,1.120351791381836,10.0,0.643892765045166,0.340653657913208,False
isaac,march,14,1,ramp_0.5,1.0,0.0,True,False,0.49731433391571045,0.04436279088258743,0.2976970076560974,0.06536388397216797,False,0.3239646255970001,0.2653472423553467,True,1.0626649856567383,10.0,0.6195412874221802,0.2927056550979614,False
isaac,march,14,2,ramp_0.5,1.0,0.0,True,False,0.5576145648956299,0.04435379058122635,0.27600207924842834,0.050316452980041504,False,0.3373805582523346,0.20073425769805908,True,1.0866484642028809,10.0,0.6972777843475342,0.23151743412017822,False
isaac,march,14,3,ramp_0.5,1.0,0.0,True,False,0.5438206791877747,0.047604795545339584,0.2792341709136963,0.03477907180786133,False,0.2054794877767563,0.4584306478500366,True,1.118736982345581,10.000000000000002,0.5715506672859192,0.425991415977478,False
isaac,march,14,4,ramp_0.5,1.0,0.0,True,False,0.5096397399902344,0.042976539582014084,0.2634187638759613,0.06091189384460449,False,0.1666121780872345,0.5499488711357117,True,1.131946325302124,10.0,0.5250087976455688,0.5218403339385986,False
isaac,march,14,5,ramp_0.5,1.0,0.0,False,False,0.4930671751499176,0.7788950204849243,1.655627965927124,1.0108994245529175,False,0.9978116750717163,1.0373462438583374,False,1.3896418809890747,1.4800000000000004,1.2814425230026245,1.0121246576309204,False
isaac,march,14,6,ramp_0.5,1.0,0.0,False,False,0.49129799008369446,0.858572244644165,1.1693096160888672,0.46604204177856445,False,1.1090749502182007,0.4850304126739502,False,1.5152509212493896,1.3000000000000007,1.2805355787277222,0.46571946144104004,False
isaac,march,14,7,ramp_0.5,1.0,0.0,False,False,0.4995850622653961,0.8695794939994812,0.9121690988540649,0.3772099018096924,False,1.0614161491394043,0.3927192687988281,False,1.4781345129013062,1.4000000000000004,1.1970900297164917,0.38074636459350586,False
isaac,march,14,8,ramp_0.5,1.0,0.0,True,False,0.521079421043396,0.04562480002641678,0.2734401822090149,0.030826091766357422,False,0.19903956353664398,0.42107558250427246,True,1.0856146812438965,10.0,0.5363916158676147,0.4131433963775635,False
isaac,march,14,9,ramp_0.5,1.0,0.0,True,False,0.5527971982955933,0.042229294776916504,0.26876795291900635,0.0034761428833007812,False,0.29584819078445435,0.3402893543243408,True,1.0229990482330322,10.0,0.5450817346572876,0.3354076147079468,False
isaac,march,14,10,ramp_0.5,1.0,0.0,True,False,0.4973441958427429,0.04300911724567413,0.2837357223033905,-0.001541733741760254,False,0.36482954025268555,0.28399986028671265,True,1.0655235052108765,10.0,0.6382008194923401,0.2759876847267151,False
isaac,march,14,11,ramp_0.5,1.0,0.0,True,False,0.4753573536872864,0.04395380616188049,0.2794486880302429,0.006320476531982422,False,0.3794620931148529,0.37826424837112427,True,1.0738543272018433,10.0,0.646316647529602,0.3634408116340637,False
isaac,march,14,12,ramp_0.5,1.0,0.0,True,False,0.4637230336666107,0.04341372847557068,0.2642621397972107,0.013954997062683105,False,0.39047741889953613,0.22922837734222412,True,1.075855016708374,10.0,0.6671587824821472,0.21638596057891846,False
isaac,march,14,13,ramp_0.5,1.0,0.0,True,False,0.47361141443252563,0.043810274451971054,0.2596093416213989,0.04405713081359863,False,0.40598633885383606,0.2171778678894043,True,1.084986925125122,10.0,0.676037073135376,0.19919538497924805,False
isaac,march,14,14,ramp_0.5,1.0,0.0,True,False,0.48660025000572205,0.044561538845300674,0.27728012204170227,0.06380578875541687,False,0.42638862133026123,0.190473735332489,True,1.1342415809631348,10.0,0.6690587997436523,0.16836264729499817,False
isaac,march,14,15,ramp_0.5,1.0,0.0,True,False,0.5021872520446777,0.046159252524375916,0.29567307233810425,0.11661529541015625,False,0.8146711587905884,0.4002819061279297,True,1.5339871644973755,10.0,1.010288953781128,0.42710351943969727,False
isaac,march,15,0,ramp_1.5,1.0,0.0,True,False,0.1754341870546341,0.04528637230396271,0.3135111927986145,0.11718618869781494,False,0.13128206133842468,0.3443148136138916,True,1.8628389835357666,10.0,1.0046144723892212,0.39305293560028076,False
isaac,march,15,1,ramp_1.5,1.0,0.0,True,False,0.16721530258655548,0.044745057821273804,0.2968839108943939,0.07231283187866211,False,0.20016665756702423,0.38345205783843994,True,1.6162883043289185,10.000000000000004,1.075132966041565,0.32862401008605957,False
isaac,march,15,2,ramp_1.5,1.0,0.0,True,False,0.16451379656791687,0.04462846741080284,0.27638667821884155,0.04100489616394043,False,0.24003912508487701,0.23554325103759766,True,1.4965910911560059,10.000000000000002,1.0672247409820557,0.1811237335205078,False
isaac,march,15,3,ramp_1.5,1.0,0.0,True,False,0.23954057693481445,0.046331796795129776,0.2728442847728729,0.03470897674560547,False,0.3010313808917999,0.2606379985809326,True,1.5033464431762695,10.000000000000002,1.0354102849960327,0.21152567863464355,False
isaac,march,15,4,ramp_1.5,1.0,0.0,True,False,0.21506479382514954,0.04403048753738403,0.26288023591041565,0.058583974838256836,False,0.30526456236839294,0.2936738133430481,True,1.5469908714294434,10.0,1.0789389610290527,0.3458261489868164,False
isaac,march,15,5,ramp_1.5,1.0,0.0,True,False,0.1766297072172165,0.04240313172340393,0.27490296959877014,0.06246078014373779,False,0.2973695397377014,0.23449194431304932,True,1.5332422256469727,10.0,1.0605510473251343,0.2854806184768677,False
isaac,march,15,6,ramp_1.5,1.0,0.0,True,False,0.1510879397392273,0.042168956249952316,0.2623094320297241,0.05879974365234375,False,0.3263162672519684,0.17632722854614258,True,1.5287351608276367,10.0,1.0784751176834106,0.19917631149291992,False
isaac,march,15,7,ramp_1.5,1.0,0.0,True,False,0.15461844205856323,0.04264315217733383,0.2587054669857025,0.0535433292388916,False,0.33770787715911865,0.20419836044311523,True,1.5351256132125854,10.0,1.0834245681762695,0.17571043968200684,False
isaac,march,15,8,ramp_1.5,1.0,0.0,True,False,0.1622435450553894,0.04448453709483147,0.2640889286994934,0.03020644187927246,False,0.3602665364742279,0.21510028839111328,True,1.5821057558059692,10.0,1.0841425657272339,0.16463136672973633,False
isaac,march,15,9,ramp_1.5,1.0,0.0,True,False,0.16584959626197815,0.04478112608194351,0.2790583372116089,0.01009511947631836,False,0.3508521616458893,0.2778444290161133,True,1.537649393081665,10.0,1.040345549583435,0.23563134670257568,False
isaac,march,15,10,ramp_1.5,1.0,0.0,True,False,0.15884776413440704,0.04330992326140404,0.28081926703453064,0.0018808841705322266,False,0.2892296612262726,0.3641475439071655,True,1.5036509037017822,10.000000000000002,1.0179165601730347,0.318234920501709,False
isaac,march,15,11,ramp_1.5,1.0,0.0,True,False,0.1922212839126587,0.044118594378232956,0.27965247631073,0.013289690017700195,False,0.23478317260742188,0.16618871688842773,True,1.4804635047912598,10.000000000000002,1.057356834411621,0.20518052577972412,False
isaac,march,15,12,ramp_1.5,1.0,0.0,False,False,0.22056426107883453,0.8125151991844177,3.6137619018554688,0.630190908908844,False,0.9290170669555664,0.7598637342453003,False,1.824429988861084,1.1800000000000006,1.573191523551941,0.8043735027313232,False
isaac,march,15,13,ramp_1.5,1.0,0.0,True,False,0.24002715945243835,0.049030400812625885,0.2815771996974945,0.04062986373901367,False,0.5102642178535461,0.2799386978149414,True,1.8983790874481201,10.0,1.3718979358673096,0.33800625801086426,False
isaac,march,15,14,ramp_1.5,1.0,0.0,True,False,0.21587006747722626,0.047190021723508835,0.2850880026817322,0.090584397315979,False,0.3020753562450409,0.24969413876533508,True,1.6729395389556885,10.0,1.1918041706085205,0.3054044246673584,False
isaac,march,15,15,ramp_1.5,1.0,0.0,True,False,0.19134363532066345,0.045675233006477356,0.2970471680164337,0.11666440963745117,False,0.2629470229148865,0.3338134288787842,True,1.6886005401611328,10.0,1.145270824432373,0.30212974548339844,False
isaac,march,16,0,direct,1.0,0.2,False,False,0.8668408989906311,1.2768076658248901,6.287638187408447,-2.0957248210906982,False,1.4156233072280884,2.295846462249756,False,1.4223694801330566,0.9400000000000004,1.4156233072280884,2.295846462249756,False
isaac,march,16,1,direct,1.0,0.2,False,False,0.8651940822601318,1.1674370765686035,2.11238694190979,1.4896037578582764,False,1.2265256643295288,1.2775349617004395,False,1.2303142547607422,0.8600000000000012,1.2265256643295288,1.2775349617004395,False
isaac,march,16,2,direct,1.0,0.2,False,False,0.8734845519065857,1.022603154182434,3.1033928394317627,2.0081701278686523,False,0.8402834534645081,1.7809181213378906,False,0.8429381251335144,0.7400000000000002,0.8402834534645081,1.7809181213378906,False
isaac,march,16,3,direct,1.0,0.2,True,False,0.9289146065711975,0.04760241508483887,0.2823260426521301,0.010991513729095459,False,0.8435894250869751,1.0496759414672852,True,1.4275717735290527,10.000000000000002,0.8435894250869751,1.0496759414672852,False
isaac,march,16,4,direct,1.0,0.2,False,False,0.8866304755210876,1.180776596069336,3.204706907272339,-0.9982991218566895,False,1.3937865495681763,1.1788146495819092,False,1.4124813079833984,1.0,1.3937865495681763,1.1788146495819092,False
isaac,march,16,5,direct,1.0,0.2,False,False,0.8612892627716064,1.177664041519165,4.665453910827637,2.315657138824463,False,1.5927140712738037,2.154337167739868,False,1.6044421195983887,1.1400000000000006,1.5927140712738037,2.154337167739868,False
isaac,march,16,6,direct,1.0,0.2,False,False,0.8435072302818298,1.1941750049591064,6.593699932098389,2.534632921218872,False,1.6482187509536743,2.3693270683288574,False,1.6557464599609375,1.12,1.6482187509536743,2.3693270683288574,False
isaac,march,16,7,direct,1.0,0.2,False,False,0.8400773406028748,1.1431211233139038,4.935850620269775,2.45993709564209,False,1.4560885429382324,2.296383857727051,False,1.4642987251281738,1.120000000000001,1.4560885429382324,2.296383857727051,False
isaac,march,16,8,direct,1.0,0.2,False,False,0.8454656004905701,1.0418992042541504,6.311432361602783,2.585195302963257,False,1.263455867767334,2.4108457565307617,False,1.2727317810058594,1.04,1.263455867767334,2.4108457565307617,False
isaac,march,16,9,direct,1.0,0.2,False,False,0.8587228059768677,0.9401171207427979,2.4803707599639893,-1.0950947999954224,False,0.924471914768219,1.2963660955429077,False,0.9356226921081543,0.8600000000000003,0.924471914768219,1.2963660955429077,False
isaac,march,16,10,direct,1.0,0.2,False,False,0.8623403310775757,0.9873105883598328,6.530434608459473,-2.356675624847412,False,0.8956500887870789,2.5525527000427246,False,0.9252879023551941,0.8799999999999999,0.8956500887870789,2.5525527000427246,False
isaac,march,16,11,direct,1.0,0.2,False,False,0.9113908410072327,1.0047717094421387,4.726200103759766,-1.7461090087890625,False,0.6020952463150024,1.9891759157180786,False,0.6134254932403564,0.6400000000000006,0.6020952463150024,1.9891759157180786,False
isaac,march,16,12,direct,1.0,0.2,False,False,0.888950765132904,1.3923858404159546,3.406578302383423,-1.9026504755020142,False,1.6670600175857544,2.0528407096862793,False,1.6805514097213745,1.12,1.6670600175857544,2.0528407096862793,False
isaac,march,16,13,direct,1.0,0.2,False,False,0.8676374554634094,1.2462785243988037,6.146728515625,2.11468243598938,False,2.100825071334839,2.0337090492248535,False,2.1354849338531494,1.5200000000000005,2.100825071334839,2.0337090492248535,False
isaac,march,16,14,direct,1.0,0.2,False,False,0.8606780171394348,1.2995047569274902,3.545830488204956,-1.9950484037399292,False,1.8774064779281616,2.1262333393096924,False,1.9047760963439941,1.2999999999999998,1.8774064779281616,2.1262333393096924,False
isaac,march,16,15,direct,1.0,0.2,False,False,0.8658064007759094,1.3289601802825928,3.6081271171569824,-1.8651375770568848,False,1.6332128047943115,2.0294790267944336,False,1.6522904634475708,1.080000000000001,1.6332128047943115,2.0294790267944336,False
isaac,march,17,0,ramp_0.5,1.0,0.2,True,False,0.5074250102043152,0.04548785090446472,0.3103311359882355,0.10290616750717163,False,0.3729054927825928,0.32405781745910645,True,1.097029447555542,10.0,0.618689775466919,0.3518953323364258,False
isaac,march,17,1,ramp_0.5,1.0,0.2,True,False,0.5037018060684204,0.044365350157022476,0.29525893926620483,0.06446695327758789,False,0.3096628189086914,0.25929486751556396,True,1.0539846420288086,10.0,0.6064525842666626,0.23613834381103516,False
isaac,march,17,2,ramp_0.5,1.0,0.2,True,False,0.5531593561172485,0.04566628858447075,0.2753310203552246,0.05639457702636719,False,0.2866860330104828,0.17765355110168457,True,1.0853495597839355,10.0,0.6487001776695251,0.19995903968811035,False
isaac,march,17,3,ramp_0.5,1.0,0.2,True,False,0.5210149884223938,0.05023202300071716,0.28825101256370544,0.06183815002441406,False,0.19936728477478027,0.5395398736000061,True,1.1332123279571533,10.000000000000002,0.557032585144043,0.5647639632225037,False
isaac,march,17,4,ramp_0.5,1.0,0.2,True,False,0.5013932585716248,0.04313215613365173,0.2657574713230133,0.06887698173522949,False,0.16148260235786438,0.370441198348999,True,1.173438310623169,10.0,0.5353078246116638,0.39592719078063965,False
isaac,march,17,5,ramp_0.5,1.0,0.2,False,False,0.4891926050186157,0.8086406588554382,1.3544751405715942,0.8041715621948242,False,1.2338069677352905,0.756212592124939,False,1.6286609172821045,1.4000000000000004,1.492066502571106,0.7864623069763184,False
isaac,march,17,6,ramp_0.5,1.0,0.2,False,False,0.48813897371292114,0.8181292414665222,1.2028669118881226,0.5579700469970703,False,1.1574569940567017,0.49074220657348633,False,1.5582009553909302,1.3399999999999999,1.3712507486343384,0.5279169082641602,False
isaac,march,17,7,ramp_0.5,1.0,0.2,False,False,0.4985334277153015,0.8930623531341553,0.9870498180389404,0.4964559078216553,False,0.9515087604522705,0.409745454788208,False,1.363898515701294,1.2800000000000011,1.1305586099624634,0.4514045715332031,False
isaac,march,17,8,ramp_0.5,1.0,0.2,True,False,0.5192717909812927,0.043698471039533615,0.25766506791114807,0.020960450172424316,False,0.18183813989162445,0.4871007204055786,True,1.1143367290496826,10.0,0.5313658714294434,0.5345619916915894,False
isaac,march,17,9,ramp_0.5,1.0,0.2,True,False,0.5773149132728577,0.04217829555273056,0.28324466943740845,0.021047115325927734,False,0.28407227993011475,0.31558918952941895,True,1.0176632404327393,10.0,0.5485631227493286,0.36852574348449707,False
isaac,march,17,10,ramp_0.5,1.0,0.2,True,False,0.5186586380004883,0.04404761642217636,0.2866973578929901,-0.001140671782195568,False,0.3691423535346985,0.3472198247909546,True,1.0702744722366333,10.0,0.6398075222969055,0.39523082971572876,False
isaac,march,17,11,ramp_0.5,1.0,0.2,True,False,0.49250271916389465,0.044327568262815475,0.27614158391952515,0.00817495584487915,False,0.3759840428829193,0.3089185953140259,True,1.0746004581451416,10.0,0.6410213708877563,0.3538428544998169,False
isaac,march,17,12,ramp_0.5,1.0,0.2,True,False,0.46828433871269226,0.04425710812211037,0.26934316754341125,0.016813278198242188,False,0.39992186427116394,0.22071325778961182,True,1.0874407291412354,10.0,0.6719804406166077,0.26354795694351196,False
isaac,march,17,13,ramp_0.5,1.0,0.2,True,False,0.4804280698299408,0.04389098659157753,0.25861454010009766,0.04321002960205078,False,0.4171113669872284,0.23914790153503418,True,1.1005524396896362,10.0,0.6770299077033997,0.2794060707092285,False
isaac,march,17,14,ramp_0.5,1.0,0.2,True,False,0.491857647895813,0.044329933822155,0.26973387598991394,0.05997830629348755,False,0.45823976397514343,0.46037983894348145,True,1.1482419967651367,10.0,0.6737574338912964,0.4949324131011963,False
isaac,march,17,15,ramp_0.5,1.0,0.2,True,False,0.5064519643783569,0.045207709074020386,0.30418670177459717,0.12773358821868896,False,0.5793206691741943,0.392069935798645,True,1.2919228076934814,10.0,0.7654293179512024,0.4217473268508911,False
isaac,march,18,0,ramp_1.5,1.0,0.2,True,False,0.18018069863319397,0.04665082320570946,0.31286656856536865,0.10555505752563477,False,0.06620288640260696,0.44993460178375244,True,1.9733376502990723,10.0,0.8317164182662964,0.3478049039840698,False
isaac,march,18,1,ramp_1.5,1.0,0.2,True,False,0.17366772890090942,0.044300585985183716,0.2985430061817169,0.06463593244552612,False,0.20905166864395142,0.30514782667160034,True,1.6259074211120605,10.000000000000004,1.0913857221603394,0.4083790183067322,False
isaac,march,18,2,ramp_1.5,1.0,0.2,True,False,0.17142419517040253,0.05087178945541382,0.31773295998573303,0.01999688148498535,False,0.21770712733268738,0.0910043716430664,True,1.4876598119735718,10.000000000000002,1.0646897554397583,0.19926071166992188,False
isaac,march,18,3,ramp_1.5,1.0,0.2,True,False,0.23268698155879974,0.04830319061875343,0.28569236397743225,0.03386330604553223,False,0.2899238169193268,0.28491199016571045,True,1.5090725421905518,10.000000000000002,1.0209213495254517,0.39413392543792725,False
isaac,march,18,4,ramp_1.5,1.0,0.2,True,False,0.21482209861278534,0.04339942708611488,0.2775759696960449,0.06586122512817383,False,0.3070456385612488,0.29710543155670166,True,1.5467743873596191,10.0,1.0671429634094238,0.23642611503601074,False
isaac,march,18,5,ramp_1.5,1.0,0.2,True,False,0.17923587560653687,0.04364825412631035,0.27868038415908813,0.05949902534484863,False,0.30042779445648193,0.2143707275390625,True,1.529120683670044,10.0,1.057724118232727,0.2305138111114502,False
isaac,march,18,6,ramp_1.5,1.0,0.2,True,False,0.17236511409282684,0.04284767806529999,0.2661080062389374,0.05803108215332031,False,0.31294211745262146,0.21872687339782715,True,1.5463768243789673,10.0,1.0728938579559326,0.2636592388153076,False
isaac,march,18,7,ramp_1.5,1.0,0.2,True,False,0.16227228939533234,0.04258012771606445,0.25834599137306213,0.04344296455383301,False,0.3385913074016571,0.20784568786621094,True,1.543133020401001,10.0,1.0680128335952759,0.3174130916595459,False
isaac,march,18,8,ramp_1.5,1.0,0.2,True,False,0.16226977109909058,0.04481416195631027,0.2685520052909851,0.01953887939453125,False,0.3648618161678314,0.24122071266174316,True,1.587227702140808,10.0,1.0754228830337524,0.3460569381713867,False
isaac,march,18,9,ramp_1.5,1.0,0.2,True,False,0.17100666463375092,0.04479289799928665,0.2681489586830139,0.014945745468139648,False,0.3337174654006958,0.33298230171203613,True,1.5602737665176392,10.0,1.052537202835083,0.43533992767333984,False
isaac,march,18,10,ramp_1.5,1.0,0.2,True,False,0.15949635207653046,0.04416464641690254,0.28998205065727234,-0.007552847266197205,False,0.2921552062034607,0.40885865688323975,True,1.5308668613433838,10.000000000000002,1.0243277549743652,0.5204458832740784,False
isaac,march,18,11,ramp_1.5,1.0,0.2,True,False,0.1920972466468811,0.04412614926695824,0.2794686257839203,0.011431887745857239,False,0.24521039426326752,0.2579219937324524,True,1.490095853805542,10.000000000000002,1.0371811389923096,0.3713201880455017,False
isaac,march,18,12,ramp_1.5,1.0,0.2,False,False,0.23050768673419952,0.8037682771682739,3.0590946674346924,0.5218862295150757,False,1.035723090171814,0.8042431473731995,False,1.9439852237701416,1.2600000000000007,1.677614450454712,0.6903448700904846,False
isaac,march,18,13,ramp_1.5,1.0,0.2,True,False,0.22346565127372742,0.04388628154993057,0.2593384385108948,0.04298138618469238,False,0.2961767911911011,0.24006175994873047,True,1.6809636354446411,10.0,1.1830577850341797,0.29595088958740234,False
isaac,march,18,14,ramp_1.5,1.0,0.2,True,False,0.20610132813453674,0.045487575232982635,0.26738274097442627,0.0721946656703949,False,0.27504536509513855,0.2587116062641144,True,1.6862186193466187,10.0,1.1596330404281616,0.3263806700706482,False
isaac,march,18,15,ramp_1.5,1.0,0.2,True,False,0.19535349309444427,0.04620055481791496,0.30023056268692017,0.11745166778564453,False,0.2850521206855774,0.24662864208221436,True,1.6920585632324219,10.0,1.1755950450897217,0.3314192295074463,False
