time_s,tilt_deg,angular_speed_rps,body_forward_speed_mps,body_yaw_rate_rps,command_forward_mps,command_yaw_rps,forward_error_mps,yaw_error_rps,candidate_reasons
0.0,0.0,0.0,0.0,0.0,1.0,0.0,-1.0,0.0,[]
0.02000000000000001,0.44879811305583617,1.2402110465705036,0.19558388115221667,0.13469258079561633,1.0,0.0,-0.8044161188477833,0.13469258079561633,[]
0.04000000000000003,1.7509247492986804,1.2224182614045342,0.22381439762367492,0.016867783392688792,1.0,0.0,-0.7761856023763251,0.016867783392688792,[]
0.060000000000000046,2.662457867786036,0.6438402210031329,0.12007775279388581,-0.3063074652362542,1.0,0.0,-0.8799222472061142,-0.3063074652362542,[]
0.08000000000000006,3.1023540170033357,0.35791560215516216,0.10643479263474585,-0.014547743683393653,1.0,0.0,-0.8935652073652541,-0.014547743683393653,[]
0.10000000000000007,3.408108262226296,0.41077152093699904,0.11793956905413595,-0.11323324310402978,1.0,0.0,-0.8820604309458641,-0.11323324310402978,[]
0.12000000000000009,3.7571401570642267,0.39841791922590347,0.15757302044415272,-0.0865383739031773,1.0,0.0,-0.8424269795558472,-0.0865383739031773,[]
0.1400000000000001,4.081914209936582,0.34465390260771733,0.17284326177160958,-0.019604879099890185,1.0,0.0,-0.8271567382283904,-0.019604879099890185,[]
0.16000000000000011,4.368715952284445,0.35306709982533646,0.18577404773051612,-0.04142893740487129,1.0,0.0,-0.8142259522694839,-0.04142893740487129,[]
0.18000000000000013,4.628742728647531,0.3793737788733341,0.17778984418426605,-0.13429027836530333,1.0,0.0,-0.822210155815734,-0.13429027836530333,[]
0.20000000000000015,4.798185047349774,0.25216522641867084,0.144502894389978,0.09343612547791386,1.0,0.0,-0.855497105610022,0.09343612547791386,"[""forward_error""]"
0.22000000000000017,4.950225753059906,0.8843481348653095,0.23153614989248833,0.34146076257059715,1.0,0.0,-0.7684638501075116,0.34146076257059715,"[""forward_error""]"
0.24000000000000019,5.569629251321528,1.299934121306096,0.2898307820593068,0.7146653175369037,1.0,0.0,-0.7101692179406932,0.7146653175369037,"[""forward_error""]"
0.2600000000000002,6.316022637245364,1.0083205897370509,0.267739816346371,0.5443047823318486,1.0,0.0,-0.732260183653629,0.5443047823318486,"[""forward_error""]"
0.2800000000000002,6.943602769959155,0.7775471521007002,0.26830901800946033,0.32262923150105116,1.0,0.0,-0.7316909819905397,0.32262923150105116,"[""forward_error""]"
0.3000000000000002,7.522586821671428,0.6206868112510509,0.2770634469653909,0.14683591251541314,1.0,0.0,-0.722936553034609,0.14683591251541314,"[""forward_error""]"
0.32000000000000023,7.921544414628624,0.748612420989681,0.3477394987957492,-0.48024878349535105,1.0,0.0,-0.6522605012042508,-0.48024878349535105,"[""forward_error""]"
0.34000000000000025,8.361135867717193,1.2763140577922178,0.43376660188911587,-0.7184365518808377,1.0,0.0,-0.5662333981108841,-0.7184365518808377,"[""forward_error""]"
0.36000000000000026,8.629560185142397,0.7441182540263491,0.37049132277686037,-0.05434178936370109,1.0,0.0,-0.6295086772231396,-0.05434178936370109,"[""forward_error""]"
0.3800000000000003,8.652249659873874,0.5554669478408994,0.40489093535629356,0.007368553145247619,1.0,0.0,-0.5951090646437065,0.007368553145247619,"[""forward_error""]"
0.4000000000000003,8.5875254820467,0.6357335248383051,0.42723907843507536,-0.2849272979406072,1.0,0.0,-0.5727609215649246,-0.2849272979406072,"[""forward_error""]"
0.4200000000000003,8.47024602702103,0.8600185894784966,0.44736130893026366,-0.6472627182601208,1.0,0.0,-0.5526386910697363,-0.6472627182601208,"[""forward_error""]"
0.44000000000000034,8.201832329448049,0.6453131058814601,0.3901875706009537,-0.1666476852807398,1.0,0.0,-0.6098124293990463,-0.1666476852807398,"[""forward_error""]"
0.46000000000000035,7.831085354521458,0.5642628159676134,0.359600951998745,-0.1818309711788859,1.0,0.0,-0.640399048001255,-0.1818309711788859,"[""forward_error""]"
0.48000000000000037,7.160906874118221,0.7287758118591485,0.2775776094705417,-0.5279384051533795,1.0,0.0,-0.7224223905294582,-0.5279384051533795,"[""forward_error""]"
0.5000000000000003,6.723964321540156,0.9939531715861064,0.43670181870788477,0.6200645213579157,1.0,0.0,-0.5632981812921152,0.6200645213579157,"[""forward_error""]"
0.5200000000000004,6.6191441384763685,0.880145937695095,0.43355850365018084,0.6023341296577913,1.0,0.0,-0.5664414963498192,0.6023341296577913,"[""forward_error""]"
0.5400000000000004,6.524024308861469,0.8140300557457897,0.44130634053399315,0.5969745015769871,1.0,0.0,-0.5586936594660068,0.5969745015769871,"[""forward_error""]"
0.5600000000000004,6.488380273745117,0.6035254240448066,0.4672446721439714,0.3968111375234853,1.0,0.0,-0.5327553278560286,0.3968111375234853,"[""forward_error""]"
0.5800000000000004,6.593148650244328,0.36433701704663796,0.49476122893604757,0.07139386006043967,1.0,0.0,-0.5052387710639524,0.07139386006043967,"[""forward_error""]"
0.6000000000000004,6.8216473766514545,0.4404260940622244,0.49912088171621677,0.2146902639012982,1.0,0.0,-0.5008791182837833,0.2146902639012982,"[""forward_error""]"
0.6200000000000004,7.03553590006559,0.956037114175583,0.602572159160351,-0.11193731851827057,1.0,0.0,-0.397427840839649,-0.11193731851827057,"[""forward_error""]"
0.6400000000000005,7.459547509121088,0.9095005691144511,0.5927036966911481,0.18885737110704529,1.0,0.0,-0.4072963033088519,0.18885737110704529,"[""forward_error""]"
0.6600000000000005,7.734720701169921,0.6118087738852627,0.6004124524836163,0.24821024313128778,1.0,0.0,-0.3995875475163837,0.24821024313128778,"[""forward_error""]"
0.6800000000000005,7.781353431527063,0.5259156393512732,0.6117415376019785,-0.019126545904172024,1.0,0.0,-0.38825846239802153,-0.019126545904172024,"[""forward_error""]"
0.7000000000000005,7.713897440872242,0.6045630548629294,0.6207865225625815,-0.0161156219668634,1.0,0.0,-0.3792134774374185,-0.0161156219668634,"[""forward_error""]"
0.7200000000000005,7.587525904322514,0.6405219454387034,0.6278530483146717,-0.24683752703517187,1.0,0.0,-0.3721469516853283,-0.24683752703517187,"[""forward_error""]"
0.7400000000000005,7.4013712384269095,0.5291790335827109,0.6061467014261872,-0.07869840070340613,1.0,0.0,-0.3938532985738128,-0.07869840070340613,"[""forward_error""]"
0.7600000000000006,7.149300683651121,0.45840191822872783,0.5808764643941733,0.061296089492015746,1.0,0.0,-0.4191235356058267,0.061296089492015746,"[""forward_error""]"
0.7800000000000006,6.581101338303577,0.9043509976223444,0.47078576663260147,-0.747964373104802,1.0,0.0,-0.5292142333673986,-0.747964373104802,"[""forward_error""]"
0.8000000000000006,6.027406301212008,0.6179046363517133,0.5898692918804646,0.10185122063661839,1.0,0.0,-0.41013070811953545,0.10185122063661839,"[""forward_error""]"
0.8200000000000006,5.763294889747151,0.5850854639604192,0.6065240807735354,0.35554096168717314,1.0,0.0,-0.39347591922646463,0.35554096168717314,"[""forward_error""]"
0.8400000000000006,5.53364537564356,0.6361344854343365,0.6034085672598244,0.4893691468973916,1.0,0.0,-0.3965914327401756,0.4893691468973916,"[""forward_error""]"
0.8600000000000007,5.311367147244255,0.545171971496434,0.6214249765471442,0.4171078850055519,1.0,0.0,-0.37857502345285576,0.4171078850055519,"[""forward_error""]"
0.8800000000000007,5.198192274645842,0.3182486377122276,0.6513488911118921,0.20336395504081928,1.0,0.0,-0.3486511088881079,0.20336395504081928,"[""forward_error""]"
0.9000000000000007,5.253746571604233,0.21451305743190222,0.6754436037257902,-0.11707041734514236,1.0,0.0,-0.32455639627420985,-0.11707041734514236,"[""forward_error""]"
0.9200000000000007,5.332906227532048,0.5035332253814707,0.6743947833953278,0.32318863185666596,1.0,0.0,-0.32560521660467223,0.32318863185666596,"[""forward_error""]"
0.9400000000000007,5.9531109206636685,1.1069455306838256,0.7827632031305926,0.0027286864925966173,1.0,0.0,-0.21723679686940744,0.0027286864925966173,[]
0.9600000000000007,6.773495899907242,0.8340595830770936,0.7625472360103405,0.10774831277433075,1.0,0.0,-0.23745276398965953,0.10774831277433075,[]
0.9800000000000008,7.352176773576736,0.6819399831689478,0.7612944280597873,0.0317395364313108,1.0,0.0,-0.2387055719402127,0.0317395364313108,[]
1.0000000000000007,7.736298646762393,0.7380508133755688,0.7394518205988525,-0.06356405901656298,1.0,0.0,-0.2605481794011475,-0.06356405901656298,[]
1.0199999999999985,8.069642218906834,0.7506110102917796,0.7532623051172009,-0.23749031583853022,1.0,0.0,-0.24673769488279906,-0.23749031583853022,[]
1.0399999999999963,8.322848655064575,0.6555883529020133,0.7437690655853546,-0.35125806957420824,1.0,0.0,-0.2562309344146454,-0.35125806957420824,[]
1.059999999999994,8.42958721837617,0.5234526899639279,0.7045410679614086,-0.015676062877258944,1.0,0.0,-0.2954589320385914,-0.015676062877258944,[]
1.0799999999999919,8.218113265958202,0.36982028264975125,0.6775562286116958,-0.3088712443312349,1.0,0.0,-0.32244377138830416,-0.3088712443312349,[]
1.0999999999999897,7.833222316351045,0.5497403886326614,0.7417272601406246,0.3026191526312498,1.0,0.0,-0.2582727398593754,0.3026191526312498,[]
1.1199999999999875,7.514339840732643,0.4708260158466463,0.7424567329658774,0.34865327151890485,1.0,0.0,-0.25754326703412256,0.34865327151890485,[]
1.1399999999999852,7.147026963077586,0.4895832841266083,0.7339571722417223,0.3131700990156412,1.0,0.0,-0.2660428277582777,0.3131700990156412,[]
1.159999999999983,6.742274757516734,0.4438889501036843,0.7500634161062816,0.20647688617609816,1.0,0.0,-0.24993658389371842,0.20647688617609816,[]
1.1799999999999808,6.387022340292321,0.3566433635902225,0.7747269824015806,0.0419811693803741,1.0,0.0,-0.22527301759841944,0.0419811693803741,[]
1.1999999999999786,6.121091246493884,0.26489917621298315,0.8041609909592944,-0.0029117996631942383,1.0,0.0,-0.19583900904070561,-0.0029117996631942383,[]
1.2199999999999764,5.938051263135928,0.19326805714740464,0.7755009907682625,0.06826342746034225,1.0,0.0,-0.2244990092317375,0.06826342746034225,[]
1.2399999999999742,6.262829676302613,0.8750317027042144,0.8255805485346419,0.18746426717925815,1.0,0.0,-0.1744194514653581,0.18746426717925815,[]
1.259999999999972,7.146637494511017,0.8259035843109499,0.8598612030370874,0.20224832452328828,1.0,0.0,-0.14013879696291265,0.20224832452328828,[]
1.2799999999999698,7.861709309843552,0.61796224367279,0.888176266610428,0.16181268465269238,1.0,0.0,-0.11182373338957197,0.16181268465269238,[]
1.2999999999999676,8.436098905307963,0.6900808727281723,0.8606435127517488,-0.13738935814183534,1.0,0.0,-0.13935648724825123,-0.13738935814183534,[]
1.3199999999999654,8.998363560665403,0.7750295022720216,0.8747465653566094,-0.3437021772620376,1.0,0.0,-0.12525343464339056,-0.3437021772620376,[]
1.3399999999999632,9.467295275067496,0.7167917611516815,0.8607053764614372,-0.3741975244450354,1.0,0.0,-0.1392946235385628,-0.3741975244450354,[]
1.359999999999961,9.796956178591698,0.588940067847894,0.8309019065138505,-0.35520982725152567,1.0,0.0,-0.16909809348614946,-0.35520982725152567,[]
1.3799999999999588,9.698608201494622,0.31052307928859935,0.8548450898841555,-0.06320046741277413,1.0,0.0,-0.14515491011584447,-0.06320046741277413,[]
1.3999999999999566,9.39777445928896,0.42496821372436727,0.8902668556851512,0.27229746806721006,1.0,0.0,-0.10973314431484882,0.27229746806721006,[]
1.4199999999999544,9.117771159872746,0.27916145571368167,0.867546931773631,0.07956574744779774,1.0,0.0,-0.13245306822636904,0.07956574744779774,[]
1.4399999999999522,8.756690330899474,0.4886919959975739,0.8600527277317201,-0.20221580357915583,1.0,0.0,-0.13994727226827985,-0.20221580357915583,[]
1.45999999999995,8.332223948801282,0.5485423794706972,0.8733353603925756,-0.24499267758565774,1.0,0.0,-0.12666463960742436,-0.24499267758565774,[]
1.4799999999999478,7.942569693382271,0.5043546679248762,0.8905627380915314,-0.2322570426131169,1.0,0.0,-0.10943726190846859,-0.2322570426131169,[]
1.4999999999999456,7.6303546644726055,0.41809605289861473,0.9068704539563647,-0.20844275470153834,1.0,0.0,-0.09312954604363533,-0.20844275470153834,[]
1.5199999999999434,7.414513932508228,0.36800826448546176,0.9252577158895058,-0.284135964059552,1.0,0.0,-0.07474228411049422,-0.284135964059552,[]
1.5399999999999412,7.386464005958035,0.34656890914785876,0.8661118159522541,0.33356910419869507,1.0,0.0,-0.13388818404774594,0.33356910419869507,[]
1.559999999999939,7.829227216007597,0.6794524998793883,0.8693770831205104,0.2975272584135188,1.0,0.0,-0.13062291687948957,0.2975272584135188,[]
1.5799999999999368,8.534364748757254,0.5904256046478408,0.9479424979797657,-0.037370510040467486,1.0,0.0,-0.05205750202023429,-0.037370510040467486,[]
1.5999999999999346,9.08852781425424,0.4784662315248824,0.9557714478939581,-0.06742675830096315,1.0,0.0,-0.04422855210604193,-0.06742675830096315,[]
1.6199999999999324,9.680275887423145,0.5854600083092044,0.9316223855568251,-0.15220089366165432,1.0,0.0,-0.06837761444317492,-0.15220089366165432,[]
1.6399999999999302,10.285108462105423,0.8557834568112471,0.9431040439016932,-0.6407561056843717,1.0,0.0,-0.05689595609830678,-0.6407561056843717,[]
1.659999999999928,10.843370584242528,0.6311274007747776,0.922228383077545,-0.22065786703931525,1.0,0.0,-0.07777161692245504,-0.22065786703931525,[]
1.6799999999999258,11.004064924264519,0.5177114395412891,0.9565975040343032,-0.340168931253786,1.0,0.0,-0.043402495965696786,-0.340168931253786,[]
1.6999999999999236,10.84047904721069,0.5837749738894517,0.9766310250391922,-0.41849796787166615,1.0,0.0,-0.02336897496080781,-0.41849796787166615,[]
1.7199999999999214,10.60547587322223,0.483269091959351,0.9451698115840166,-0.4241551529737522,1.0,0.0,-0.054830188415983416,-0.4241551529737522,[]
1.7399999999999192,10.296427720481557,0.5538506218924737,0.9223359634089869,-0.4108065404597287,1.0,0.0,-0.07766403659101306,-0.4108065404597287,[]
1.759999999999917,9.94580070727351,0.6029835817506937,0.9257405232633071,-0.4161659173924796,1.0,0.0,-0.07425947673669286,-0.4161659173924796,[]
1.7799999999999148,9.609540150194402,0.5866578535869861,0.9381172185673722,-0.41476006758521633,1.0,0.0,-0.06188278143262782,-0.41476006758521633,[]
1.7999999999999126,9.311819464288353,0.5330729633825584,0.9504699201181637,-0.3952728662639645,1.0,0.0,-0.04953007988183633,-0.3952728662639645,[]
1.8199999999999104,9.068474500633158,0.511104694328837,0.966960938844901,-0.43185749652399763,1.0,0.0,-0.033039061155099025,-0.43185749652399763,[]
1.8399999999999082,8.984964634008744,0.19561421996492576,0.918449744429478,-0.1753898842848672,1.0,0.0,-0.08155025557052198,-0.1753898842848672,[]
1.859999999999906,9.265403287874317,0.47945757971987807,0.8696746410323993,-0.09230616020940653,1.0,0.0,-0.13032535896760067,-0.09230616020940653,[]
1.8799999999999037,9.850977647767122,0.6898373515079022,0.9697047451544831,-0.4274313827635485,1.0,0.0,-0.030295254845516872,-0.4274313827635485,[]
1.8999999999999015,10.341908859707562,0.6247717401715773,0.9831787299049708,-0.3824763812965674,1.0,0.0,-0.016821270095029206,-0.3824763812965674,[]
1.9199999999998993,10.904145373062812,0.5740371228161671,0.9630792528124377,-0.1977666215990986,1.0,0.0,-0.03692074718756233,-0.1977666215990986,[]
1.9399999999998971,11.488109560264279,0.8853557120434229,0.9661419854567952,-0.6898671513358047,1.0,0.0,-0.033858014543204806,-0.6898671513358047,[]
1.959999999999895,12.048352482216913,0.6143399525125962,0.9592660148220333,-0.1850256606014293,1.0,0.0,-0.04073398517796667,-0.1850256606014293,[]
1.9799999999998927,12.176272521354923,0.721670802113325,0.9971046836479622,-0.5477048651990378,1.0,0.0,-0.002895316352037769,-0.5477048651990378,[]
1.9999999999998905,11.942564251333188,0.6844251415661187,1.0121625356316133,-0.5425856343961918,1.0,0.0,0.012162535631613292,-0.5425856343961918,[]
2.0199999999998886,11.69967224463742,0.499549344732169,0.9750875110225089,-0.4535261870671514,1.0,0.0,-0.0249124889774911,-0.4535261870671514,[]
2.0399999999998863,11.423910359790849,0.5599871321937687,0.954764094433067,-0.4210694787411301,1.0,0.0,-0.04523590556693302,-0.4210694787411301,[]
2.059999999999884,11.107333472525916,0.61805112674384,0.961112651885079,-0.42734078465587566,1.0,0.0,-0.038887348114921005,-0.42734078465587566,[]
2.079999999999882,10.784858737857402,0.6218197327731979,0.9754959812108052,-0.44064099726322037,1.0,0.0,-0.024504018789194837,-0.44064099726322037,[]
2.0999999999998797,10.470640715172484,0.578573363639006,0.9923888300323933,-0.4243848455244374,1.0,0.0,-0.00761116996760669,-0.4243848455244374,[]
2.1199999999998775,10.171878399161164,0.5454651017764494,1.0170883507003776,-0.42633280392523404,1.0,0.0,0.01708835070037762,-0.42633280392523404,[]
2.1399999999998753,10.014147524117567,0.44616729100259195,0.980354310279001,-0.3993539517489194,1.0,0.0,-0.019645689720999004,-0.3993539517489194,[]
2.159999999999873,10.166055324354886,0.36944328041169383,0.8811621312445858,-0.06724466846810806,1.0,0.0,-0.11883786875541424,-0.06724466846810806,[]
2.179999999999871,10.616900699866914,0.6463925452899536,0.9980649383952857,-0.42245142696009386,1.0,0.0,-0.0019350616047143498,-0.42245142696009386,[]
2.1999999999998687,10.969066502463043,0.6504170319331638,1.032405258509537,-0.4454736427122598,1.0,0.0,0.032405258509536905,-0.4454736427122598,[]
2.2199999999998665,11.420338059310515,0.5865505467223197,1.003717395249943,-0.2938427509191456,1.0,0.0,0.0037173952499429674,-0.2938427509191456,[]
2.2399999999998643,11.95393041123301,0.880025761240909,1.011496360704796,-0.6894729554325919,1.0,0.0,0.011496360704795983,-0.6894729554325919,[]
2.259999999999862,12.511990797713805,0.6426838115022175,1.0075564071829677,-0.19507584987938478,1.0,0.0,0.007556407182967684,-0.19507584987938478,[]
2.27999999999986,12.62240410440519,0.7946365626005426,1.0288547943122415,-0.5913188707634411,1.0,0.0,0.028854794312241472,-0.5913188707634411,[]
2.2999999999998577,12.33632592573864,0.7347282597013527,1.0435509176180855,-0.5445584341560663,1.0,0.0,0.043550917618085494,-0.5445584341560663,[]
2.3199999999998555,12.06565611536479,0.5128007439719364,0.9994434595279111,-0.4612861342761194,1.0,0.0,-0.0005565404720888623,-0.4612861342761194,[]
2.3399999999998533,11.789004617933283,0.5422259512776423,0.9755399527330835,-0.4304505902915053,1.0,0.0,-0.02446004726691653,-0.4304505902915053,[]
2.359999999999851,11.484115962034677,0.5892397329958946,0.9799740517909852,-0.4316342540355291,1.0,0.0,-0.02002594820901482,-0.4316342540355291,[]
2.379999999999849,11.175878510573964,0.5956020426340951,0.9929733582163498,-0.44621215072870746,1.0,0.0,-0.0070266417836502,-0.44621215072870746,[]
2.3999999999998467,10.872745105848793,0.5599057219970005,1.0087808059953307,-0.42886003072961787,1.0,0.0,0.00878080599533071,-0.42886003072961787,[]
2.4199999999998445,10.579284349764968,0.5501339088892121,1.0319608867405454,-0.4372847570113185,1.0,0.0,0.031960886740545424,-0.4372847570113185,[]
2.4399999999998423,10.429759628600843,0.5569548037960079,1.0043208474490957,-0.5132012913347634,1.0,0.0,0.004320847449095666,-0.5132012913347634,[]
2.45999999999984,10.530599803391162,0.3282341467380024,0.8873150543094755,-0.11037712044503709,1.0,0.0,-0.11268494569052445,-0.11037712044503709,[]
2.479999999999838,10.939585901572356,0.6544570229561731,1.0030850280909882,-0.43878814765442986,1.0,0.0,0.0030850280909882066,-0.43878814765442986,[]
2.4999999999998357,11.276156568169288,0.7236545728704279,1.0433478822433302,-0.522542454062473,1.0,0.0,0.043347882243330194,-0.522542454062473,[]
2.5199999999998335,11.710162010444895,0.6191561905124146,1.0168680615569499,-0.3291597346661492,1.0,0.0,0.016868061556949865,-0.3291597346661492,[]
2.5399999999998313,12.236230353156808,0.905295626270733,1.0219098101661783,-0.708623204328572,1.0,0.0,0.021909810166178323,-0.708623204328572,[]
2.559999999999829,12.801904237074112,0.673235140062591,1.0209407780067596,-0.23953052032020697,1.0,0.0,0.02094077800675964,-0.23953052032020697,[]
2.579999999999827,12.89270783091665,0.814064523096161,1.0386765214598317,-0.5946264400943653,1.0,0.0,0.03867652145983169,-0.5946264400943653,[]
2.5999999999998247,12.588941841509191,0.7498682837978752,1.052504034186201,-0.5558656550011646,1.0,0.0,0.05250403418620109,-0.5558656550011646,[]
2.6199999999998225,12.313194199072358,0.5212944943043163,1.0057545201805718,-0.47131232643255455,1.0,0.0,0.005754520180571765,-0.47131232643255455,[]
2.6399999999998203,12.038360578444305,0.547337904781126,0.9828559716721521,-0.4363081232728321,1.0,0.0,-0.017144028327847893,-0.4363081232728321,[]
2.659999999999818,11.735732504852505,0.5948046468651887,0.9882189850716299,-0.43741157863354735,1.0,0.0,-0.011781014928370137,-0.43741157863354735,[]
2.679999999999816,11.42659508525027,0.608085968996298,1.001543804056648,-0.4580608703427357,1.0,0.0,0.0015438040566480016,-0.4580608703427357,[]
2.6999999999998137,11.115104189205995,0.5683112339490665,1.0186847360866769,-0.43042943190693994,1.0,0.0,0.018684736086676867,-0.43042943190693994,[]
2.7199999999998115,10.805059880441416,0.5549232616478667,1.043309159466318,-0.4280862233254376,1.0,0.0,0.04330915946631797,-0.4280862233254376,[]
2.7399999999998093,10.637759237383024,0.5691077984256243,1.0127352067132862,-0.5205470451225387,1.0,0.0,0.012735206713286207,-0.5205470451225387,[]
2.759999999999807,10.72603787977135,0.3255737066773268,0.8942070700195724,-0.1244384362846554,1.0,0.0,-0.10579292998042755,-0.1244384362846554,[]
2.779999999999805,11.114570073424614,0.651045235606909,1.012841817306207,-0.4429381392784855,1.0,0.0,0.012841817306207037,-0.4429381392784855,[]
2.7999999999998026,11.426836998725742,0.7462442516971083,1.052901131100135,-0.5478483753253096,1.0,0.0,0.05290113110013506,-0.5478483753253096,[]
2.8199999999998004,11.837476291297213,0.6087956843542217,1.0285995291922125,-0.31846974433191755,1.0,0.0,0.028599529192212536,-0.31846974433191755,[]
2.8399999999997982,12.343470784470295,0.910066094634385,1.032627772731682,-0.7179137926813096,1.0,0.0,0.03262777273168194,-0.7179137926813096,[]
2.859999999999796,12.899026801588164,0.6706256280547701,1.033143102123794,-0.22206135551571143,1.0,0.0,0.03314310212379401,-0.22206135551571143,[]
2.879999999999794,12.97214768907354,0.8296163185457881,1.0459891941579236,-0.6109161660719046,1.0,0.0,0.045989194157923574,-0.6109161660719046,[]
2.8999999999997916,12.656980608623037,0.7607337349179586,1.0598957897569279,-0.5672158960936673,1.0,0.0,0.059895789756927886,-0.5672158960936673,[]
2.9199999999997894,12.383241450797135,0.5249518855723695,1.0128415156834183,-0.4779358186007883,1.0,0.0,0.012841515683418292,-0.4779358186007883,[]
2.9399999999997872,12.117915281921775,0.5433421743065576,0.9898788413594504,-0.44018799802989733,1.0,0.0,-0.010121158640549632,-0.44018799802989733,[]
2.959999999999785,11.825673941393418,0.5882058213066954,0.9952301865710318,-0.43873470851110946,1.0,0.0,-0.004769813428968206,-0.43873470851110946,[]
2.979999999999783,11.525128365180478,0.6023196322202097,1.0087090569597075,-0.45930440844037856,1.0,0.0,0.008709056959707473,-0.45930440844037856,[]
2.9999999999997806,11.219943928820838,0.5675406467852003,1.0260033935640553,-0.4361175085526535,1.0,0.0,0.026003393564055344,-0.4361175085526535,[]
3.0199999999997784,10.911764959430673,0.5607657153064811,1.0511147440157744,-0.436452505976515,1.0,0.0,0.05111474401577443,-0.436452505976515,[]
3.039999999999776,10.744738497129338,0.5828857008064077,1.0239232351423748,-0.534921586631489,1.0,0.0,0.02392323514237482,-0.534921586631489,[]
3.059999999999774,10.810540633730103,0.29859723211297695,0.8973956746459275,-0.10590809624218955,1.0,0.0,-0.10260432535407249,-0.10590809624218955,[]
3.079999999999772,11.189087039836213,0.658084707241166,1.0125301973304195,-0.4578483232268696,1.0,0.0,0.01253019733041949,-0.4578483232268696,[]
3.0999999999997696,11.493767516397382,0.73563028577436,1.0635497935567026,-0.5301043710202947,1.0,0.0,0.06354979355670265,-0.5301043710202947,[]
3.1199999999997674,11.891467386127584,0.6406648761498579,1.0348289128570811,-0.35892062153324195,1.0,0.0,0.03482891285708112,-0.35892062153324195,[]
3.139999999999765,12.398934322150485,0.9195306788160994,1.0388173442875013,-0.7222355267240208,1.0,0.0,0.038817344287501276,-0.7222355267240208,[]
3.159999999999763,12.95849953597833,0.6825866920770711,1.0364694256942333,-0.23109587033935056,1.0,0.0,0.03646942569423328,-0.23109587033935056,[]
3.179999999999761,13.03718585161957,0.8303352533654245,1.0509532912086348,-0.6009621038755784,1.0,0.0,0.05095329120863479,-0.6009621038755784,[]
3.1999999999997586,12.711623461924926,0.7595932544605399,1.0642006418645547,-0.547350787871042,1.0,0.0,0.06420064186455465,-0.547350787871042,[]
3.2199999999997564,12.428100857732224,0.517543076478031,1.0161795423408098,-0.4648042221851772,1.0,0.0,0.01617954234080976,-0.4648042221851772,[]
3.239999999999754,12.156960637457631,0.5352298070749206,0.9915105713483627,-0.43259271086733836,1.0,0.0,-0.008489428651637265,-0.43259271086733836,[]
3.259999999999752,11.861518599207658,0.5820685540276701,0.9959524913639146,-0.4334806863812322,1.0,0.0,-0.004047508636085384,-0.4334806863812322,[]
3.27999999999975,11.559662398512238,0.5972619543937447,1.0089959241188038,-0.45541278313816075,1.0,0.0,0.008995924118803789,-0.45541278313816075,[]
3.2999999999997476,11.254444610821396,0.5607587430743312,1.025666852199998,-0.4287157779914607,1.0,0.0,0.02566685219999809,-0.4287157779914607,[]
3.3199999999997454,10.946333866049775,0.5572401367506457,1.0504349303837275,-0.4328009134303026,1.0,0.0,0.05043493038372748,-0.4328009134303026,[]
3.339999999999743,10.778255898280886,0.572612869735733,1.02675006922748,-0.5201559605838262,1.0,0.0,0.026750069227480022,-0.5201559605838262,[]
3.359999999999741,10.80974880420792,0.2688581400238999,0.8940246832903245,-0.07356351570628938,1.0,0.0,-0.10597531670967553,-0.07356351570628938,[]
3.3799999999997388,11.169310516198552,0.6396250248080904,1.0088807979131833,-0.4398600163246579,1.0,0.0,0.008880797913183303,-0.4398600163246579,[]
3.3999999999997366,11.47561290326558,0.749057681746724,1.063233491243476,-0.5409068780739831,1.0,0.0,0.06323349124347599,-0.5409068780739831,[]
3.4199999999997344,11.87253385923286,0.6450041709090893,1.0357054251348208,-0.360327828844377,1.0,0.0,0.03570542513482078,-0.360327828844377,[]
3.439999999999732,12.379504525771797,0.9265589453600962,1.0377165379197684,-0.729113919896245,1.0,0.0,0.03771653791976837,-0.729113919896245,[]
3.45999999999973,12.940762596373474,0.6887530230722079,1.0374399402288725,-0.23105419186982737,1.0,0.0,0.03743994022887254,-0.23105419186982737,[]
3.4799999999997278,13.027618277856135,0.8314468009172493,1.0519035296355377,-0.6018996774580716,1.0,0.0,0.05190352963553768,-0.6018996774580716,[]
3.4999999999997256,12.703298452134963,0.7576959889288182,1.0640479631151598,-0.5466283617690882,1.0,0.0,0.06404796311515981,-0.5466283617690882,[]
3.5199999999997234,12.416710234232713,0.5183934544884125,1.0161926549144815,-0.46496617400798235,1.0,0.0,0.01619265491448152,-0.46496617400798235,[]
3.539999999999721,12.142099571760482,0.5385067066579446,0.991625668649125,-0.43191651874958475,1.0,0.0,-0.008374331350874953,-0.43191651874958475,[]
3.559999999999719,11.842891719184065,0.5879815771871824,0.9962204445638124,-0.43391374689495393,1.0,0.0,-0.003779555436187576,-0.43391374689495393,[]
3.5799999999997167,11.53696485259727,0.6047238492770928,1.009427850968242,-0.45729454101535577,1.0,0.0,0.009427850968241946,-0.45729454101535577,[]
3.5999999999997145,11.226715279089536,0.5628473667854684,1.0264084801217628,-0.42302272899420224,1.0,0.0,0.02640848012176278,-0.42302272899420224,[]
3.6199999999997123,10.91076992679284,0.5560528878138167,1.0517640687448162,-0.42430420687903947,1.0,0.0,0.051764068744816205,-0.42430420687903947,[]
3.63999999999971,10.731861414035762,0.5606438658001062,1.029479041252111,-0.5023237937313708,1.0,0.0,0.029479041252111093,-0.5023237937313708,[]
3.659999999999708,10.747997492907333,0.2623110766807108,0.8949123780012841,-0.07665189436215518,1.0,0.0,-0.10508762199871591,-0.07665189436215518,[]
3.6799999999997057,11.09297954657354,0.627543133668898,1.0100983281253568,-0.4336407095587321,1.0,0.0,0.010098328125356826,-0.4336407095587321,[]
3.6999999999997035,11.384319081174665,0.7595378438161213,1.064135401167439,-0.5595109024591562,1.0,0.0,0.0641354011674391,-0.5595109024591562,[]
3.7199999999997013,11.772612980853232,0.640803700159818,1.0381138968278807,-0.36109189845898615,1.0,0.0,0.03811389682788069,-0.36109189845898615,[]
3.739999999999699,12.271299772245545,0.9250362551528973,1.0420883680522588,-0.7315346241227436,1.0,0.0,0.042088368052258796,-0.7315346241227436,[]
3.759999999999697,12.83269890654958,0.6922498936915532,1.0387017694822718,-0.22568012000698606,1.0,0.0,0.038701769482271775,-0.22568012000698606,[]
3.7799999999996947,12.94560972664736,0.8169491969781348,1.0537137530313345,-0.5911744027600022,1.0,0.0,0.05371375303133452,-0.5911744027600022,[]
3.7999999999996925,12.61903244547952,0.7579332113209468,1.066258327642381,-0.5365830406608613,1.0,0.0,0.06625832764238093,-0.5365830406608613,[]
3.8199999999996903,12.320978222967147,0.5211312481133826,1.019679446995258,-0.4614800413159892,1.0,0.0,0.01967944699525792,-0.4614800413159892,[]
3.839999999999688,12.038874264880256,0.5352751857037893,0.9938371401441524,-0.43095742085306094,1.0,0.0,-0.0061628598558476355,-0.43095742085306094,[]
3.859999999999686,11.736403292188962,0.5835748258781462,0.9975304849973858,-0.433244907678221,1.0,0.0,-0.0024695150026141643,-0.433244907678221,[]
3.8799999999996837,11.43017807361459,0.5979819142906942,1.0104073513978762,-0.4543526904457583,1.0,0.0,0.010407351397876186,-0.4543526904457583,[]
3.8999999999996815,11.122446077664582,0.5562757530756941,1.0267502358752898,-0.419858835829585,1.0,0.0,0.026750235875289796,-0.419858835829585,[]
3.9199999999996793,10.809965780676444,0.5536016755114842,1.0515967612012935,-0.424956781586474,1.0,0.0,0.05159676120129353,-0.424956781586474,[]
3.939999999999677,10.63342723955258,0.5575970114747502,1.031839415226844,-0.4983228002395249,1.0,0.0,0.03183941522684397,-0.4983228002395249,[]
3.959999999999675,10.646817672556482,0.25107337212303166,0.8973419664922696,-0.0789223326286266,1.0,0.0,-0.1026580335077304,-0.0789223326286266,[]
3.9799999999996727,10.987958866073779,0.642610154039537,1.0087473617886011,-0.45774432532135506,1.0,0.0,0.008747361788601138,-0.45774432532135506,[]
3.9999999999996705,11.275088904111065,0.7459119165604896,1.0626398625293234,-0.5441129327570485,1.0,0.0,0.06263986252932341,-0.5441129327570485,[]
4.019999999999677,11.663142138854093,0.6327005755413971,1.0361012543749617,-0.35109230340080466,1.0,0.0,0.0361012543749617,-0.35109230340080466,[]
4.039999999999684,12.163353906542264,0.9153381960620399,1.0408363937844791,-0.7210886214059721,1.0,0.0,0.04083639378447912,-0.7210886214059721,[]
4.0599999999996905,12.726233380792623,0.691482849933136,1.038549534986344,-0.217829112793584,1.0,0.0,0.03854953498634406,-0.217829112793584,[]
4.079999999999697,12.85442146353357,0.8108921869180576,1.0551318296455345,-0.5885017129960842,1.0,0.0,0.055131829645534536,-0.5885017129960842,[]
4.099999999999704,12.543934032792267,0.7586053640840095,1.0670811487060496,-0.5462950065269332,1.0,0.0,0.06708114870604964,-0.5462950065269332,[]
4.119999999999711,12.2556599630327,0.519643745471437,1.0214406924628396,-0.4637516480444879,1.0,0.0,0.02144069246283964,-0.4637516480444879,[]
4.139999999999717,11.979868255244778,0.53385019785121,0.9955586766037963,-0.42963499816935435,1.0,0.0,-0.0044413233962037335,-0.42963499816935435,[]
4.159999999999724,11.681086887162268,0.584049652292371,0.9992543027901936,-0.4310026762825653,1.0,0.0,-0.0007456972098064396,-0.4310026762825653,[]
4.179999999999731,11.37633631794222,0.5994207165452375,1.0121937602552877,-0.4517553954037007,1.0,0.0,0.012193760255287733,-0.4517553954037007,[]
4.199999999999737,11.067881846908683,0.5561689412883282,1.0287334036664755,-0.41431681205103155,1.0,0.0,0.028733403666475477,-0.41431681205103155,[]
4.219999999999744,10.75193194110922,0.5520079400211886,1.0538518528441108,-0.41841073696804687,1.0,0.0,0.05385185284411076,-0.41841073696804687,[]
4.239999999999751,10.569999318340631,0.552695459897895,1.033511536650574,-0.49025695261223273,1.0,0.0,0.03351153665057405,-0.49025695261223273,[]
4.259999999999757,10.59308766199474,0.2591450058983696,0.9040598453825505,-0.10543040315375858,1.0,0.0,-0.09594015461744954,-0.10543040315375858,[]
4.279999999999764,10.929542442293187,0.6604467569022462,1.0138618958051135,-0.49257992519624805,1.0,0.0,0.013861895805113544,-0.49257992519624805,[]
4.299999999999771,11.199070775596658,0.7177414444119552,1.0646415282349195,-0.5234633469359228,1.0,0.0,0.06464152823491953,-0.5234633469359228,[]
4.319999999999777,11.580634486893793,0.612600617936878,1.0367077710294723,-0.3333415600613576,1.0,0.0,0.036707771029472314,-0.3333415600613576,[]
4.339999999999784,12.077929108973404,0.8990011205789203,1.043507637526032,-0.7066898312633626,1.0,0.0,0.04350763752603193,-0.7066898312633626,[]
4.359999999999791,12.638498569365785,0.6887550438043283,1.0427537178558557,-0.20297604302170913,1.0,0.0,0.04275371785585569,-0.20297604302170913,[]
4.379999999999797,12.766206073119571,0.8099265733098548,1.0574813041435351,-0.5976963683913309,1.0,0.0,0.05748130414353514,-0.5976963683913309,[]
4.399999999999804,12.459552066786943,0.7587805129107291,1.0686011974735379,-0.5614210997104899,1.0,0.0,0.06860119747353788,-0.5614210997104899,[]
4.419999999999811,12.178746694791212,0.5207653573731997,1.024328738665564,-0.46981413728111043,1.0,0.0,0.024328738665563954,-0.46981413728111043,[]
4.439999999999817,11.911661757286096,0.533622617168043,0.9993015964923474,-0.432452420308534,1.0,0.0,-0.0006984035076526007,-0.432452420308534,[]
4.459999999999824,11.619820788724494,0.5832484885052126,1.0033174808327319,-0.4321884478719254,1.0,0.0,0.0033174808327318672,-0.4321884478719254,[]
4.479999999999831,11.31913244179883,0.5978043359643401,1.01671242393761,-0.45119485875867127,1.0,0.0,0.016712423937609966,-0.45119485875867127,[]
4.4999999999998375,11.012139287577982,0.5547212084049103,1.0337333623373486,-0.41332727373943523,1.0,0.0,0.03373336233734858,-0.41332727373943523,[]
4.519999999999844,10.694061372353355,0.5544103555338469,1.05925471873785,-0.418692795946515,1.0,0.0,0.05925471873785004,-0.418692795946515,[]
4.539999999999851,10.506782161574968,0.5552689578444583,1.039467378012371,-0.48958148806502344,1.0,0.0,0.0394673780123711,-0.48958148806502344,[]
4.5599999999998575,10.527933485297917,0.26152742598294476,0.9096066439125154,-0.12388848954881426,1.0,0.0,-0.09039335608748456,-0.12388848954881426,[]
4.579999999999864,10.860447179115146,0.6709333946428642,1.019037179515048,-0.5032067479455316,1.0,0.0,0.01903717951504791,-0.5032067479455316,[]
4.599999999999871,11.125013368918374,0.7347165450152584,1.0679670233872478,-0.5404232464444116,1.0,0.0,0.0679670233872478,-0.5404232464444116,[]
4.6199999999998775,11.505409401928503,0.6057649611998748,1.040834251687436,-0.3151836515837142,1.0,0.0,0.04083425168743604,-0.3151836515837142,[]
4.639999999999884,12.003888553016905,0.8859896110894449,1.046376293141311,-0.690032247827802,1.0,0.0,0.046376293141310976,-0.690032247827802,[]
4.659999999999891,12.56378554063569,0.6875767818576253,1.0430227560810832,-0.1976306597881926,1.0,0.0,0.04302275608108319,-0.1976306597881926,[]
4.679999999999898,12.704827015011958,0.8079478458164701,1.0601577039973624,-0.5931128666345554,1.0,0.0,0.06015770399736242,-0.5931128666345554,[]
4.699999999999904,12.400741037008851,0.7597698824741774,1.0717192590139752,-0.5484634985877057,1.0,0.0,0.07171925901397525,-0.5484634985877057,[]
4.719999999999911,12.11716218285983,0.5142456756036361,1.0276114447829954,-0.4575002060562606,1.0,0.0,0.027611444782995376,-0.4575002060562606,[]
4.739999999999918,11.84685413781569,0.5249398315242219,1.0006181339310094,-0.42728115228349706,1.0,0.0,0.0006181339310094014,-0.42728115228349706,[]
4.759999999999924,11.553520003928599,0.5742012137369364,1.0034357719347695,-0.42812445805827914,1.0,0.0,0.003435771934769516,-0.42812445805827914,[]
4.779999999999931,11.253733274470482,0.5866506256917975,1.0162201457212954,-0.44510187651608724,1.0,0.0,0.016220145721295376,-0.44510187651608724,[]
4.799999999999938,10.950978183039958,0.5470743750890865,1.0321931911458397,-0.4120349023890181,1.0,0.0,0.03219319114583974,-0.4120349023890181,[]
4.819999999999944,10.640717681523457,0.5513955954561828,1.0565709022322525,-0.42280397628389227,1.0,0.0,0.056570902232252473,-0.42280397628389227,[]
4.839999999999951,10.463018621310521,0.5587599677696073,1.0378335061399906,-0.4974373593313737,1.0,0.0,0.03783350613999059,-0.4974373593313737,[]
4.859999999999958,10.47523915552134,0.24610379424405243,0.904869219995875,-0.09244200897615257,1.0,0.0,-0.095130780004125,-0.09244200897615257,[]
4.879999999999964,10.815442315369083,0.6689617119928596,1.0159755220841962,-0.4825578264364794,1.0,0.0,0.01597552208419617,-0.4825578264364794,[]
4.899999999999971,11.106480077999619,0.7532546957344504,1.0659938243678082,-0.5429009958370571,1.0,0.0,0.06599382436780821,-0.5429009958370571,[]
4.919999999999978,11.509680950815849,0.6230373598469214,1.038181667510174,-0.32086604887642134,1.0,0.0,0.038181667510174044,-0.32086604887642134,[]
4.939999999999984,12.022008929862176,0.8913658807152033,1.0420031542084875,-0.6893483424114535,1.0,0.0,0.04200315420848755,-0.6893483424114535,[]
4.959999999999991,12.587488436637257,0.6895873249356843,1.0409714764007008,-0.20270196830471326,1.0,0.0,0.04097147640070076,-0.20270196830471326,[]
4.979999999999998,12.720707996256111,0.80735431504723,1.0565864487368242,-0.5909656754575854,1.0,0.0,0.05658644873682417,-0.5909656754575854,[]
5.000000000000004,12.427609546133258,0.7554068173926912,1.0687071976988693,-0.5543622445449022,1.0,0.0,0.06870719769886935,-0.5543622445449022,[]
5.020000000000011,12.156756731426883,0.5131007311914787,1.0237189292125755,-0.46284439450556614,1.0,0.0,0.023718929212575457,-0.46284439450556614,[]
5.040000000000018,11.892737960811683,0.5289673726906966,0.9980930857960789,-0.4276520377800521,1.0,0.0,-0.001906914203921084,-0.4276520377800521,[]
5.0600000000000245,11.60110274785934,0.5805059281787677,1.0017412065172095,-0.42898885606488435,1.0,0.0,0.0017412065172095481,-0.42898885606488435,[]
5.080000000000031,11.30066076345045,0.5963536838870934,1.014677726443868,-0.4497430786961855,1.0,0.0,0.014677726443868,-0.4497430786961855,[]
5.100000000000038,10.99465515139602,0.5552222233733692,1.0313395720095067,-0.415023256707072,1.0,0.0,0.031339572009506655,-0.415023256707072,[]
5.1200000000000445,10.680952062379074,0.5504503770121989,1.0562227000268807,-0.4172005784864227,1.0,0.0,0.05622270002688068,-0.4172005784864227,[]
5.140000000000051,10.502024313669938,0.5573975458434114,1.032303322736485,-0.4982799525571369,1.0,0.0,0.03230332273648506,-0.4982799525571369,[]
5.160000000000058,10.539531557433403,0.2694500742479459,0.9056330788123536,-0.09997694044920923,1.0,0.0,-0.09436692118764645,-0.09997694044920923,[]
5.1800000000000646,10.88787775692883,0.6559032200198801,1.0207335296181492,-0.46448890385899044,1.0,0.0,0.020733529618149227,-0.46448890385899044,[]
5.200000000000071,11.173918391052919,0.7360669725550002,1.0666307345444626,-0.5280700065158181,1.0,0.0,0.06663073454446256,-0.5280700065158181,[]
5.220000000000078,11.57383398974802,0.6141192652172309,1.0390713542307557,-0.3149984324195898,1.0,0.0,0.039071354230755695,-0.3149984324195898,[]
5.240000000000085,12.081965213530497,0.88955067126483,1.04310583626489,-0.6893413923091691,1.0,0.0,0.04310583626488995,-0.6893413923091691,[]
5.260000000000091,12.643734361196202,0.6833388283540073,1.0437360538482185,-0.19614794967942303,1.0,0.0,0.04373605384821855,-0.19614794967942303,[]
5.280000000000098,12.7540349649386,0.8215891954274597,1.0549663865587318,-0.61174392123075,1.0,0.0,0.05496638655873176,-0.61174392123075,[]
5.300000000000105,12.453098392097862,0.7620859653756434,1.068520244078076,-0.5683691411291023,1.0,0.0,0.06852024407807611,-0.5683691411291023,[]
5.320000000000111,12.182899906503886,0.522628537778484,1.0228145946329776,-0.47520901763813844,1.0,0.0,0.022814594632977636,-0.47520901763813844,[]
5.340000000000118,11.920935997265152,0.536031617578712,0.9984163241877798,-0.43681408340887107,1.0,0.0,-0.0015836758122201866,-0.43681408340887107,[]
5.360000000000125,11.631890092166744,0.5820423129257775,1.002837225085958,-0.4350663021763249,1.0,0.0,0.0028372250859580728,-0.4350663021763249,[]
5.380000000000131,11.333856350744517,0.595814108846225,1.0160658543307013,-0.45426046918326174,1.0,0.0,0.01606585433070129,-0.45426046918326174,[]
5.400000000000138,11.030117196688785,0.5597401436574888,1.0330296354805064,-0.4268885147129594,1.0,0.0,0.033029635480506414,-0.4268885147129594,[]
5.420000000000145,10.719995870270163,0.5556089002788546,1.0578409665157484,-0.42706647098238915,1.0,0.0,0.05784096651574844,-0.42706647098238915,[]
5.440000000000151,10.547255633295906,0.5728891061990881,1.031248968343291,-0.5168295219733027,1.0,0.0,0.03124896834329105,-0.5168295219733027,[]
5.460000000000158,10.591377444692283,0.2769503607825637,0.9059737296532903,-0.10519143163748328,1.0,0.0,-0.09402627034670974,-0.10519143163748328,[]
5.480000000000165,10.938860504751963,0.6482107100606632,1.0234372850214661,-0.44808129858622725,1.0,0.0,0.023437285021466137,-0.44808129858622725,[]
5.500000000000171,11.238387380895912,0.7845386247220488,1.062512424419782,-0.5770556214167447,1.0,0.0,0.06251242441978211,-0.5770556214167447,[]
5.520000000000178,11.645071519489449,0.6027351892794136,1.0400337943827345,-0.28859303811768133,1.0,0.0,0.04003379438273447,-0.28859303811768133,[]
5.540000000000185,12.147581543986632,0.8898017958080258,1.0418919130827153,-0.6895135959676693,1.0,0.0,0.04189191308271534,-0.6895135959676693,[]
5.5600000000001915,12.703520796918609,0.6710413461197424,1.0405724595404957,-0.1796325427448645,1.0,0.0,0.04057245954049571,-0.1796325427448645,[]
5.580000000000198,12.803240719367276,0.8411582416202632,1.0542902484624037,-0.6239145594976601,1.0,0.0,0.05429024846240371,-0.6239145594976601,[]
5.600000000000205,12.49436820798814,0.757659425094431,1.0681089400494785,-0.5464328175612396,1.0,0.0,0.06810894004947854,-0.5464328175612396,[]
5.6200000000002115,12.213911669861352,0.5151030610047044,1.0200204583357613,-0.4608164822604498,1.0,0.0,0.02002045833576127,-0.4608164822604498,[]
5.640000000000218,11.939619902105767,0.5358248394287278,0.9946734353189755,-0.43207366392189217,1.0,0.0,-0.005326564681024548,-0.43207366392189217,[]
5.660000000000225,11.641439276938812,0.5810902574769593,0.99882821081469,-0.4329570710866856,1.0,0.0,-0.0011717891853100237,-0.4329570710866856,[]
5.6800000000002315,11.338998009278589,0.5927451511765076,1.0116505303511254,-0.45216027529566805,1.0,0.0,0.011650530351125399,-0.45216027529566805,[]
5.700000000000238,11.034804719759371,0.5543243786225529,1.0279864268898478,-0.4230126029766928,1.0,0.0,0.02798642688984776,-0.4230126029766928,[]
5.720000000000245,10.729665719187736,0.5473388066663436,1.051892623093008,-0.42191013170448355,1.0,0.0,0.051892623093007906,-0.42191013170448355,[]
5.740000000000252,10.565991769948257,0.5654896795129295,1.0243134631158204,-0.5134733334287405,1.0,0.0,0.02431346311582039,-0.5134733334287405,[]
5.760000000000258,10.621705374375528,0.28088318829867664,0.901002461148784,-0.08337938153876231,1.0,0.0,-0.09899753885121598,-0.08337938153876231,[]
5.780000000000265,10.984930439616225,0.6404262997739743,1.018766815990974,-0.4275670268164867,1.0,0.0,0.018766815990973962,-0.4275670268164867,[]
5.800000000000272,11.29184698935626,0.7449444726049649,1.0623240893680321,-0.5311897501227704,1.0,0.0,0.06232408936803213,-0.5311897501227704,[]
5.820000000000278,11.705306681704059,0.6275050102094065,1.0356229394149639,-0.3260464392346958,1.0,0.0,0.03562293941496386,-0.3260464392346958,[]
5.840000000000285,12.22018650823179,0.8993431843551398,1.037576424428706,-0.695242148134186,1.0,0.0,0.03757642442870601,-0.695242148134186,[]
5.860000000000292,12.782494811064792,0.6765389091776007,1.0375712983873333,-0.2121036205438276,1.0,0.0,0.03757129838733331,-0.2121036205438276,[]
5.880000000000298,12.864390577217153,0.8389638207627891,1.0498353973341836,-0.6203582023734369,1.0,0.0,0.04983539733418363,-0.6203582023734369,[]
5.900000000000305,12.550594792941844,0.7616365322932045,1.0638932453704923,-0.5611243394028769,1.0,0.0,0.06389324537049235,-0.5611243394028769,[]
5.920000000000312,12.271371634062875,0.5260653799209493,1.0158251884965632,-0.47541594579189206,1.0,0.0,0.015825188496563225,-0.47541594579189206,[]
5.940000000000318,11.998437272281622,0.5455170675265086,0.9922034241111094,-0.4408534529419167,1.0,0.0,-0.0077965758888906,-0.4408534529419167,[]
5.960000000000325,11.70050421243001,0.5888054677952342,0.9972664739742446,-0.4397857173466257,1.0,0.0,-0.002733526025755384,-0.4397857173466257,[]
5.980000000000332,11.396636423463582,0.6015549013445481,1.0104154544190407,-0.4598104365497899,1.0,0.0,0.010415454419040682,-0.4598104365497899,[]
6.000000000000338,11.089315169131934,0.5645612741152208,1.0274054804082573,-0.4329679652100905,1.0,0.0,0.0274054804082573,-0.4329679652100905,[]
6.020000000000345,10.780969228616424,0.5540874637865416,1.0517253597450718,-0.42758650832920864,1.0,0.0,0.05172535974507175,-0.42758650832920864,[]
6.040000000000352,10.614702380919452,0.5764361006215863,1.0210959995483184,-0.5251996634828925,1.0,0.0,0.021095999548318423,-0.5251996634828925,[]
6.060000000000358,10.694537338960798,0.3091698391276494,0.9042125206410545,-0.11777935952036092,1.0,0.0,-0.0957874793589455,-0.11777935952036092,[]
6.080000000000365,11.061342289657155,0.6388737008812453,1.0215818303220905,-0.4347697737213775,1.0,0.0,0.02158183032209049,-0.4347697737213775,[]
6.100000000000372,11.370665347866517,0.7644353585356953,1.0561074445430851,-0.562580726789079,1.0,0.0,0.05610744454308514,-0.562580726789079,[]
6.1200000000003785,11.781675101262493,0.5956384765409188,1.0348105350674295,-0.29036768459104867,1.0,0.0,0.03481053506742948,-0.29036768459104867,[]
6.140000000000385,12.287024982626367,0.9132379983559081,1.0376121066213473,-0.7194788744794879,1.0,0.0,0.037612106621347285,-0.7194788744794879,[]
6.160000000000392,12.841254448538557,0.6698937007373945,1.0379786069652166,-0.20909196589053816,1.0,0.0,0.0379786069652166,-0.20909196589053816,[]
6.1800000000003985,12.914758200873676,0.8454810853738219,1.0495168980537783,-0.6298935590494172,1.0,0.0,0.049516898053778347,-0.6298935590494172,[]
6.200000000000405,12.59744130995332,0.7618449577047267,1.063222857164241,-0.563991232449275,1.0,0.0,0.06322285716424103,-0.563991232449275,[]
6.220000000000412,12.319556234531026,0.5233297731924761,1.0152573819818378,-0.4740247161040506,1.0,0.0,0.015257381981837792,-0.4740247161040506,[]
6.2400000000004185,12.050242002542069,0.5426069024584764,0.9917472023352905,-0.438637936244634,1.0,0.0,-0.008252797664709544,-0.438637936244634,[]
6.260000000000425,11.75569242935846,0.5858201423675178,0.9969867977630261,-0.43667751033187696,1.0,0.0,-0.0030132022369738776,-0.43667751033187696,[]
6.280000000000432,11.454435285290083,0.5979756453518374,1.0103959686238064,-0.4557291587020385,1.0,0.0,0.010395968623806429,-0.4557291587020385,[]
6.300000000000439,11.149520049651434,0.5602396163641595,1.0274033135003353,-0.4281294251285867,1.0,0.0,0.027403313500335313,-0.4281294251285867,[]
6.320000000000445,10.84176258459934,0.553061119115618,1.0521196762637999,-0.42688415896378906,1.0,0.0,0.052119676263799875,-0.42688415896378906,[]
6.340000000000452,10.675311175937114,0.5734970193653425,1.0253366515451416,-0.5231295481858567,1.0,0.0,0.025336651545141642,-0.5231295481858567,[]
6.360000000000459,10.738095654057894,0.2862094951617704,0.9012884981511463,-0.08009424885658373,1.0,0.0,-0.09871150184885369,-0.08009424885658373,[]
6.380000000000465,11.107443653679013,0.6261143437285948,1.0169177379486425,-0.4122125466368921,1.0,0.0,0.016917737948642486,-0.4122125466368921,[]
6.400000000000472,11.421420419541311,0.7743498402034423,1.060109252035593,-0.5713631247738926,1.0,0.0,0.06010925203559303,-0.5713631247738926,[]
6.420000000000479,11.831661291021328,0.6269571758473577,1.0374236277793842,-0.3270580287221292,1.0,0.0,0.03742362777938424,-0.3270580287221292,[]
6.440000000000485,12.342603686365635,0.9236066537218802,1.0396311749175102,-0.7232032420842581,1.0,0.0,0.039631174917510226,-0.7232032420842581,[]
6.460000000000492,12.911332589294696,0.6885442568624389,1.0366092495205235,-0.2291760054766374,1.0,0.0,0.03660924952052347,-0.2291760054766374,[]
6.480000000000499,12.996929992541398,0.8266463479805788,1.0500540614056433,-0.5974227392098872,1.0,0.0,0.05005406140564328,-0.5974227392098872,[]
6.500000000000505,12.673490311006441,0.7578861037613422,1.063809749232304,-0.5418658646774962,1.0,0.0,0.06380974923230398,-0.5418658646774962,[]
6.520000000000512,12.38878034041286,0.5166097666113719,1.0156916899108108,-0.46199114580033485,1.0,0.0,0.015691689910810824,-0.46199114580033485,[]
6.540000000000519,12.115243143747342,0.533382158136447,0.9908299833440104,-0.4313348110704066,1.0,0.0,-0.009170016655989599,-0.4313348110704066,[]
6.560000000000525,11.818421080357872,0.5788397334089433,0.9950765265084172,-0.43222039840824394,1.0,0.0,-0.0049234734915828415,-0.43222039840824394,[]
6.580000000000532,11.516586537407766,0.5931758822947172,1.0078781193381638,-0.4535840575534488,1.0,0.0,0.007878119338163847,-0.4535840575534488,[]
6.600000000000539,11.212722557641056,0.5574946561186558,1.024233069960908,-0.4279824787973611,1.0,0.0,0.024233069960907905,-0.4279824787973611,[]
6.6200000000005454,10.908253126332701,0.5539256888292178,1.0484950340856964,-0.4318634648449498,1.0,0.0,0.04849503408569644,-0.4318634648449498,[]
6.640000000000552,10.745995632557008,0.5740632027692824,1.0234577357881207,-0.5231918219834398,1.0,0.0,0.023457735788120715,-0.5231918219834398,[]
6.660000000000559,10.803192647529267,0.2854146377671769,0.8979395451695885,-0.0925540564408198,1.0,0.0,-0.10206045483041148,-0.0925540564408198,[]
6.6800000000005655,11.169712035265556,0.6339786423258567,1.0114011461007753,-0.4384116927210691,1.0,0.0,0.01140114610077525,-0.4384116927210691,[]
6.700000000000572,11.483890234337524,0.7909468955707698,1.0544634246429299,-0.6016386322417877,1.0,0.0,0.05446342464292986,-0.6016386322417877,[]
6.720000000000579,11.887153432608144,0.6173123623679123,1.035071617743418,-0.3268509147377223,1.0,0.0,0.03507161774341805,-0.3268509147377223,[]
6.7400000000005855,12.38980959062267,0.9209916513593119,1.0364632960837012,-0.7269678738453574,1.0,0.0,0.036463296083701247,-0.7269678738453574,[]
6.760000000000592,12.951533625742293,0.6856336414795658,1.0348614002534884,-0.23054218719664427,1.0,0.0,0.034861400253488384,-0.23054218719664427,[]
6.780000000000599,13.034228276639919,0.8316694356219999,1.0497358905549112,-0.6042458760941876,1.0,0.0,0.04973589055491123,-0.6042458760941876,[]
6.800000000000606,12.711708058327977,0.7582436468661066,1.0627324894856955,-0.5497091631502857,1.0,0.0,0.06273248948569554,-0.5497091631502857,[]
6.820000000000612,12.430747684008862,0.5151568090555095,1.01515312336147,-0.4636806599082787,1.0,0.0,0.0151531233614699,-0.4636806599082787,[]
6.840000000000619,12.161151746140522,0.5348948089747261,0.9908238275413124,-0.43036932373985115,1.0,0.0,-0.009176172458687626,-0.43036932373985115,[]
6.860000000000626,11.865352735483503,0.5841224580768666,0.9955696156345101,-0.431610640193689,1.0,0.0,-0.0044303843654899255,-0.431610640193689,[]
6.880000000000632,11.561444048004267,0.6006643123305976,1.0088665958070158,-0.4541346148105585,1.0,0.0,0.008866595807015765,-0.4541346148105585,[]
6.900000000000639,11.25315491755681,0.5625840910228589,1.0257706107740494,-0.42516601201896864,1.0,0.0,0.025770610774049407,-0.42516601201896864,[]
6.920000000000646,10.939581398452741,0.5585156486761241,1.0511367045625568,-0.42986915550115656,1.0,0.0,0.05113670456255681,-0.42986915550115656,[]
6.940000000000652,10.76322289997924,0.5662574563071061,1.0295476066966296,-0.509828764838611,1.0,0.0,0.02954760669662959,-0.509828764838611,[]
6.960000000000659,10.78404525957609,0.2649133933972208,0.8951874859394964,-0.0834459221399959,1.0,0.0,-0.10481251406050363,-0.0834459221399959,[]
6.980000000000666,11.135366195076623,0.6313687052490486,1.0078962348705554,-0.44082648188109175,1.0,0.0,0.007896234870555352,-0.44082648188109175,[]
7.000000000000672,11.433399897401893,0.7888716891660971,1.0618156278981743,-0.5986374373106438,1.0,0.0,0.0618156278981743,-0.5986374373106438,[]
7.020000000000679,11.818226084770457,0.6365765274038802,1.039161312946699,-0.357628166583466,1.0,0.0,0.039161312946699,-0.357628166583466,[]
7.040000000000686,12.313332062106278,0.9145608697148766,1.0408865647668344,-0.7189828581871608,1.0,0.0,0.04088656476683439,-0.7189828581871608,[]
7.060000000000692,12.878105709628821,0.6961219865570373,1.037693057797122,-0.22810496560309346,1.0,0.0,0.037693057797121954,-0.22810496560309346,[]
7.080000000000699,12.989335368473212,0.8199151514578046,1.0538241083799402,-0.5926221393448807,1.0,0.0,0.05382410837994023,-0.5926221393448807,[]
7.100000000000706,12.663106324249933,0.7610304640257872,1.0663042669701797,-0.5427681601171955,1.0,0.0,0.06630426697017966,-0.5427681601171955,[]
7.120000000000712,12.369287468690144,0.5200629627910274,1.0197649523798287,-0.4628306513534761,1.0,0.0,0.01976495237982867,-0.4628306513534761,[]
7.140000000000719,12.091756857760933,0.5346130526483556,0.9939559384282728,-0.430694830130267,1.0,0.0,-0.006044061571727211,-0.430694830130267,[]
7.160000000000726,11.7925000773604,0.5843734703904382,0.9977321820116677,-0.43287029554446577,1.0,0.0,-0.00226781798833231,-0.43287029554446577,[]
7.1800000000007325,11.48786693479095,0.6000991880245656,1.0106699209573977,-0.4545141987978426,1.0,0.0,0.010669920957397716,-0.4545141987978426,[]
7.200000000000739,11.180320460906946,0.5586699756023095,1.0271288690682299,-0.4202279231360521,1.0,0.0,0.027128869068229866,-0.4202279231360521,[]
7.220000000000746,10.866702318794697,0.555825128461498,1.0522401882398469,-0.4264287373015195,1.0,0.0,0.052240188239846885,-0.4264287373015195,[]
7.2400000000007525,10.68759067772705,0.5584423077659667,1.0332103008063938,-0.49939100679799986,1.0,0.0,0.033210300806393755,-0.49939100679799986,[]
7.260000000000759,10.70172031862122,0.2553148443174874,0.8982164970244064,-0.08460504203272026,1.0,0.0,-0.10178350297559358,-0.08460504203272026,[]
7.280000000000766,11.045919072946084,0.64130320359339,1.0085553644017986,-0.4597028494199886,1.0,0.0,0.008555364401798604,-0.4597028494199886,[]
7.3000000000007725,11.333917040237623,0.7561116620487206,1.0640759618812095,-0.5627562485717118,1.0,0.0,0.06407596188120945,-0.5627562485717118,[]
7.320000000000779,11.717350720793991,0.6339862047488618,1.0382771349985018,-0.35554438496304586,1.0,0.0,0.03827713499850183,-0.35554438496304586,[]
7.340000000000786,12.21563893548745,0.900350940158206,1.0414602385609073,-0.7039249526928795,1.0,0.0,0.0414602385609073,-0.7039249526928795,[]
7.360000000000793,12.778579259698933,0.7026070982106745,1.0406383767948337,-0.23743940513734924,1.0,0.0,0.04063837679483373,-0.23743940513734924,[]
7.380000000000799,12.897575497801748,0.8121653490580227,1.0555696954305565,-0.5913322507189455,1.0,0.0,0.055569695430556454,-0.5913322507189455,[]
7.400000000000806,12.578123147622723,0.7633348684690471,1.0674488005391471,-0.5583381415301266,1.0,0.0,0.06744880053914715,-0.5583381415301266,[]
7.420000000000813,12.290307498716695,0.5254134665673279,1.0223977109395088,-0.47270335587707213,1.0,0.0,0.02239771093950882,-0.47270335587707213,[]
7.440000000000819,12.019419881997703,0.5363384885978623,0.9973941347638364,-0.434182858348485,1.0,0.0,-0.0026058652361635737,-0.434182858348485,[]
7.460000000000826,11.725146961097405,0.5863838340828488,1.001456272600052,-0.43468356828572224,1.0,0.0,0.0014562726000519888,-0.43468356828572224,[]
7.480000000000833,11.422954433475793,0.6029725500182319,1.0147497265086276,-0.45622231371617505,1.0,0.0,0.014749726508627603,-0.45622231371617505,[]
7.500000000000839,11.115164624099497,0.5614872332869487,1.0317841530335883,-0.42096677221373696,1.0,0.0,0.03178415303358828,-0.42096677221373696,[]
7.520000000000846,10.79755275518076,0.5577541682306596,1.0575170058906156,-0.42390955515743156,1.0,0.0,0.05751700589061559,-0.42390955515743156,[]
7.540000000000853,10.611986573754205,0.556691862237227,1.03769636822153,-0.4929295133153069,1.0,0.0,0.03769636822153011,-0.4929295133153069,[]
7.560000000000859,10.614916682420077,0.24857649580354507,0.90172791695538,-0.08405358569012059,1.0,0.0,-0.09827208304461998,-0.08405358569012059,[]
7.580000000000866,10.944739506363817,0.6469161345560356,1.0145470243709567,-0.4666234727741569,1.0,0.0,0.014547024370956674,-0.4666234727741569,[]
7.600000000000873,11.217913956401702,0.7368992290881139,1.070645186432336,-0.5316986440120195,1.0,0.0,0.07064518643233608,-0.5316986440120195,[]
7.620000000000879,11.59614765886708,0.6289071873855285,1.0407739464736285,-0.34294536640915557,1.0,0.0,0.04077394647362853,-0.34294536640915557,[]
7.640000000000886,12.093759414612178,0.9027029407542042,1.045646474089777,-0.7053307346868488,1.0,0.0,0.04564647408977707,-0.7053307346868488,[]
7.660000000000893,12.655924794393394,0.6966230580981316,1.0449976678127686,-0.21177231695489857,1.0,0.0,0.044997667812768594,-0.21177231695489857,[]
7.680000000000899,12.786933117166797,0.8125316838938093,1.0589491454209414,-0.5960454507908834,1.0,0.0,0.05894914542094143,-0.5960454507908834,[]
7.700000000000906,12.4797756124934,0.762731948307004,1.071032020782933,-0.5567895874603708,1.0,0.0,0.07103202078293291,-0.5567895874603708,[]
7.720000000000913,12.196362268261911,0.5220661919560052,1.0256744823061998,-0.46884234813553327,1.0,0.0,0.02567448230619984,-0.46884234813553327,[]
7.7400000000009195,11.926385855489345,0.5333570743506776,0.9996454728227007,-0.43249084908689445,1.0,0.0,-0.00035452717729933525,-0.43249084908689445,[]
7.760000000000926,11.633164075480252,0.5822185379921517,1.0031921582917147,-0.4324334941863908,1.0,0.0,0.0031921582917147084,-0.4324334941863908,[]
7.780000000000933,11.333000349590067,0.5969324400112164,1.0161753574128014,-0.45223162698752284,1.0,0.0,0.016175357412801405,-0.45223162698752284,[]
7.8000000000009395,11.02751432052976,0.5537707647088228,1.0328680911475354,-0.41409712426580736,1.0,0.0,0.032868091147535416,-0.41409712426580736,[]
7.820000000000946,10.712637788466424,0.5506981018023378,1.0579569481015911,-0.4165449428224649,1.0,0.0,0.05795694810159113,-0.4165449428224649,[]
7.840000000000953,10.532390317953483,0.5573074795576972,1.036321333490406,-0.49432526618464356,1.0,0.0,0.036321333490406005,-0.49432526618464356,[]
7.8600000000009596,10.553629740092106,0.24889731598641132,0.9089512197644873,-0.09150135600325786,1.0,0.0,-0.09104878023551266,-0.09150135600325786,[]
7.880000000000966,10.876507197715181,0.6394357486220413,1.0205701090870463,-0.46787393738567706,1.0,0.0,0.020570109087046262,-0.46787393738567706,[]
7.900000000000973,11.145669537702332,0.7542068624518725,1.065643493652931,-0.562938083440699,1.0,0.0,0.0656434936529311,-0.562938083440699,[]
7.92000000000098,11.531977065392526,0.6027989825600473,1.0412315430949357,-0.30573133674235786,1.0,0.0,0.04123154309493571,-0.30573133674235786,[]
7.940000000000986,12.031266458747428,0.8970275812189125,1.0455838985030204,-0.7009269193345193,1.0,0.0,0.04558389850302036,-0.7009269193345193,[]
7.960000000000993,12.592166342935565,0.6833817467851906,1.043913645674303,-0.19128297839485708,1.0,0.0,0.043913645674303003,-0.19128297839485708,[]
7.980000000001,12.718619396433919,0.8202198034922749,1.058347448677334,-0.6077496051785549,1.0,0.0,0.0583474486773341,-0.6077496051785549,[]
8.000000000001005,12.412396485970236,0.7581319686669201,1.0706875212272275,-0.5508428029130261,1.0,0.0,0.07068752122722755,-0.5508428029130261,[]
8.020000000000994,12.129530266108159,0.5164799246771661,1.0251170963750824,-0.4621031377759191,1.0,0.0,0.025117096375082415,-0.4621031377759191,[]
8.040000000000983,11.85833983106311,0.5300928934779504,0.9992842739955281,-0.4291596519192811,1.0,0.0,-0.0007157260044718949,-0.4291596519192811,[]
8.060000000000972,11.563723484284406,0.5775225741600574,1.0030017839922623,-0.4289494111528786,1.0,0.0,0.0030017839922622525,-0.4289494111528786,[]
8.080000000000961,11.262649275287684,0.5901017240919276,1.016095438752731,-0.4470376786208342,1.0,0.0,0.016095438752731006,-0.4470376786208342,[]
8.10000000000095,10.957646863280631,0.5501291597992284,1.032637234075702,-0.41367462730489557,1.0,0.0,0.03263723407570196,-0.41367462730489557,[]
8.120000000000939,10.645037289665535,0.5496820330989001,1.057366519635167,-0.4179180019722102,1.0,0.0,0.057366519635166924,-0.4179180019722102,[]
8.140000000000928,10.467516226795157,0.5598221024198251,1.0353315685009647,-0.4983092926526685,1.0,0.0,0.03533156850096475,-0.4983092926526685,[]
8.160000000000917,10.4952392692834,0.25370373970029514,0.9092507103555104,-0.09731634563575603,1.0,0.0,-0.09074928964448958,-0.09731634563575603,[]
8.180000000000906,10.830358645220208,0.6548613159439018,1.019937288311569,-0.47540187341605694,1.0,0.0,0.019937288311568935,-0.47540187341605694,[]
8.200000000000895,11.106477692461521,0.7234760864773981,1.0675813522022983,-0.520212919241846,1.0,0.0,0.06758135220229833,-0.520212919241846,[]
8.220000000000883,11.50214366761257,0.6218975265201055,1.038395502331201,-0.3288611417516555,1.0,0.0,0.03839550233120104,-0.3288611417516555,[]
8.240000000000872,12.012180985344418,0.8943068149326197,1.0439257507621298,-0.693695117400624,1.0,0.0,0.04392575076212979,-0.693695117400624,[]
8.260000000000861,12.576495033315265,0.6828319059911176,1.0409469803636517,-0.19484983695548927,1.0,0.0,0.04094698036365174,-0.19484983695548927,[]
8.28000000000085,12.702085463649084,0.8157210574782661,1.0557322857574827,-0.600830816136478,1.0,0.0,0.05573228575748268,-0.600830816136478,[]
8.30000000000084,12.395443057563243,0.7604285693681324,1.0688771626588258,-0.5495294575811912,1.0,0.0,0.06887716265882582,-0.5495294575811912,[]
8.320000000000828,12.11169333795974,0.5175178883902363,1.0233103909516306,-0.46159490713839596,1.0,0.0,0.023310390951630566,-0.46159490713839596,[]
8.340000000000817,11.838460765848957,0.5291185737920205,0.9972170822176792,-0.4288643899767797,1.0,0.0,-0.0027829177823207596,-0.4288643899767797,[]
8.360000000000806,11.541860002942707,0.5756417707721537,1.0007055441496526,-0.4286387303803621,1.0,0.0,0.000705544149652626,-0.4286387303803621,[]
8.380000000000795,11.23955684536152,0.5877056604763635,1.0135467082594478,-0.4463735245180638,1.0,0.0,0.013546708259447815,-0.4463735245180638,[]
8.400000000000784,10.934806844350675,0.5493883057589094,1.0296817445711426,-0.415497466589206,1.0,0.0,0.029681744571142588,-0.415497466589206,[]
8.420000000000773,10.625806976176827,0.5489033841769362,1.053728626984722,-0.42054517386534257,1.0,0.0,0.05372862698472192,-0.42054517386534257,[]
8.440000000000762,10.453597720872898,0.5650092686193885,1.0298066878884813,-0.507535240603846,1.0,0.0,0.029806687888481287,-0.507535240603846,[]
8.46000000000075,10.493576620460638,0.26329269563550367,0.9052181491761963,-0.08338743416745975,1.0,0.0,-0.09478185082380375,-0.08338743416745975,[]
8.48000000000074,10.844352503919245,0.6657696102350149,1.0194896965379954,-0.4733411667593241,1.0,0.0,0.01948969653799537,-0.4733411667593241,[]
8.500000000000728,11.13609054605072,0.7149501653814447,1.06673909493055,-0.5004809144100113,1.0,0.0,0.06673909493054997,-0.5004809144100113,[]
8.520000000000717,11.540072502094969,0.624778564570972,1.0348753576309728,-0.32465178605666933,1.0,0.0,0.034875357630972825,-0.32465178605666933,[]
8.540000000000706,12.061840502762578,0.9040838320076818,1.039521306255228,-0.7012250749670291,1.0,0.0,0.039521306255227984,-0.7012250749670291,[]
8.560000000000695,12.629158568025186,0.6797489432677011,1.038354431729753,-0.2029674870204518,1.0,0.0,0.03835443172975306,-0.2029674870204518,[]
8.580000000000684,12.738882352801022,0.8179321611819734,1.051904441280963,-0.600330082307645,1.0,0.0,0.051904441280963054,-0.600330082307645,[]
8.600000000000673,12.434130275559786,0.7589606826841327,1.0654947562575194,-0.5546321567373873,1.0,0.0,0.06549475625751944,-0.5546321567373873,[]
8.620000000000662,12.156695553039528,0.5193827147211506,1.018997386514297,-0.4674921292188248,1.0,0.0,0.018997386514296943,-0.4674921292188248,[]
8.64000000000065,11.886610365416507,0.533341419196223,0.9942359211091911,-0.43127858580939793,1.0,0.0,-0.005764078890808877,-0.43127858580939793,[]
8.66000000000064,11.590910782545055,0.5794603365681132,0.998495997598811,-0.43063578484729625,1.0,0.0,-0.0015040024011889752,-0.43063578484729625,[]
8.680000000000629,11.288333381515336,0.5933230380927479,1.0114763364317163,-0.4505809733774097,1.0,0.0,0.011476336431716305,-0.4505809733774097,[]
8.700000000000617,10.982121026925741,0.5560862956258763,1.0281058083426307,-0.42183246793812745,1.0,0.0,0.028105808342630656,-0.42183246793812745,[]
8.720000000000606,10.672704030614078,0.5498552301738072,1.0523613113598314,-0.4208801313262968,1.0,0.0,0.05236131135983135,-0.4208801313262968,[]
8.740000000000595,10.501887174432696,0.5649050949445128,1.0247516391023994,-0.5089131473817656,1.0,0.0,0.024751639102399414,-0.5089131473817656,[]
8.760000000000584,10.568452850166972,0.2943626673475897,0.9064313795373351,-0.11554439061891633,1.0,0.0,-0.0935686204626649,-0.11554439061891633,[]
8.780000000000573,10.929173496771382,0.6610971448981328,1.0214691246893788,-0.4691858809341913,1.0,0.0,0.021469124689378782,-0.4691858809341913,[]
8.800000000000562,11.220008911082209,0.7252500910903744,1.06214770831447,-0.5217199535755349,1.0,0.0,0.06214770831446992,-0.5217199535755349,[]
8.820000000000551,11.623749716808643,0.6082420319117098,1.0348600750530654,-0.30941923767927176,1.0,0.0,0.03486007505306543,-0.30941923767927176,[]
8.84000000000054,12.13754130289374,0.8990735540377287,1.0387500507152845,-0.700306255116029,1.0,0.0,0.03875005071528448,-0.700306255116029,[]
8.860000000000529,12.696656079050603,0.6686215539173929,1.0360346666467042,-0.19273146362855342,1.0,0.0,0.03603466664670418,-0.19273146362855342,[]
8.880000000000518,12.793983556085234,0.8298085350314494,1.0496331252282398,-0.6115059632258137,1.0,0.0,0.049633125228239816,-0.6115059632258137,[]
8.900000000000507,12.479559370194114,0.7648419305802837,1.0648645466433557,-0.5515852731812355,1.0,0.0,0.06486454664335572,-0.5515852731812355,[]
8.920000000000496,12.19578287144098,0.5216996122466622,1.0176843545075296,-0.4663853553796937,1.0,0.0,0.017684354507529587,-0.4663853553796937,[]
8.940000000000484,11.920698781712298,0.5338649397810616,0.9924952701731877,-0.4334417094440757,1.0,0.0,-0.007504729826812273,-0.4334417094440757,[]
8.960000000000473,11.621947001732188,0.5764387412725673,0.9966618065620714,-0.4316822263461388,1.0,0.0,-0.003338193437928627,-0.4316822263461388,[]
8.980000000000462,11.318178450256497,0.5874575789349991,1.0095112196992966,-0.4491208333951113,1.0,0.0,0.00951121969929658,-0.4491208333951113,[]
9.000000000000451,11.01388992617086,0.5560089659664597,1.0255247592594625,-0.4288022712748856,1.0,0.0,0.025524759259462515,-0.4288022712748856,[]
9.02000000000044,10.710227175409772,0.5541553333307633,1.0491462608420181,-0.43277880885976266,1.0,0.0,0.04914626084201812,-0.43277880885976266,[]
9.040000000000429,10.54732198256876,0.5750510318664845,1.0226120696739813,-0.5223908994545173,1.0,0.0,0.022612069673981328,-0.5223908994545173,[]
9.060000000000418,10.600856274294761,0.2832498731954421,0.8987899819397888,-0.0951595757997686,1.0,0.0,-0.10121001806021124,-0.0951595757997686,[]
9.080000000000407,10.967111243459964,0.657205791066254,1.0157030132115186,-0.44998448193900364,1.0,0.0,0.01570301321151857,-0.44998448193900364,[]
9.100000000000396,11.278368830110724,0.7403929916904749,1.0603717880495667,-0.5266446087505099,1.0,0.0,0.060371788049566666,-0.5266446087505099,[]
9.120000000000385,11.69685004527619,0.6389186237274387,1.0314016685469698,-0.34247617231130345,1.0,0.0,0.031401668546969796,-0.34247617231130345,[]
9.140000000000374,12.218578399278979,0.9137914917007733,1.035178382563602,-0.710773753436613,1.0,0.0,0.03517838256360206,-0.710773753436613,[]
9.160000000000363,12.785430863654137,0.6806607783516404,1.0346277866915672,-0.2246052109666112,1.0,0.0,0.034627786691567186,-0.2246052109666112,[]
9.180000000000351,12.871145417221957,0.818971497146444,1.0471841475787296,-0.5927194489844015,1.0,0.0,0.047184147578729574,-0.5927194489844015,[]
9.20000000000034,12.559164620032261,0.762706940286355,1.0613870648699901,-0.5600394702453667,1.0,0.0,0.06138706486999013,-0.5600394702453667,[]
9.22000000000033,12.281137912984889,0.5248978704133327,1.0137712737680185,-0.47415963827791757,1.0,0.0,0.013771273768018455,-0.47415963827791757,[]
9.240000000000318,12.009014208362691,0.5400891802320879,0.9899439116412604,-0.4354051395342891,1.0,0.0,-0.010056088358739612,-0.4354051395342891,[]
9.260000000000307,11.710520075598982,0.5853667915002764,0.9947518923416502,-0.4346158856570679,1.0,0.0,-0.005248107658349821,-0.4346158856570679,[]
9.280000000000296,11.405048259998853,0.6006470070021717,1.0077118702990808,-0.4564675480336703,1.0,0.0,0.007711870299080825,-0.4564675480336703,[]
9.300000000000285,11.095707134514663,0.5630655539154497,1.0245904714992118,-0.4282821530997134,1.0,0.0,0.024590471499211786,-0.4282821530997134,[]
9.320000000000274,10.786096585346646,0.5511332218032844,1.048748765059242,-0.42259643485405707,1.0,0.0,0.04874876505924197,-0.42259643485405707,[]
9.340000000000263,10.618795997537552,0.5748964645114525,1.0170690184022864,-0.5240545095868694,1.0,0.0,0.017069018402286362,-0.5240545095868694,[]
9.360000000000252,10.699567959715163,0.3140796821806216,0.9003073172970038,-0.10996475679649116,1.0,0.0,-0.09969268270299625,-0.10996475679649116,[]
9.38000000000024,11.070240768458843,0.6453221205858038,1.021527918536445,-0.4357240206105778,1.0,0.0,0.02152791853644498,-0.4357240206105778,[]
9.40000000000023,11.378969664958591,0.7458540728218551,1.057543327584459,-0.537966725061195,1.0,0.0,0.057543327584459014,-0.537966725061195,[]
9.420000000000218,11.796701385105905,0.6133511106719163,1.0323296566969062,-0.3130812532931774,1.0,0.0,0.03232965669690624,-0.3130812532931774,[]
9.440000000000207,12.308878230010128,0.9156140849601387,1.0359917043193088,-0.7192463980436675,1.0,0.0,0.03599170431930876,-0.7192463980436675,[]
9.460000000000196,12.862929178820226,0.6600742782958432,1.0346894941399698,-0.1950968033145934,1.0,0.0,0.0346894941399698,-0.1950968033145934,[]
9.480000000000185,12.933351328214394,0.8419380048666043,1.0471847063709239,-0.617573968168184,1.0,0.0,0.04718470637092387,-0.617573968168184,[]
9.500000000000174,12.611495290869431,0.7602023631805884,1.06153183151079,-0.5491908044056076,1.0,0.0,0.06153183151079,-0.5491908044056076,[]
9.520000000000163,12.325748543862383,0.5217819987038507,1.012701495064498,-0.46744173255188803,1.0,0.0,0.012701495064497914,-0.46744173255188803,[]
9.540000000000152,12.047800096923241,0.540904583703438,0.9887010962872267,-0.43586059702714103,1.0,0.0,-0.011298903712773312,-0.43586059702714103,[]
9.56000000000014,11.746718733303926,0.5829122650033219,0.993658997649656,-0.4347160300645997,1.0,0.0,-0.0063410023503439605,-0.4347160300645997,[]
9.58000000000013,11.441553355108958,0.5944368730184082,1.0066887836920135,-0.4538063713795177,1.0,0.0,0.0066887836920135335,-0.4538063713795177,[]
9.600000000000119,11.135680310761776,0.5593509040753885,1.023128003658655,-0.4301601674654453,1.0,0.0,0.023128003658654972,-0.4301601674654453,[]
9.620000000000108,10.831033708154806,0.5528002962016959,1.0471815966568139,-0.430481365985488,1.0,0.0,0.04718159665681387,-0.430481365985488,[]
9.640000000000096,10.669437162632793,0.5743206749319815,1.0200913058787506,-0.5249934867508695,1.0,0.0,0.02009130587875063,-0.5249934867508695,[]
9.660000000000085,10.733913322540099,0.2922754999838543,0.896221612890068,-0.08885580905462453,1.0,0.0,-0.10377838710993204,-0.08885580905462453,[]
9.680000000000074,11.111845872361595,0.6419734263587406,1.0122354989125684,-0.4291916012222657,1.0,0.0,0.012235498912568366,-0.4291916012222657,[]
9.700000000000063,11.428911352019473,0.7588868980656294,1.0573602589137139,-0.5534132147004637,1.0,0.0,0.05736025891371388,-0.5534132147004637,[]
9.720000000000052,11.839703155558992,0.6336571291819495,1.0325960306451512,-0.342528223347754,1.0,0.0,0.03259603064515115,-0.342528223347754,[]
9.740000000000041,12.352445290891438,0.9201960421432136,1.034952150511804,-0.7202748902012557,1.0,0.0,0.034952150511804,-0.7202748902012557,[]
9.76000000000003,12.918295691063904,0.684349368356168,1.0346559469750274,-0.23512073478627293,1.0,0.0,0.034655946975027385,-0.23512073478627293,[]
9.780000000000019,12.997282141154468,0.8256138271168018,1.0475877500124435,-0.5988440460226488,1.0,0.0,0.04758775001244353,-0.5988440460226488,[]
9.800000000000008,12.681693396556202,0.7624916699513736,1.0611150067558899,-0.5622066860955119,1.0,0.0,0.06111500675588988,-0.5622066860955119,[]
9.819999999999997,12.405232568851677,0.5237261106606086,1.0133364853193398,-0.4748872682697917,1.0,0.0,0.013336485319339841,-0.4748872682697917,[]
9.839999999999986,12.137024580419105,0.5410903820018457,0.9896964821550805,-0.4365894720105503,1.0,0.0,-0.010303517844919452,-0.4365894720105503,[]
9.859999999999975,11.84241518385296,0.5873592469547063,0.9946825520848552,-0.43581125118003744,1.0,0.0,-0.0053174479151447684,-0.43581125118003744,[]
9.879999999999963,11.53999252062296,0.6033917588866735,1.0077862593767606,-0.4579108454006313,1.0,0.0,0.007786259376760585,-0.4579108454006313,[]
9.899999999999952,11.232661799012927,0.5645021216388308,1.0247979723054195,-0.4283917089044253,1.0,0.0,0.02479797230541947,-0.4283917089044253,[]
9.919999999999941,10.922261536136688,0.5554219598458667,1.0497389570777682,-0.42765600904364165,1.0,0.0,0.04973895707776821,-0.42765600904364165,[]
9.93999999999993,10.752635096695645,0.5745710752280446,1.022637508205994,-0.5242198387696246,1.0,0.0,0.022637508205993973,-0.5242198387696246,[]
9.95999999999992,10.812976818252471,0.29967881173806804,0.8962903666770393,-0.10341783555877815,1.0,0.0,-0.10370963332296068,-0.10341783555877815,[]
9.979999999999908,11.18890749409832,0.6438644651923118,1.013616138538151,-0.439464768863702,1.0,0.0,0.013616138538151024,-0.439464768863702,[]
9.999999999999897,11.499428548333169,0.7629827157642134,1.0605804283228966,-0.5630260213951557,1.0,0.0,0.06058042832289656,-0.5630260213951557,[]
10.019999999999886,11.904158903558105,0.6328539717738167,1.0360008209599123,-0.3463972091891565,1.0,0.0,0.036000820959912305,-0.3463972091891565,[]
10.039999999999875,12.409814282381921,0.9245461153988197,1.0392869534354658,-0.7281049594643326,1.0,0.0,0.03928695343546584,-0.7281049594643326,[]
10.059999999999864,12.972770918050447,0.6796747957257281,1.0364819786311954,-0.21364808500914426,1.0,0.0,0.0364819786311954,-0.21364808500914426,[]
10.079999999999853,13.05318015290597,0.8310919737362369,1.0507133866334082,-0.6029499754744602,1.0,0.0,0.050713386633408186,-0.6029499754744602,[]
10.099999999999842,12.727920755901712,0.7584836470675596,1.0640975547480833,-0.5466809088389204,1.0,0.0,0.06409755474808332,-0.5466809088389204,[]
10.11999999999983,12.444919513946758,0.5161236125705287,1.0161793212820174,-0.4635819231600951,1.0,0.0,0.016179321282017378,-0.4635819231600951,[]
10.13999999999982,12.174536544594488,0.5346252927661082,0.9916167388866192,-0.43213654767595805,1.0,0.0,-0.008383261113380835,-0.43213654767595805,[]
10.159999999999808,11.87983460868472,0.5817694360183665,0.9961230214590873,-0.43321625938015146,1.0,0.0,-0.0038769785409127344,-0.43321625938015146,[]
10.179999999999797,11.578499787459798,0.5971673759570024,1.0092009342874126,-0.45514482271224616,1.0,0.0,0.009200934287412643,-0.45514482271224616,[]
10.199999999999786,11.27362939442112,0.5608427413454461,1.025906593512727,-0.42866475708911334,1.0,0.0,0.02590659351272695,-0.42866475708911334,[]
10.219999999999775,10.964997827161612,0.5582961186455435,1.050919319603469,-0.4339459876856282,1.0,0.0,0.05091931960346896,-0.4339459876856282,[]
10.239999999999764,10.7954966664843,0.5720480695892406,1.0286093346014873,-0.5184573329829181,1.0,0.0,0.02860933460148729,-0.5184573329829181,[]
10.259999999999753,10.823518482821202,0.26873580211922143,0.8951865075886861,-0.09128037177505367,1.0,0.0,-0.10481349241131388,-0.09128037177505367,[]
10.279999999999742,11.179830895095305,0.6386533460192308,1.0074023899603286,-0.44709266850702056,1.0,0.0,0.007402389960328604,-0.44709266850702056,[]
10.29999999999973,11.482933054466354,0.7900409661314708,1.060852257015359,-0.5984443304353528,1.0,0.0,0.0608522570153589,-0.5984443304353528,[]
10.31999999999972,11.872435151698387,0.6422252407977441,1.0383506320796019,-0.36429408702661625,1.0,0.0,0.038350632079601876,-0.36429408702661625,[]
10.339999999999709,12.369484189878229,0.9161909454044131,1.0397094920171541,-0.7203010755293168,1.0,0.0,0.039709492017154124,-0.7203010755293168,[]
10.359999999999697,12.931209100736508,0.6965745637009241,1.0394573586632743,-0.24182040559262602,1.0,0.0,0.03945735866327427,-0.24182040559262602,[]
10.379999999999686,13.024334110549047,0.8206993980882158,1.053371535801995,-0.5959043150261866,1.0,0.0,0.05337153580199505,-0.5959043150261866,[]
10.399999999999675,12.703697384531624,0.7603949816658405,1.065517634992436,-0.55970636817125,1.0,0.0,0.06551763499243601,-0.55970636817125,[]
10.419999999999664,12.423163328308206,0.5220289803846863,1.0187805169614517,-0.4729366477624732,1.0,0.0,0.018780516961451665,-0.4729366477624732,[]
10.439999999999653,12.156451197098072,0.538996247463344,0.9946506796758033,-0.4342750804358415,1.0,0.0,-0.00534932032419666,-0.4342750804358415,[]
10.459999999999642,11.863601282938786,0.5896166299600492,0.9994142739995234,-0.4353406969899959,1.0,0.0,-0.0005857260004765719,-0.4353406969899959,[]
10.479999999999631,11.561410352576116,0.6080926772806303,1.0128420414985126,-0.45944445335365897,1.0,0.0,0.012842041498512646,-0.45944445335365897,[]
10.49999999999962,11.251956630214263,0.5652125964279241,1.0302917110530037,-0.42290637008438564,1.0,0.0,0.030291711053003656,-0.42290637008438564,[]
10.519999999999609,10.933150937452822,0.5581562258401647,1.056281118460421,-0.4231803946742458,1.0,0.0,0.056281118460421053,-0.4231803946742458,[]
10.539999999999598,10.748856962497507,0.5616498592070911,1.0340074464343132,-0.5013133056231248,1.0,0.0,0.03400744643431319,-0.5013133056231248,[]
10.559999999999587,10.76127352434798,0.2625921765470444,0.8983494667718774,-0.08452606429912617,1.0,0.0,-0.10165053322812256,-0.08452606429912617,[]
10.579999999999576,11.101068904836392,0.6304488483919377,1.0135913129170688,-0.4412316648415092,1.0,0.0,0.013591312917068832,-0.4412316648415092,[]
10.599999999999564,11.385837313909436,0.7492341529104536,1.0675765043163323,-0.5433563893540004,1.0,0.0,0.06757650431633233,-0.5433563893540004,[]
10.619999999999553,11.774501470484974,0.6398200604819327,1.0407863006166755,-0.35778894564091784,1.0,0.0,0.04078630061667554,-0.35778894564091784,[]
10.639999999999542,12.26958439694885,0.9249032232388515,1.045929203222743,-0.732314569635031,1.0,0.0,0.045929203222742965,-0.732314569635031,[]
10.659999999999531,12.826134129207368,0.6899174537822875,1.0439943020575584,-0.21302847982020215,1.0,0.0,0.04399430205755839,-0.21302847982020215,[]
10.67999999999952,12.939333612946939,0.8197537285754452,1.0572183245363982,-0.5969355634610614,1.0,0.0,0.05721832453639819,-0.5969355634610614,[]
10.699999999999509,12.615428078631133,0.7569252197095312,1.0691865273656347,-0.5388400643052361,1.0,0.0,0.06918652736563469,-0.5388400643052361,[]
10.719999999999498,12.319792779121562,0.5200104264869885,1.022615644181134,-0.4616295605781173,1.0,0.0,0.022615644181134043,-0.4616295605781173,[]
10.739999999999487,12.040168317590647,0.5344168929341236,0.996754625516883,-0.4307553811019714,1.0,0.0,-0.003245374483117014,-0.4307553811019714,[]
10.759999999999476,11.739925051214952,0.582572020442433,1.0004522041456154,-0.432634565377348,1.0,0.0,0.0004522041456154202,-0.432634565377348,[]
10.779999999999465,11.435535288902916,0.5968305446862974,1.0134027390640505,-0.4536506176120583,1.0,0.0,0.01340273906405054,-0.4536506176120583,[]
10.799999999999454,11.128833617624807,0.5545177589537054,1.029853295271262,-0.41787957515581853,1.0,0.0,0.029853295271262015,-0.41787957515581853,[]
10.819999999999443,10.815720391582865,0.5523671037636796,1.0548502379035662,-0.42230990139118196,1.0,0.0,0.054850237903566246,-0.42230990139118196,[]
10.839999999999431,10.637697165383553,0.5543097602965384,1.0356296475555715,-0.49326746999483445,1.0,0.0,0.03562964755557152,-0.49326746999483445,[]
10.85999999999942,10.648533371804985,0.24531276247435832,0.9011319837119834,-0.07871489285334571,1.0,0.0,-0.09886801628801656,-0.07871489285334571,[]
10.87999999999941,10.98366447943001,0.6389550474987128,1.011101099559832,-0.4575320984287122,1.0,0.0,0.011101099559831962,-0.4575320984287122,[]
10.899999999999398,11.26421774016008,0.7434629980735641,1.0652227058919221,-0.5426003676854884,1.0,0.0,0.06522270589192214,-0.5426003676854884,[]
10.919999999999387,11.647776793551461,0.6306012034772438,1.038713452787424,-0.3475890642189657,1.0,0.0,0.038713452787423996,-0.3475890642189657,[]
10.939999999999376,12.146260327583404,0.9093606644291122,1.0432211199437638,-0.7146200244463727,1.0,0.0,0.043221119943763764,-0.7146200244463727,[]
10.959999999999365,12.70707783988664,0.7021640784660675,1.0421273682080512,-0.23875672182653918,1.0,0.0,0.042127368208051186,-0.23875672182653918,[]
10.979999999999354,12.837466802641082,0.8114651821679674,1.0570984016560427,-0.5932792923811041,1.0,0.0,0.05709840165604274,-0.5932792923811041,[]
10.999999999999343,12.52797442312987,0.7615716248617652,1.0691934757063373,-0.5529812347642789,1.0,0.0,0.06919347570633727,-0.5529812347642789,[]
11.019999999999332,12.241179603386902,0.5230061816471703,1.0238744052341593,-0.468439599724147,1.0,0.0,0.02387440523415929,-0.468439599724147,[]
11.03999999999932,11.967653779697844,0.53512946193665,0.9980278744969207,-0.4328101804606854,1.0,0.0,-0.001972125503079347,-0.4328101804606854,[]
11.05999999999931,11.670827897105383,0.5843634305327932,1.0017423788722588,-0.4330255728362488,1.0,0.0,0.0017423788722588096,-0.4330255728362488,[]
11.079999999999298,11.367182945378214,0.5994098262751958,1.0147717004607986,-0.4530371321872202,1.0,0.0,0.014771700460798565,-0.4530371321872202,[]
11.099999999999287,11.058927865596866,0.5565752950440604,1.0314045603681488,-0.4155121691730489,1.0,0.0,0.03140456036814876,-0.4155121691730489,[]
11.119999999999276,10.741898660557434,0.5536782924655115,1.0565926835843449,-0.41930952165545654,1.0,0.0,0.05659268358434488,-0.41930952165545654,[]
11.139999999999265,10.55931486525548,0.5570089398078416,1.035810481680978,-0.4930253014949145,1.0,0.0,0.03581048168097789,-0.4930253014949145,[]
11.159999999999254,10.578856035216537,0.2513391062344872,0.9072009843494814,-0.09706064434196804,1.0,0.0,-0.09279901565051862,-0.09706064434196804,[]
11.179999999999243,10.902731428344357,0.6378810174148071,1.0182090558847687,-0.46866305201187153,1.0,0.0,0.018209055884768732,-0.46866305201187153,[]
11.199999999999232,11.17379256228028,0.7685558530829864,1.0622325864161333,-0.5833402690784164,1.0,0.0,0.06223258641613327,-0.5833402690784164,[]
11.21999999999922,11.557109150336952,0.5929790150062162,1.0401142980209075,-0.2967509328017993,1.0,0.0,0.04011429802090749,-0.2967509328017993,[]
11.23999999999921,12.049800883058237,0.8993606517687296,1.0449940789895615,-0.7082687724931821,1.0,0.0,0.04499407898956154,-0.7082687724931821,[]
11.259999999999199,12.609104924384962,0.6895241445635116,1.0444055876393212,-0.2033259302701136,1.0,0.0,0.04440558763932123,-0.2033259302701136,[]
11.279999999999188,12.737676723212468,0.813699061582826,1.0588594195355412,-0.602942537567745,1.0,0.0,0.05885941953554119,-0.602942537567745,[]
11.299999999999176,12.43331100237094,0.757881022104826,1.0699822972949193,-0.5603136599576939,1.0,0.0,0.06998229729491934,-0.5603136599576939,[]
11.319999999999165,12.154720595561809,0.5182524866887819,1.025411867772231,-0.4676726659510886,1.0,0.0,0.025411867772231034,-0.4676726659510886,[]
11.339999999999154,11.889298031680008,0.5316582208443292,1.0001842948387343,-0.430924843392929,1.0,0.0,0.000184294838734278,-0.430924843392929,[]
11.359999999999143,11.598957214892101,0.5813014265298113,1.0041199665796334,-0.43070202997757784,1.0,0.0,0.004119966579633427,-0.43070202997757784,[]
11.379999999999132,11.299854532767348,0.5957199365352419,1.0174797053539735,-0.44970248192316487,1.0,0.0,0.017479705353973474,-0.44970248192316487,[]
11.399999999999121,10.994297784283425,0.5521514881589089,1.0344898077106257,-0.41104950699487974,1.0,0.0,0.03448980771062571,-0.41104950699487974,[]
11.41999999999911,10.677459166695323,0.5512226998639939,1.0599408211261596,-0.4152099200346709,1.0,0.0,0.059940821126159616,-0.4152099200346709,[]
11.439999999999099,10.4920140168551,0.553217992688245,1.0398424412078036,-0.4885515363584736,1.0,0.0,0.03984244120780356,-0.4885515363584736,[]
11.459999999999088,10.515659528319942,0.25926880345823317,0.9105419398195959,-0.11628576887350195,1.0,0.0,-0.08945806018040414,-0.11628576887350195,[]
11.479999999999077,10.848953463520873,0.666888430420595,1.0202272182682945,-0.49610268862710544,1.0,0.0,0.020227218268294545,-0.49610268862710544,[]
11.499999999999066,11.113152826505189,0.7176683622121405,1.0703395515865435,-0.5178528445561613,1.0,0.0,0.07033955158654348,-0.5178528445561613,[]
11.519999999999055,11.496366161403726,0.6163887680374087,1.0409238819575082,-0.3283259199457411,1.0,0.0,0.04092388195750818,-0.3283259199457411,[]
11.539999999999043,11.998318188761314,0.8851809754798429,1.0472046914420305,-0.6870499145558664,1.0,0.0,0.047204691442030544,-0.6870499145558664,[]
11.559999999999032,12.559201468089313,0.6924234677423324,1.0469361688041356,-0.20975737441590162,1.0,0.0,0.04693616880413565,-0.20975737441590162,[]
11.579999999999021,12.689490946789391,0.806022031868688,1.0601791566454983,-0.5965727621093739,1.0,0.0,0.06017915664549833,-0.5965727621093739,[]
11.59999999999901,12.388973709772314,0.7591318290452246,1.0714776106030819,-0.5655473385270808,1.0,0.0,0.07147761060308189,-0.5655473385270808,[]
11.619999999999,12.114465693876637,0.5201307837541469,1.0273902287695382,-0.47133156636566875,1.0,0.0,0.027390228769538227,-0.47133156636566875,[]
11.639999999998988,11.853079645332151,0.5308915585688764,1.0022838635204745,-0.43278594350931143,1.0,0.0,0.002283863520474494,-0.43278594350931143,[]
11.659999999998977,11.56638883281778,0.5793183114498383,1.0061349958167751,-0.43159747036766144,1.0,0.0,0.006134995816775124,-0.43159747036766144,[]
11.679999999998966,11.270300313307787,0.5934016910198882,1.0194178019135791,-0.4500238694053396,1.0,0.0,0.019417801913579114,-0.4500238694053396,[]
11.699999999998955,10.967046794094085,0.5513428399425448,1.0363884397600516,-0.41304801709009387,1.0,0.0,0.03638843976005157,-0.41304801709009387,[]
11.719999999998944,10.652588480629683,0.5516006878941732,1.0616151627431474,-0.417315782115131,1.0,0.0,0.06161516274314738,-0.417315782115131,[]
11.739999999998933,10.471037084563568,0.5615104090518812,1.0394728734223007,-0.4992450655727172,1.0,0.0,0.03947287342230066,-0.4992450655727172,[]
11.759999999998922,10.502036886517155,0.26300132349793787,0.9121859793930701,-0.11429970118815379,1.0,0.0,-0.08781402060692989,-0.11429970118815379,[]
11.77999999999891,10.839645330564935,0.662683512049463,1.023761262413623,-0.48174981361969116,1.0,0.0,0.023761262413622974,-0.48174981361969116,[]
11.7999999999989,11.11695586958622,0.7408388549648338,1.0680162899328651,-0.5334663993127933,1.0,0.0,0.06801628993286513,-0.5334663993127933,[]
11.819999999998888,11.514031151808155,0.6032574790406694,1.041634141870879,-0.2974019336211541,1.0,0.0,0.04163414187087899,-0.2974019336211541,[]
11.839999999998877,12.017678973035137,0.8876617972432037,1.0470240950913947,-0.6881656828980325,1.0,0.0,0.04702409509139471,-0.6881656828980325,[]
11.859999999998866,12.577647751512746,0.6818764170709227,1.0461093952886327,-0.17803730202711762,1.0,0.0,0.04610939528863267,-0.17803730202711762,[]
11.879999999998855,12.70518615570524,0.8191944930693507,1.0592527233330808,-0.6091759594375661,1.0,0.0,0.05925272333308085,-0.6091759594375661,[]
11.899999999998844,12.40657128309984,0.7577481039221269,1.0717303717829123,-0.5552274149031243,1.0,0.0,0.0717303717829123,-0.5552274149031243,[]
11.919999999998833,12.13179056801132,0.514524144329117,1.026471560443317,-0.4627194043070416,1.0,0.0,0.026471560443317,-0.4627194043070416,[]
11.939999999998822,11.866114936135117,0.5285646505427213,1.0006834841555077,-0.42972235665548064,1.0,0.0,0.0006834841555076743,-0.42972235665548064,[]
11.95999999999881,11.575123270886355,0.5762428526560698,1.004314904425621,-0.4297163033749966,1.0,0.0,0.004314904425620991,-0.4297163033749966,[]
11.9799999999988,11.276821329378663,0.5888880626729548,1.0173151485323375,-0.44785540592747963,1.0,0.0,0.01731514853233751,-0.44785540592747963,[]
11.999999999998789,10.97418411760913,0.5501167160864207,1.033777256137757,-0.4161983613862723,1.0,0.0,0.03377725613775695,-0.4161983613862723,[]
12.019999999998777,10.664727715210413,0.549707919480485,1.058251084812676,-0.4203774753933337,1.0,0.0,0.058251084812676046,-0.4203774753933337,[]
12.039999999998766,10.491161326944297,0.5631620533552347,1.0347084043532306,-0.5050464190333284,1.0,0.0,0.03470840435323064,-0.5050464190333284,[]
12.059999999998755,10.532782220445897,0.2680249834461014,0.9088229806953202,-0.1056329102971714,1.0,0.0,-0.09117701930467981,-0.1056329102971714,[]
12.079999999998744,10.881344911712876,0.659302731235761,1.0214831717064183,-0.4684669503218648,1.0,0.0,0.021483171706418336,-0.4684669503218648,[]
12.099999999998733,11.168330092999922,0.7363510491935701,1.0668113032092135,-0.5276329934385385,1.0,0.0,0.06681130320921347,-0.5276329934385385,[]
12.119999999998722,11.571704642479082,0.6187314122462417,1.0390106906913201,-0.31806430905104804,1.0,0.0,0.03901069069132013,-0.31806430905104804,[]
12.139999999998711,12.081816055930238,0.8885918764023546,1.043428336572387,-0.6866823522795289,1.0,0.0,0.043428336572387094,-0.6866823522795289,[]
12.1599999999987,12.644022688036898,0.6839085638807111,1.0435210185775932,-0.19944736048399642,1.0,0.0,0.04352101857759316,-0.19944736048399642,[]
12.179999999998689,12.753789923717559,0.822411041427588,1.0552847347226155,-0.6113629783088252,1.0,0.0,0.055284734722615525,-0.6113629783088252,[]
12.199999999998678,12.451788276824884,0.7626655281734918,1.0689887432409608,-0.5672281991184515,1.0,0.0,0.06898874324096083,-0.5672281991184515,[]
12.219999999998667,12.180229220606297,0.522449378549942,1.023065064833085,-0.4742976886616028,1.0,0.0,0.023065064833085014,-0.4742976886616028,[]
12.239999999998656,11.916677104007702,0.5362983055208254,0.9986023056250642,-0.4364436132607672,1.0,0.0,-0.001397694374935754,-0.4364436132607672,[]
12.259999999998644,11.626270084952957,0.582408468443995,1.0030287057915948,-0.43512181314026166,1.0,0.0,0.0030287057915947546,-0.43512181314026166,[]
12.279999999998633,11.327203019612616,0.5963159919325448,1.0162150501887086,-0.45465224431186657,1.0,0.0,0.016215050188708613,-0.45465224431186657,[]
12.299999999998622,11.022404232449349,0.5594406342638224,1.0331857547017167,-0.4259600073731188,1.0,0.0,0.033185754701716697,-0.4259600073731188,[]
12.319999999998611,10.711754190940308,0.5539836813150816,1.057843348561307,-0.4244045724093515,1.0,0.0,0.05784334856130702,-0.4244045724093515,[]
12.3399999999986,10.539107430247041,0.5730731894328999,1.0299315010193797,-0.5178157283652123,1.0,0.0,0.02993150101937969,-0.5178157283652123,[]
12.359999999998589,10.607241122817126,0.2986285029697007,0.910869294582195,-0.13170749494994258,1.0,0.0,-0.08913070541780499,-0.13170749494994258,[]
12.379999999998578,10.964353686719411,0.6600468011193701,1.0246281992895527,-0.47209185815460736,1.0,0.0,0.024628199289552732,-0.47209185815460736,[]
12.399999999998567,11.249791187593068,0.7369597828081617,1.0646433570318425,-0.5370492703848182,1.0,0.0,0.06464335703184254,-0.5370492703848182,[]
12.419999999998556,11.64895136550467,0.6019582269882314,1.039154796163385,-0.30167965867553076,1.0,0.0,0.03915479616338491,-0.30167965867553076,[]
12.439999999998545,12.154299404538742,0.8802872850950804,1.0421380062123082,-0.6806771809009511,1.0,0.0,0.04213800621230823,-0.6806771809009511,[]
12.459999999998534,12.707840627126373,0.6671756358756694,1.0412191527411752,-0.184602443284699,1.0,0.0,0.04121915274117516,-0.184602443284699,[]
12.479999999998522,12.803317726966116,0.8386554755201859,1.05410363760458,-0.6260182634999161,1.0,0.0,0.054103637604580035,-0.6260182634999161,[]
12.499999999998511,12.492602692728509,0.765895051851747,1.0688021911630052,-0.5613379987776221,1.0,0.0,0.06880219116300523,-0.5613379987776221,[]
12.5199999999985,12.215659492223379,0.5212711731574933,1.0218057516191394,-0.4700879520404809,1.0,0.0,0.021805751619139446,-0.4700879520404809,[]
12.53999999999849,11.947944067287057,0.5348099356359666,0.9968968288273231,-0.4358265561150042,1.0,0.0,-0.0031031711726768885,-0.4358265561150042,[]
12.559999999998478,11.655381133257752,0.5778076960443166,1.0012716748493975,-0.4335270222412269,1.0,0.0,0.0012716748493974972,-0.4335270222412269,[]
12.579999999998467,11.356090252312535,0.5890411280425006,1.0143550089731512,-0.45085745068451244,1.0,0.0,0.014355008973151229,-0.45085745068451244,[]
12.599999999998456,11.053902960119908,0.5573458152378027,1.0307815624015937,-0.42983207439538806,1.0,0.0,0.030781562401593687,-0.42983207439538806,[]
12.619999999998445,10.749121564162131,0.5553852588128045,1.0548999852570495,-0.4323951845089179,1.0,0.0,0.05489998525704953,-0.4323951845089179,[]
12.639999999998434,10.584121183413236,0.5774749776660119,1.0285001708744705,-0.5246755919488908,1.0,0.0,0.028500170874470543,-0.5246755919488908,[]
12.659999999998423,10.639235964367154,0.2779447220128622,0.9047641458638587,-0.08824108577587232,1.0,0.0,-0.09523585413614133,-0.08824108577587232,[]
12.679999999998412,10.99729593661471,0.6405844369154887,1.0204254596801337,-0.4346093006301512,1.0,0.0,0.02042545968013365,-0.4346093006301512,[]
12.6999999999984,11.304582644295186,0.7653210088270408,1.062015593170044,-0.5569908727751419,1.0,0.0,0.0620155931700439,-0.5569908727751419,[]
12.71999999999839,11.717344267839882,0.6220717643071061,1.0374676707121184,-0.3161846279267941,1.0,0.0,0.03746767071211843,-0.3161846279267941,[]
12.739999999998378,12.230362182101114,0.9004976739221828,1.0387311883924562,-0.6960897754183488,1.0,0.0,0.03873118839245615,-0.6960897754183488,[]
12.759999999998367,12.793435888740525,0.6809506249533179,1.040001234165282,-0.21687209473141425,1.0,0.0,0.04000123416528201,-0.21687209473141425,[]
12.779999999998356,12.877669282069542,0.8330342147559053,1.0515156915397619,-0.612764986064877,1.0,0.0,0.051515691539761876,-0.612764986064877,[]
12.799999999998345,12.567538689768543,0.7647359972926343,1.0652811028663505,-0.5671761194198576,1.0,0.0,0.06528110286635047,-0.5671761194198576,[]
12.819999999998334,12.293787425508754,0.5243132503573847,1.0175342890697683,-0.47596868942298354,1.0,0.0,0.017534289069768283,-0.47596868942298354,[]
12.839999999998323,12.026675688133798,0.5404713038231687,0.9937549797078951,-0.4369963515273654,1.0,0.0,-0.006245020292104941,-0.4369963515273654,[]
12.859999999998312,11.732928066293043,0.5852851946959865,0.9986841895333843,-0.4353360325914088,1.0,0.0,-0.0013158104666156634,-0.4353360325914088,[]
12.8799999999983,11.43148198980111,0.6001304554077206,1.0118084286863842,-0.4566237023865338,1.0,0.0,0.01180842868638421,-0.4566237023865338,[]
12.89999999999829,11.124822679785463,0.562842682806427,1.0289164390805376,-0.42855408028965347,1.0,0.0,0.028916439080537648,-0.42855408028965347,[]
12.919999999998279,10.81523972698002,0.5515028043362112,1.0534263229691805,-0.42232963317930017,1.0,0.0,0.053426322969180484,-0.42232963317930017,[]
12.939999999998268,10.647310572104145,0.574761084734551,1.022874288280785,-0.5237407383753168,1.0,0.0,0.022874288280785082,-0.5237407383753168,[]
12.959999999998256,10.727703987380142,0.3093073954959733,0.9055337902211746,-0.11287290772017292,1.0,0.0,-0.09446620977882536,-0.11287290772017292,[]
12.979999999998245,11.094630725425295,0.6361591045033147,1.0234367899190424,-0.43150875783529363,1.0,0.0,0.02343678991904241,-0.43150875783529363,[]
12.999999999998234,11.400315969788991,0.7519579828842512,1.0594667954732542,-0.5470708580167719,1.0,0.0,0.059466795473254175,-0.5470708580167719,[]
13.019999999998223,11.811808400667658,0.6042425728900046,1.0367494741923666,-0.3021710659797343,1.0,0.0,0.03674947419236663,-0.3021710659797343,[]
13.039999999998212,12.318260994903847,0.9151913827218491,1.040126327539941,-0.7198076998533944,1.0,0.0,0.040126327539941054,-0.7198076998533944,[]
13.059999999998201,12.87390513614268,0.6723786707847769,1.0406038277156036,-0.20803854076169628,1.0,0.0,0.04060382771560356,-0.20803854076169628,[]
13.07999999999819,12.947386938797045,0.8461730684313914,1.0511105451067073,-0.6303839024581972,1.0,0.0,0.05111054510670732,-0.6303839024581972,[]
13.099999999998179,12.627764555520294,0.7619978200997132,1.064893743315156,-0.5621146313179438,1.0,0.0,0.06489374331515596,-0.5621146313179438,[]
13.119999999998168,12.347807143729097,0.5236233806600259,1.0167244797698027,-0.47365297489148317,1.0,0.0,0.016724479769802736,-0.47365297489148317,[]
13.139999999998157,12.077702227910121,0.5424413461848813,0.9931102083686946,-0.4390988456665358,1.0,0.0,-0.006889791631305431,-0.4390988456665358,[]
13.159999999998146,11.783255213356925,0.5849761712656182,0.9983239488915403,-0.43690641307709455,1.0,0.0,-0.0016760511084596974,-0.43690641307709455,[]
13.179999999998135,11.482443378401506,0.5970617596098,1.011704259254929,-0.4558855856686127,1.0,0.0,0.011704259254929017,-0.4558855856686127,[]
13.199999999998123,11.177913536819965,0.5596970310748177,1.0286653494740545,-0.4282845205565964,1.0,0.0,0.028665349474054524,-0.4282845205565964,[]
13.219999999998112,10.86974111289814,0.554237892992351,1.0534572908182207,-0.42823447071366727,1.0,0.0,0.053457290818220704,-0.42823447071366727,[]
13.239999999998101,10.701999628421792,0.5770396157266469,1.027752542791922,-0.5274280272971394,1.0,0.0,0.027752542791922075,-0.5274280272971394,[]
13.25999999999809,10.764698201444027,0.28584168741062,0.9028881930932181,-0.09271128413921031,1.0,0.0,-0.0971118069067819,-0.09271128413921031,[]
13.27999999999808,11.138410836334051,0.642512513795677,1.0146633369558782,-0.4402368087919229,1.0,0.0,0.014663336955878181,-0.4402368087919229,[]
13.299999999998068,11.442433880775262,0.7262631197036482,1.0651250626413737,-0.5196720815131903,1.0,0.0,0.06512506264137374,-0.5196720815131903,[]
13.319999999998057,11.839677611790838,0.6353135208740645,1.0373936097742862,-0.3483061553915747,1.0,0.0,0.037393609774286185,-0.3483061553915747,[]
13.339999999998046,12.351401211810002,0.919062596235228,1.0406424310115716,-0.7186099078972864,1.0,0.0,0.04064243101157161,-0.7186099078972864,[]
13.359999999998035,12.917508845300102,0.6893928260246532,1.0391589549008071,-0.23269289726969558,1.0,0.0,0.03915895490080712,-0.23269289726969558,[]
13.379999999998024,13.002478523662283,0.8251963290719079,1.0520399147451907,-0.5987900334339186,1.0,0.0,0.05203991474519065,-0.5987900334339186,[]
13.399999999998013,12.681310473173488,0.7592229151377006,1.064966013961825,-0.5518599904705441,1.0,0.0,0.06496601396182511,-0.5518599904705441,[]
13.419999999998002,12.401474603803562,0.5177940102314145,1.0175238529817394,-0.4668312507898029,1.0,0.0,0.01752385298173942,-0.4668312507898029,[]
13.43999999999799,12.134036450738702,0.533554503097416,0.9930286352925379,-0.43214165245561265,1.0,0.0,-0.006971364707462069,-0.43214165245561265,[]
13.45999999999798,11.841616396210815,0.580316180860937,0.997487875282142,-0.4321137868449393,1.0,0.0,-0.0025121247178579997,-0.4321137868449393,[]
13.479999999997968,11.541752055175825,0.595916889705562,1.0105596268273438,-0.45384355398008547,1.0,0.0,0.010559626827343793,-0.45384355398008547,[]
13.499999999997957,11.237469392171139,0.5585613972105347,1.0272706504495361,-0.4253322094848313,1.0,0.0,0.027270650449536138,-0.4253322094848313,[]
13.519999999997946,10.928711207196807,0.5558050069002883,1.0521413531839305,-0.429964415387606,1.0,0.0,0.05214135318393054,-0.429964415387606,[]
13.539999999997935,10.759388923315635,0.5718976839302512,1.028701431820541,-0.5180483103741502,1.0,0.0,0.028701431820540968,-0.5180483103741502,[]
13.559999999997924,10.790023160779123,0.2712371679879293,0.8960270837400369,-0.08043657458632063,1.0,0.0,-0.10397291625996308,-0.08043657458632063,[]
13.579999999997913,11.148850900224263,0.6294889726851286,1.011371187866826,-0.42467292776755244,1.0,0.0,0.011371187866825894,-0.42467292776755244,[]
13.599999999997902,11.462127021539876,0.7920228485570737,1.0603902113749981,-0.5891248183766571,1.0,0.0,0.060390211374998115,-0.5891248183766571,[]
13.61999999999789,11.865722079344387,0.6329566490433509,1.038559942991204,-0.33760240536861513,1.0,0.0,0.03855994299120402,-0.33760240536861513,[]
13.63999999999788,12.369084039625887,0.9233761203441163,1.0396927682336203,-0.7255577866843893,1.0,0.0,0.039692768233620335,-0.7255577866843893,[]
13.659999999997869,12.933814262371776,0.7001219599131241,1.039716027200294,-0.2391049157844485,1.0,0.0,0.0397160272002941,-0.2391049157844485,[]
13.679999999997857,13.025467662293549,0.828222312445534,1.0527381722571099,-0.6025138205796453,1.0,0.0,0.05273817225710986,-0.6025138205796453,[]
13.699999999997846,12.707248090365612,0.7566004060250808,1.065192775504009,-0.5511523846233934,1.0,0.0,0.06519277550400893,-0.5511523846233934,[]
13.719999999997835,12.427910183272324,0.5163415372699547,1.0176868593641457,-0.4658268427353146,1.0,0.0,0.017686859364145713,-0.4658268427353146,[]
13.739999999997824,12.159386519005547,0.537051032341818,0.9932388872449885,-0.4320335788379853,1.0,0.0,-0.006761112755011456,-0.4320335788379853,[]
13.759999999997813,11.864468545940694,0.587277942950575,0.9978649637731624,-0.43388704937547584,1.0,0.0,-0.002135036226837639,-0.43388704937547584,[]
13.779999999997802,11.561236824837335,0.6047519548578022,1.0111210423935268,-0.45758053555678324,1.0,0.0,0.011121042393526848,-0.45758053555678324,[]
13.799999999997791,11.252066078020315,0.562511492255852,1.0282715427899252,-0.4223035437332934,1.0,0.0,0.028271542789925164,-0.4223035437332934,[]
13.81999999999778,10.935694185012935,0.5559771831335104,1.0538102708806107,-0.42324422538746376,1.0,0.0,0.053810270880610744,-0.42324422538746376,[]
13.839999999997769,10.755918118832572,0.5637765086201597,1.0310728571305374,-0.506292635292138,1.0,0.0,0.031072857130537423,-0.506292635292138,[]
13.859999999997758,10.77341548429603,0.2653502118613024,0.8965995518398255,-0.08342391607403009,1.0,0.0,-0.10340044816017446,-0.08342391607403009,[]
13.879999999997747,11.119875161510826,0.6311872484307683,1.0114539304352737,-0.4393034314919752,1.0,0.0,0.011453930435273652,-0.4393034314919752,[]
13.899999999997736,11.411489315101571,0.7598486175429786,1.0657719083116524,-0.5595430139543052,1.0,0.0,0.06577190831165236,-0.5595430139543052,[]
13.919999999997724,11.800421249505721,0.6436874610514738,1.0399095911895502,-0.3646066232369526,1.0,0.0,0.039909591189550175,-0.3646066232369526,[]
13.939999999997713,12.297279885999592,0.9149588056332026,1.0432861626565584,-0.718981051316017,1.0,0.0,0.04328616265655838,-0.718981051316017,[]
13.959999999997702,12.857557355806115,0.6892991260065547,1.0401270749359326,-0.2094379934576035,1.0,0.0,0.040127074935932594,-0.2094379934576035,[]
13.979999999997691,12.966756958868421,0.8284889067596767,1.0548381888910094,-0.6046349659572716,1.0,0.0,0.05483818889100944,-0.6046349659572716,[]
13.99999999999768,12.638842230530134,0.7619066349676354,1.0679137803072631,-0.5406791736795876,1.0,0.0,0.06791378030726314,-0.5406791736795876,[]
14.019999999997669,12.342149632557675,0.5210146931813593,1.020989991568942,-0.46199533877467686,1.0,0.0,0.02098999156894199,-0.46199533877467686,[]
14.039999999997658,12.06164236297712,0.5358358951363673,0.9949679945637913,-0.43237514552030204,1.0,0.0,-0.005032005436208742,-0.43237514552030204,[]
14.059999999997647,11.760647408399327,0.5835822311003268,0.9987041458156888,-0.43425820995468156,1.0,0.0,-0.0012958541843112181,-0.43425820995468156,[]
14.079999999997636,11.455653931954837,0.597369981425657,1.0116290342114267,-0.45465359762096613,1.0,0.0,0.011629034211426692,-0.45465359762096613,[]
14.099999999997625,11.14902656437742,0.5573581511795972,1.027934898351204,-0.4225168786248918,1.0,0.0,0.027934898351203996,-0.4225168786248918,[]
14.119999999997614,10.837461959151717,0.5556091741105075,1.0527796757808445,-0.4283685701530599,1.0,0.0,0.052779675780844526,-0.4283685701530599,[]
14.139999999997602,10.661390688130693,0.5599337269196444,1.0335156784221682,-0.5009968842788842,1.0,0.0,0.03351567842216818,-0.5009968842788842,[]
14.159999999997591,10.676523041806707,0.25232348590158415,0.8989815794822861,-0.08527314469824715,1.0,0.0,-0.10101842051771392,-0.08527314469824715,[]
14.17999999999758,11.018810817589669,0.6424350464996592,1.0088104500091162,-0.46047365306797755,1.0,0.0,0.008810450009116177,-0.46047365306797755,[]
14.19999999999757,11.30550558488293,0.7570025142987955,1.0638776574748523,-0.5631848943693845,1.0,0.0,0.0638776574748523,-0.5631848943693845,[]
14.219999999997558,11.68884509782519,0.6339759238128457,1.0379218972509163,-0.3546065028841344,1.0,0.0,0.037921897250916325,-0.3546065028841344,[]
14.239999999997547,12.187946335122962,0.8989241769478463,1.0409151239894372,-0.7017953748826008,1.0,0.0,0.040915123989437197,-0.7017953748826008,[]
14.259999999997536,12.750674920654836,0.7016506676184118,1.0395440347815517,-0.2386490043379199,1.0,0.0,0.03954403478155166,-0.2386490043379199,[]
14.279999999997525,12.877534767456037,0.8183774748684718,1.0561562137848886,-0.5994390803400261,1.0,0.0,0.05615621378488855,-0.5994390803400261,[]
14.299999999997514,12.562892581215564,0.7654234510165716,1.0685542951194311,-0.5565733438160523,1.0,0.0,0.06855429511943112,-0.5565733438160523,[]
14.319999999997503,12.27397934086382,0.5249730583927349,1.0230386028974627,-0.47060434510124005,1.0,0.0,0.023038602897462734,-0.47060434510124005,[]
14.339999999997492,12.000095954184147,0.5376042410226501,0.9972527412998189,-0.4344370970160128,1.0,0.0,-0.00274725870018111,-0.4344370970160128,[]
14.35999999999748,11.703582591224682,0.586968207217689,1.0011193947035784,-0.4345442461763717,1.0,0.0,0.001119394703578358,-0.4345442461763717,[]
14.37999999999747,11.40024333788305,0.6020041830940625,1.0142462548647606,-0.45438627504942763,1.0,0.0,0.01424625486476061,-0.45438627504942763,[]
14.399999999997458,11.092061346149029,0.5590393733822624,1.0309931138551074,-0.4171104832959907,1.0,0.0,0.03099311385510739,-0.4171104832959907,[]
14.419999999997447,10.774693996777362,0.5550991532751809,1.0563973696777171,-0.4207200864433913,1.0,0.0,0.056397369677717135,-0.4207200864433913,[]
14.439999999997436,10.589794334677626,0.5560868713636702,1.0365376396137462,-0.49311187861020755,1.0,0.0,0.03653763961374623,-0.49311187861020755,[]
14.459999999997425,10.613014132393163,0.26207393492766,0.9064811931314233,-0.11289806776797223,1.0,0.0,-0.09351880686857672,-0.11289806776797223,[]
14.479999999997414,10.948598368425678,0.6564668671930364,1.0155306051775677,-0.4905210341242053,1.0,0.0,0.015530605177567658,-0.4905210341242053,[]
14.499999999997403,11.216108509721348,0.7159160533322846,1.0665881605503047,-0.522709210258062,1.0,0.0,0.0665881605503047,-0.522709210258062,[]
14.519999999997392,11.5952582686171,0.6113318504549925,1.0388915345068277,-0.33103139404116577,1.0,0.0,0.038891534506827696,-0.33103139404116577,[]
14.53999999999738,12.092018229778516,0.8925839450025175,1.0450777087827956,-0.6981099288655415,1.0,0.0,0.0450777087827956,-0.6981099288655415,[]
14.55999999999737,12.652472459506267,0.6854564893277197,1.0418591585973958,-0.18757869937083846,1.0,0.0,0.04185915859739575,-0.18757869937083846,[]
14.579999999997359,12.782083323562556,0.8132771956512873,1.0581177959186017,-0.5956506375111476,1.0,0.0,0.05811779591860167,-0.5956506375111476,[]
14.599999999997348,12.463661140194043,0.7603154530322224,1.0692327673884503,-0.547048020194504,1.0,0.0,0.0692327673884503,-0.547048020194504,[]
14.619999999997336,12.172040091055514,0.5170335008135067,1.0250680681709017,-0.45873372338111984,1.0,0.0,0.02506806817090168,-0.45873372338111984,[]
14.639999999997325,11.897404580808388,0.526545666242993,0.9987452022990511,-0.42738128759913624,1.0,0.0,-0.0012547977009489397,-0.42738128759913624,[]
14.659999999997314,11.600967135258559,0.5757231969908678,1.0018434373625245,-0.42855655120888525,1.0,0.0,0.0018434373625244582,-0.42855655120888525,[]
14.679999999997303,11.298452019377724,0.5888261377959277,1.0148466488473518,-0.4466573588243068,1.0,0.0,0.014846648847351762,-0.4466573588243068,[]
14.699999999997292,10.99343691632648,0.5498643851588125,1.0310368203519618,-0.41467383480408426,1.0,0.0,0.031036820351961758,-0.41467383480408426,[]
14.719999999997281,10.68096859464082,0.5541529101947663,1.0557384624842043,-0.42516062181972447,1.0,0.0,0.05573846248420433,-0.42516062181972447,[]
14.73999999999727,10.501551961539988,0.5577344495427592,1.0380567883197653,-0.49375877514004485,1.0,0.0,0.03805678831976533,-0.49375877514004485,[]
14.759999999997259,10.503271525148111,0.22749437846026005,0.9053507727683867,-0.07079874207167589,1.0,0.0,-0.09464922723161329,-0.07079874207167589,[]
14.779999999997248,10.827685927212524,0.6471049968565106,1.0129948078391142,-0.4716584237400028,1.0,0.0,0.01299480783911422,-0.4716584237400028,[]
14.799999999997237,11.104055494169524,0.7348855830900771,1.0678672857589482,-0.5338532124060309,1.0,0.0,0.06786728575894818,-0.5338532124060309,[]
14.819999999997226,11.4887356308918,0.6263160583747046,1.038629665474184,-0.33501128508014993,1.0,0.0,0.038629665474184005,-0.33501128508014993,[]
14.839999999997215,11.998698789709406,0.8995300633538843,1.0422245216613992,-0.6979391170335516,1.0,0.0,0.04222452166139923,-0.6979391170335516,[]
14.859999999997203,12.569182107943234,0.7053155700411413,1.0414291894610823,-0.23632397137882752,1.0,0.0,0.041429189461082316,-0.23632397137882752,[]
14.879999999997192,12.707707725871163,0.7990788704127891,1.0564678407546677,-0.5808880174244684,1.0,0.0,0.05646784075466771,-0.5808880174244684,[]
14.899999999997181,12.40932106501834,0.7632421298379773,1.0685800709589528,-0.5612544464203036,1.0,0.0,0.0685800709589528,-0.5612544464203036,[]
14.91999999999717,12.132835640413429,0.5214044760470914,1.0240827724180093,-0.47008156477367197,1.0,0.0,0.02408277241800927,-0.47008156477367197,[]
14.939999999997159,11.866938838072642,0.5296510948602043,0.998264543304121,-0.4298789850956196,1.0,0.0,-0.0017354566958790452,-0.4298789850956196,[]
14.959999999997148,11.574821133318986,0.5797017688276297,1.0017693541229808,-0.42920031070937725,1.0,0.0,0.0017693541229808485,-0.42920031070937725,[]
14.979999999997137,11.273651966233622,0.5958662356465295,1.0147209675493145,-0.4494442929502818,1.0,0.0,0.014720967549314512,-0.4494442929502818,[]
14.999999999997126,10.966493017599198,0.5550153337215066,1.0313864359001401,-0.4139967741730539,1.0,0.0,0.03138643590014012,-0.4139967741730539,[]
15.019999999997115,10.650659462586336,0.5512085116588624,1.0562726292090998,-0.4160239045887695,1.0,0.0,0.05627262920909981,-0.4160239045887695,[]
15.039999999997104,10.468488899194748,0.5607057014581601,1.0327401937428689,-0.49936466476321345,1.0,0.0,0.03274019374286885,-0.49936466476321345,[]
15.059999999997093,10.497407268579789,0.2659002860385803,0.905742579986569,-0.0998077112856974,1.0,0.0,-0.09425742001343096,-0.0998077112856974,[]
15.079999999997082,10.839393505129015,0.666885183880895,1.0213198708661626,-0.48171878268086604,1.0,0.0,0.021319870866162605,-0.48171878268086604,[]
15.09999999999707,11.12085250562554,0.7194513988734234,1.0681595182197612,-0.5048167514598781,1.0,0.0,0.06815951821976118,-0.5048167514598781,[]
15.11999999999706,11.523170043647058,0.6206334675385096,1.0373816331111156,-0.3229929305123927,1.0,0.0,0.03738163311111564,-0.3229929305123927,[]
15.139999999997048,12.035614003660308,0.8984316338222021,1.0430916308210714,-0.6985742779451901,1.0,0.0,0.04309163082107137,-0.6985742779451901,[]
15.159999999997037,12.596907605311614,0.6776094907839454,1.0403090757867441,-0.17910577307061115,1.0,0.0,0.04030907578674414,-0.17910577307061115,[]
15.179999999997026,12.719660488624745,0.8240651229471689,1.0547762220482755,-0.6087387944502759,1.0,0.0,0.05477622204827548,-0.6087387944502759,[]
15.199999999997015,12.41160951717221,0.760504848137803,1.068662737704924,-0.5438952638833403,1.0,0.0,0.06866273770492404,-0.5438952638833403,[]
15.219999999997004,12.126045305592822,0.5159557036976122,1.022461531177459,-0.4579489249679393,1.0,0.0,0.02246153117745897,-0.4579489249679393,[]
15.239999999996993,11.849996516580038,0.5287449994652866,0.9960628009563363,-0.42838247347593794,1.0,0.0,-0.003937199043663742,-0.42838247347593794,[]
15.259999999996982,11.551182568156277,0.5742883515205881,0.999464879881039,-0.42845103481077373,1.0,0.0,-0.0005351201189609522,-0.42845103481077373,[]
15.27999999999697,11.247910902454196,0.585304383516091,1.0122042179633621,-0.4457108830803173,1.0,0.0,0.01220421796336213,-0.4457108830803173,[]
15.29999999999696,10.943806089927369,0.5494391436290906,1.028098905340358,-0.418629537222668,1.0,0.0,0.02809890534035797,-0.418629537222668,[]
15.319999999996949,10.637330879513554,0.5494009918874067,1.051878021076528,-0.42405196564779063,1.0,0.0,0.05187802107652795,-0.42405196564779063,[]
15.339999999996937,10.468554004888594,0.5653093120811403,1.0282448712497536,-0.5083846920432677,1.0,0.0,0.02824487124975361,-0.5083846920432677,[]
15.359999999996926,10.5090845720546,0.26597727227420714,0.9037627182917567,-0.09614426067305172,1.0,0.0,-0.0962372817082433,-0.09614426067305172,[]
15.379999999996915,10.861404438997392,0.6643692195014544,1.016465147875398,-0.47346552040914025,1.0,0.0,0.0164651478753981,-0.47346552040914025,[]
15.399999999996904,11.156333896248782,0.7266698742683948,1.0625463601435867,-0.5164222167920374,1.0,0.0,0.06254636014358672,-0.5164222167920374,[]
15.419999999996893,11.56543949883714,0.626892117373286,1.0330378305022299,-0.33054933552760213,1.0,0.0,0.03303783050222986,-0.33054933552760213,[]
15.439999999996882,12.0839814392504,0.8994099262776969,1.0375672451154794,-0.6974565126435892,1.0,0.0,0.037567245115479375,-0.6974565126435892,[]
15.459999999996871,12.648912643267646,0.6846812877041337,1.0360323814523071,-0.21528325544308513,1.0,0.0,0.03603238145230714,-0.21528325544308513,[]
15.47999999999686,12.756989524521986,0.8207271780011822,1.0497096029666977,-0.602873174685315,1.0,0.0,0.049709602966697686,-0.602873174685315,[]
15.499999999996849,12.449105466688904,0.7643601597087406,1.0642645361003622,-0.55802233703446,1.0,0.0,0.0642645361003622,-0.55802233703446,[]
15.519999999996838,12.16917899053576,0.5228797926034194,1.017770168023691,-0.46990256802267644,1.0,0.0,0.017770168023691024,-0.46990256802267644,[]
15.539999999996827,11.89634265979325,0.5356518152723431,0.9928629774152993,-0.4334716805881137,1.0,0.0,-0.007137022584700725,-0.4334716805881137,[]
15.559999999996815,11.597730347379182,0.5813056351958626,0.9971060959354334,-0.4325927416546243,1.0,0.0,-0.002893904064566577,-0.4325927416546243,[]
15.579999999996804,11.292347285723398,0.5946977716568824,1.0100680842766905,-0.4519830517864448,1.0,0.0,0.010068084276690481,-0.4519830517864448,[]
15.599999999996793,10.984127625144875,0.5586297708174139,1.0265575100836797,-0.4249867648774213,1.0,0.0,0.02655751008367968,-0.4249867648774213,[]
15.619999999996782,10.674374976479907,0.5520845649379131,1.0505685165162562,-0.4240026897634529,1.0,0.0,0.05056851651625616,-0.4240026897634529,[]
15.639999999996771,10.504221590295307,0.5728060625339582,1.021863595435144,-0.5187068029704394,1.0,0.0,0.021863595435144045,-0.5187068029704394,[]
15.65999999999676,10.573583233228812,0.3014109411253859,0.9041048388653325,-0.12313905397736682,1.0,0.0,-0.09589516113466745,-0.12313905397736682,[]
15.679999999996749,10.93813906226472,0.6667015100180548,1.0203434966684968,-0.4724247827481205,1.0,0.0,0.020343496668496774,-0.4724247827481205,[]
15.699999999996738,11.232665882021152,0.7284173218727262,1.0604472198446269,-0.5246396574283295,1.0,0.0,0.060447219844626865,-0.5246396574283295,[]
15.719999999996727,11.641077518440426,0.6119071798046547,1.0325615290696302,-0.31452951558924064,1.0,0.0,0.03256152906963017,-0.31452951558924064,[]
15.739999999996716,12.155230215773551,0.9000456343334186,1.0371103415570226,-0.7015835915671984,1.0,0.0,0.03711034155702264,-0.7015835915671984,[]
15.759999999996705,12.71546406729593,0.6660292471645065,1.033392527272097,-0.1888028761883666,1.0,0.0,0.03339252727209696,-0.1888028761883666,[]
15.779999999996694,12.81062890589663,0.8299722331758624,1.0480493612944621,-0.6092016787696217,1.0,0.0,0.048049361294462134,-0.6092016787696217,[]
15.799999999996682,12.493342373308897,0.764644823998158,1.0636728857367306,-0.5475591606844277,1.0,0.0,0.06367288573673058,-0.5475591606844277,[]
15.819999999996671,12.206895815575223,0.5211761345083489,1.0161685584793048,-0.4642528342324687,1.0,0.0,0.016168558479304762,-0.4642528342324687,[]
15.83999999999666,11.929003488722302,0.534207892253315,0.9909047284632782,-0.4330265876199469,1.0,0.0,-0.00909527153672185,-0.4330265876199469,[]
15.85999999999665,11.628118516369414,0.5766296798419172,0.995046209597872,-0.4320272022476749,1.0,0.0,-0.0049537904021279555,-0.4320272022476749,[]
15.879999999996638,11.323113366945096,0.5874198365071893,1.0078189375761943,-0.4497036470239723,1.0,0.0,0.00781893757619434,-0.4497036470239723,[]
15.899999999996627,11.018345876718326,0.5562148929185572,1.023766217931238,-0.42995524539614355,1.0,0.0,0.0237662179312379,-0.42995524539614355,[]
15.919999999996616,10.715931005305098,0.5534824482237931,1.0471551360602624,-0.43315444158775107,1.0,0.0,0.04715513606026245,-0.43315444158775107,[]
15.939999999996605,10.555466380245587,0.5755079686970478,1.0194658028197725,-0.5241254873647542,1.0,0.0,0.019465802819772504,-0.5241254873647542,[]
15.959999999996594,10.611609611859263,0.28486488474231325,0.896272492792458,-0.08196192749802214,1.0,0.0,-0.10372750720754198,-0.08196192749802214,[]
15.979999999996583,10.978207811843241,0.6529967755656055,1.015960895972939,-0.4391641783882647,1.0,0.0,0.015960895972938927,-0.4391641783882647,[]
15.999999999996572,11.296466989786959,0.7599189170630577,1.057494390822492,-0.5463694865720163,1.0,0.0,0.05749439082249208,-0.5463694865720163,[]
16.019999999996596,11.72020625637883,0.6350540181264525,1.0303863727145086,-0.3326786983868499,1.0,0.0,0.030386372714508614,-0.3326786983868499,[]
16.03999999999662,12.243478964758102,0.9197325274411082,1.0328319291889954,-0.7172707970925264,1.0,0.0,0.03283192918899536,-0.7172707970925264,[]
16.059999999996645,12.808459083403337,0.6721461383094215,1.0308224887462198,-0.2179376638136713,1.0,0.0,0.030822488746219845,-0.2179376638136713,[]
16.07999999999667,12.88874016991639,0.8278995144687556,1.0456340467503522,-0.5955820484360317,1.0,0.0,0.04563404675035221,-0.5955820484360317,[]
16.099999999996694,12.572014435297952,0.757643742674877,1.0594963206017627,-0.5444568251769267,1.0,0.0,0.05949632060176269,-0.5444568251769267,[]
16.11999999999672,12.286353516096247,0.5207883895163717,1.0105916793730083,-0.4653874836242629,1.0,0.0,0.010591679373008311,-0.4653874836242629,[]
16.139999999996743,12.005267806587549,0.5409249712835645,0.986501732290919,-0.4325363340824855,1.0,0.0,-0.013498267709081024,-0.4325363340824855,[]
16.159999999996767,11.699998166469252,0.5856774772616691,0.9912730341553474,-0.4332797565476304,1.0,0.0,-0.008726965844652601,-0.4332797565476304,[]
16.17999999999679,11.390689792889301,0.5995000920432588,1.0040493155749923,-0.45481119566995637,1.0,0.0,0.004049315574992329,-0.45481119566995637,[]
16.199999999996816,11.080210307254465,0.5606429456588222,1.0205718914692246,-0.42616364903021364,1.0,0.0,0.020571891469224557,-0.42616364903021364,[]
16.21999999999684,10.772776022355403,0.5473352185409268,1.0443315686769592,-0.4206113181242519,1.0,0.0,0.0443315686769592,-0.4206113181242519,[]
16.239999999996865,10.609066636759515,0.5623227912273209,1.0130567714326693,-0.5113318968424518,1.0,0.0,0.013056771432669256,-0.5113318968424518,[]
16.25999999999689,10.691864438300748,0.31543065783653085,0.89657742745993,-0.1065428553815814,1.0,0.0,-0.10342257254007003,-0.1065428553815814,[]
16.279999999996914,11.067555769127766,0.6375750407021973,1.0178018435957432,-0.4221607518312111,1.0,0.0,0.017801843595743216,-0.4221607518312111,[]
16.29999999999694,11.385465608760683,0.7761142315873945,1.0518594961234704,-0.5776586961238336,1.0,0.0,0.051859496123470405,-0.5776586961238336,[]
16.319999999996963,11.798324209061422,0.596642398801765,1.0307494611402346,-0.29021272885421334,1.0,0.0,0.03074946114023458,-0.29021272885421334,[]
16.339999999996987,12.306840402702166,0.9128536489914572,1.0322785569343869,-0.7186570673567213,1.0,0.0,0.03227855693438686,-0.7186570673567213,[]
16.35999999999701,12.86141516315273,0.6579834505494669,1.03021808700537,-0.19932621811847187,1.0,0.0,0.030218087005370098,-0.19932621811847187,[]
16.379999999997036,12.931736748994465,0.8397235121401292,1.044669223104323,-0.6135411977175805,1.0,0.0,0.044669223104323086,-0.6135411977175805,[]
16.39999999999706,12.611905486942236,0.7589968384348521,1.059213163674795,-0.5485192703148725,1.0,0.0,0.05921316367479501,-0.5485192703148725,[]
16.419999999997085,12.328555717039396,0.5209961026024321,1.0104544135620817,-0.46740324535408195,1.0,0.0,0.010454413562081655,-0.46740324535408195,[]
16.43999999999711,12.051710156453169,0.5416677170902386,0.9866118503992515,-0.43629672331302793,1.0,0.0,-0.013388149600748522,-0.43629672331302793,[]
16.459999999997134,11.750868881312142,0.5848110123773939,0.9916145632928333,-0.4359827209410793,1.0,0.0,-0.008385436707166738,-0.4359827209410793,[]
16.47999999999716,11.445616887168466,0.5968935744313194,1.004622194801546,-0.4554872991702991,1.0,0.0,0.004622194801545909,-0.4554872991702991,[]
16.499999999997183,11.139855396780094,0.5621271990415811,1.0210815773199697,-0.433062157326245,1.0,0.0,0.021081577319969735,-0.433062157326245,[]
16.519999999997207,10.836137993368643,0.5545339463994134,1.045233478872038,-0.4336878187149236,1.0,0.0,0.0452334788720381,-0.4336878187149236,[]
16.53999999999723,10.67562011392902,0.5737378977399088,1.0181145849771436,-0.5250400904196235,1.0,0.0,0.018114584977143577,-0.5250400904196235,[]
16.559999999997256,10.74094525001893,0.2944648295612005,0.8939558340221756,-0.08931678916780879,1.0,0.0,-0.1060441659778244,-0.08931678916780879,[]
16.57999999999728,11.121321419056915,0.6403966103821743,1.0102011150398347,-0.42724306944809487,1.0,0.0,0.010201115039834674,-0.42724306944809487,[]
16.599999999997305,11.441501105966575,0.7591456836320727,1.0554763463647399,-0.5546300254580971,1.0,0.0,0.05547634636473986,-0.5546300254580971,[]
16.61999999999733,11.854464768326855,0.634631962643956,1.0309008014421848,-0.34580767918992134,1.0,0.0,0.030900801442184767,-0.34580767918992134,[]
16.639999999997354,12.366537474887108,0.918005024525613,1.0333210496622265,-0.7186671813161084,1.0,0.0,0.03332104966222649,-0.7186671813161084,[]
16.65999999999738,12.930548582480059,0.6825242991920873,1.0332135466207435,-0.23421634480316444,1.0,0.0,0.033213546620743495,-0.23421634480316444,[]
16.679999999997403,13.008375592625997,0.8262547120185134,1.046359042090633,-0.5992319615773649,1.0,0.0,0.04635904209063302,-0.5992319615773649,[]
16.699999999997427,12.69333259961917,0.7628500910016706,1.0599219137519664,-0.5629776498204082,1.0,0.0,0.05992191375196643,-0.5629776498204082,[]
16.71999999999745,12.417441805293233,0.5235717811379981,1.0121737492741831,-0.47485899644332974,1.0,0.0,0.012173749274183132,-0.47485899644332974,[]
16.739999999997476,12.149113167540099,0.5414536042757152,0.988507372743324,-0.4363592524668606,1.0,0.0,-0.011492627256675991,-0.4363592524668606,[]
16.7599999999975,11.853875253493605,0.5882252101690657,0.9934812730121284,-0.43569509382213717,1.0,0.0,-0.0065187269878715925,-0.43569509382213717,[]
16.779999999997525,11.550699144820797,0.6042867793123302,1.0065855426087524,-0.4577706014996913,1.0,0.0,0.006585542608752437,-0.4577706014996913,[]
16.79999999999755,11.243003463504683,0.5654922261051517,1.0235385247411037,-0.42888319626698923,1.0,0.0,0.02353852474110374,-0.42888319626698923,[]
16.819999999997574,10.932695140205643,0.5560803664651667,1.0485011047920818,-0.4288344100919192,1.0,0.0,0.048501104792081806,-0.4288344100919192,[]
16.839999999997598,10.763246768497725,0.5728159907141694,1.022007402810218,-0.5222520137776143,1.0,0.0,0.022007402810217958,-0.5222520137776143,[]
16.859999999997623,10.821890697542921,0.29784711209982867,0.8953551866167989,-0.10225864707223292,1.0,0.0,-0.10464481338320109,-0.10225864707223292,[]
16.879999999997647,11.19678758188037,0.6410361118001944,1.0118893065894314,-0.43971276365048506,1.0,0.0,0.011889306589431436,-0.43971276365048506,[]
16.89999999999767,11.508308302629692,0.7756270316681392,1.0578813417197437,-0.5802965027592499,1.0,0.0,0.057881341719743684,-0.5802965027592499,[]
16.919999999997696,11.909961412490679,0.6227514580263546,1.035679978335979,-0.3352305886117453,1.0,0.0,0.03567997833597891,-0.3352305886117453,[]
16.93999999999772,12.411936424348513,0.9170396401107194,1.0377489945505836,-0.722360993076097,1.0,0.0,0.03774899455058356,-0.722360993076097,[]
16.959999999997745,12.969961852679281,0.676724102797753,1.0356933948816145,-0.21269547174528636,1.0,0.0,0.03569339488161449,-0.21269547174528636,[]
16.97999999999777,13.04958608494109,0.8329968904984371,1.0504581063785,-0.6062467436635609,1.0,0.0,0.0504581063784999,-0.6062467436635609,[]
16.999999999997794,12.72774668227427,0.7584461289461814,1.0635221283754772,-0.5510417020658342,1.0,0.0,0.06352212837547722,-0.5510417020658342,[]
17.019999999997818,12.449305825959057,0.5150559564670993,1.0158787866838754,-0.46475489013996407,1.0,0.0,0.015878786683875434,-0.46475489013996407,[]
17.039999999997843,12.182867978086904,0.5343661409970496,0.991485193256456,-0.43166501505315474,1.0,0.0,-0.00851480674354399,-0.43166501505315474,[]
17.059999999997867,11.890505682636542,0.5829496650197944,0.9961078817191931,-0.43259176712694586,1.0,0.0,-0.0038921182808069332,-0.43259176712694586,[]
17.07999999999789,11.590053578085918,0.5991995952594886,1.009326458046705,-0.4548549543597521,1.0,0.0,0.009326458046704955,-0.4548549543597521,[]
17.099999999997916,11.285099457105611,0.5622549883233936,1.0261763047960535,-0.42770186167651664,1.0,0.0,0.026176304796053484,-0.42770186167651664,[]
17.11999999999794,10.974720241056554,0.5592821174963253,1.0515575797216414,-0.4334777347611508,1.0,0.0,0.05155757972164143,-0.4334777347611508,[]
17.139999999997965,10.800730417665825,0.5681978967429583,1.0308033976745767,-0.5139075214159317,1.0,0.0,0.030803397674576738,-0.5139075214159317,[]
17.15999999999799,10.826620071399937,0.26610081126588253,0.896336701631609,-0.09350726756444189,1.0,0.0,-0.10366329836839105,-0.09350726756444189,[]
17.179999999998014,11.183140377676882,0.6476763203415068,1.005937646517345,-0.4637769959115039,1.0,0.0,0.005937646517345074,-0.4637769959115039,[]
17.199999999998038,11.479033747463022,0.7689878988270011,1.0629491962733197,-0.577589783188071,1.0,0.0,0.06294919627331974,-0.577589783188071,[]
17.219999999998063,11.861201472790437,0.6464166483595681,1.0385838958690317,-0.3764038175788372,1.0,0.0,0.03858389586903166,-0.3764038175788372,[]
17.239999999998087,12.35496215077214,0.9085889301774334,1.0412890968261137,-0.7127661760691882,1.0,0.0,0.0412890968261137,-0.7127661760691882,[]
17.25999999999811,12.916089203539563,0.6924314260444245,1.0381518073485476,-0.2251600844796162,1.0,0.0,0.03815180734854762,-0.2251600844796162,[]
17.279999999998136,13.024717949447487,0.8200772192930594,1.0547930714148068,-0.5940433574175212,1.0,0.0,0.054793071414806827,-0.5940433574175212,[]
17.29999999999816,12.701777091580505,0.7604383628511212,1.0668756788151184,-0.5471873334650066,1.0,0.0,0.06687567881511836,-0.5471873334650066,[]
17.319999999998185,12.41387949750482,0.5180169003905903,1.020572971930351,-0.4637086245919483,1.0,0.0,0.020572971930350903,-0.4637086245919483,[]
17.33999999999821,12.141936160846127,0.5335323230240374,0.994962392920794,-0.4306584752897952,1.0,0.0,-0.005037607079205975,-0.4306584752897952,[]
17.359999999998234,11.846452382740958,0.5846164298763586,0.9988459165676401,-0.4328416644592676,1.0,0.0,-0.001154083432359898,-0.4328416644592676,[]
17.379999999998258,11.543807078810264,0.601489517820514,1.0118969235148114,-0.45512250663619913,1.0,0.0,0.01189692351481142,-0.45512250663619913,[]
17.399999999998283,11.236643087258217,0.5599477397419899,1.0285474612733352,-0.4202710517618908,1.0,0.0,0.028547461273335184,-0.4202710517618908,[]
17.419999999998307,10.92151503645047,0.5582902040247393,1.0540116816578735,-0.4279089041442895,1.0,0.0,0.05401168165787351,-0.4279089041442895,[]
17.43999999999833,10.738626980085463,0.556688657032429,1.0360530429134125,-0.4955522297669779,1.0,0.0,0.03605304291341249,-0.4955522297669779,[]
17.459999999998356,10.751029299243179,0.254716743485023,0.9003193609901734,-0.09128897225246506,1.0,0.0,-0.0996806390098266,-0.09128897225246506,[]
17.47999999999838,11.093735683384091,0.6406013037073526,1.0087327265867994,-0.4642339560526767,1.0,0.0,0.008732726586799355,-0.4642339560526767,[]
17.499999999998405,11.379521581609694,0.7537932552833739,1.0649899985146745,-0.5628379154176338,1.0,0.0,0.06498999851467446,-0.5628379154176338,[]
17.51999999999843,11.760023634413876,0.6346285501013178,1.040027159040475,-0.3591163697357007,1.0,0.0,0.04002715904047505,-0.3591163697357007,[]
17.539999999998454,12.256449238907756,0.9163170601024877,1.0444977658343322,-0.7230878105040737,1.0,0.0,0.04449776583433218,-0.7230878105040737,[]
17.559999999998478,12.820780180881702,0.704497068470753,1.0403791631956276,-0.24010683245427394,1.0,0.0,0.04037916319562762,-0.24010683245427394,[]
17.579999999998503,12.954499030756095,0.8079859094515229,1.0581009238614556,-0.5832649528808853,1.0,0.0,0.0581009238614556,-0.5832649528808853,[]
17.599999999998527,12.631290363865844,0.7603245942860059,1.0691917919233471,-0.5391769768609306,1.0,0.0,0.06919179192334712,-0.5391769768609306,[]
17.61999999999855,12.334054406959915,0.5193980001205294,1.0244028680663766,-0.45928944780562103,1.0,0.0,0.024402868066376593,-0.45928944780562103,[]
17.639999999998576,12.055932458039157,0.5295035629868768,0.9976779959056554,-0.428806806088611,1.0,0.0,-0.0023220040943445763,-0.428806806088611,[]
17.6599999999986,11.757177668684074,0.5802495228396519,1.000705627318722,-0.43094266633935013,1.0,0.0,0.0007056273187220352,-0.43094266633935013,[]
17.679999999998625,11.453016710273419,0.5956190814116209,1.013539088066111,-0.45115382396004217,1.0,0.0,0.013539088066111038,-0.45115382396004217,[]
17.69999999999865,11.146555367621078,0.5552903919142924,1.0296640787328988,-0.41719342398418213,1.0,0.0,0.02966407873289878,-0.41719342398418213,[]
17.719999999998674,10.831888397192436,0.5580280525214971,1.0547954620708133,-0.4287558509697719,1.0,0.0,0.05479546207081332,-0.4287558509697719,[]
17.739999999998698,10.644240151483586,0.5516181483320275,1.0400521487965746,-0.4857299595441008,1.0,0.0,0.040052148796574594,-0.4857299595441008,[]
17.759999999998723,10.626984374075915,0.2200513253673923,0.9011060058404061,-0.049870876199331574,1.0,0.0,-0.09889399415959388,-0.049870876199331574,[]
17.779999999998747,10.951223719831571,0.6356164600101938,1.00676475377854,-0.4543460363309532,1.0,0.0,0.0067647537785400225,-0.4543460363309532,[]
17.79999999999877,11.232533756525124,0.7525965202052238,1.0683694335327631,-0.5480613302165382,1.0,0.0,0.06836943353276315,-0.5480613302165382,[]
17.819999999998796,11.60697134139645,0.641236446342954,1.0406227880399712,-0.3568815549407627,1.0,0.0,0.040622788039971214,-0.3568815549407627,[]
17.83999999999882,12.104943395917612,0.9081830597331305,1.0444055924307587,-0.710387452999717,1.0,0.0,0.0444055924307587,-0.710387452999717,[]
17.859999999998845,12.670876692226479,0.7084114023406366,1.040888926282312,-0.24149129233643252,1.0,0.0,0.040888926282312,-0.24149129233643252,[]
17.87999999999887,12.815457168083865,0.7902537057947925,1.0574165753635507,-0.5622640134467451,1.0,0.0,0.057416575363550715,-0.5622640134467451,[]
17.899999999998894,12.50802085402431,0.7558939259248691,1.0679666990289638,-0.5387701932842152,1.0,0.0,0.0679666990289638,-0.5387701932842152,[]
17.919999999998918,12.220574393349272,0.5165440968954413,1.0238642499152282,-0.4582138509087692,1.0,0.0,0.023864249915228175,-0.4582138509087692,[]
17.939999999998943,11.946422103436715,0.5258216939087743,0.9969785051152895,-0.4258434922320119,1.0,0.0,-0.003021494884710485,-0.4258434922320119,[]
17.959999999998967,11.648694509631392,0.578815276999096,0.9995402384523948,-0.4291550414318225,1.0,0.0,-0.0004597615476051864,-0.4291550414318225,[]
17.97999999999899,11.344822156202294,0.5960157364067783,1.0120026065896912,-0.4511527889397915,1.0,0.0,0.012002606589691212,-0.4511527889397915,[]
17.999999999999016,11.038354096382163,0.5536129703588688,1.0279351087333972,-0.41416744161736085,1.0,0.0,0.027935108733397218,-0.41416744161736085,[]
18.01999999999904,10.725138886784647,0.5530262080627432,1.0525779640107922,-0.42277780448780705,1.0,0.0,0.05257796401079218,-0.42277780448780705,[]
18.039999999999065,10.545346989903495,0.550305360235477,1.03465249662126,-0.4869735882843579,1.0,0.0,0.03465249662126002,-0.4869735882843579,[]
18.05999999999909,10.547986464782788,0.24130624965268094,0.8998263106713751,-0.07597568906279455,1.0,0.0,-0.10017368932862492,-0.07597568906279455,[]
18.079999999999114,10.878628442340599,0.6462375591167957,1.0111512882064797,-0.46849033946445184,1.0,0.0,0.011151288206479704,-0.46849033946445184,[]
18.099999999999138,11.158072411152201,0.7338092696900127,1.0665802522407928,-0.5344046055970761,1.0,0.0,0.06658025224079278,-0.5344046055970761,[]
18.119999999999163,11.543831589818451,0.6283110920852455,1.0371074784697476,-0.34412111006255497,1.0,0.0,0.0371074784697476,-0.34412111006255497,[]
18.139999999999187,12.049034949372988,0.900308002766428,1.0417781958003218,-0.7036770512378824,1.0,0.0,0.04177819580032183,-0.7036770512378824,[]
18.15999999999921,12.61446437744292,0.7002761135240615,1.0411346180648882,-0.2311125408521421,1.0,0.0,0.04113461806488816,-0.2311125408521421,[]
18.179999999999236,12.751116026166523,0.7987543059888617,1.0562795213818954,-0.5824450517597957,1.0,0.0,0.0562795213818954,-0.5824450517597957,[]
18.19999999999926,12.453023455902997,0.7601616502293392,1.0683651692727971,-0.5607538175351294,1.0,0.0,0.06836516927279712,-0.5607538175351294,[]
18.219999999999285,12.177711160148911,0.5210833292410738,1.0240719913019023,-0.4709935169692646,1.0,0.0,0.024071991301902296,-0.4709935169692646,[]
18.23999999999931,11.91318665895056,0.5318153104699572,0.9986176941901693,-0.43161765059292395,1.0,0.0,-0.001382305809830675,-0.43161765059292395,[]
18.259999999999334,11.621953308397817,0.582869158433068,1.002335659527837,-0.431513422186736,1.0,0.0,0.0023356595278369863,-0.431513422186736,[]
18.279999999999358,11.321074322500044,0.599506687250233,1.015444472691349,-0.4521146833716644,1.0,0.0,0.015444472691348965,-0.4521146833716644,[]
18.299999999999383,11.013780441269178,0.5587845792627192,1.032326006346745,-0.4173419050765438,1.0,0.0,0.032326006346744984,-0.4173419050765438,[]
18.319999999999407,10.696309597468415,0.5555778223419264,1.0577692371681338,-0.4205683528260927,1.0,0.0,0.05776923716813376,-0.4205683528260927,[]
18.33999999999943,10.511498966388851,0.558615700494409,1.036238572658404,-0.4947812265750964,1.0,0.0,0.03623857265840402,-0.4947812265750964,[]
18.359999999999456,10.5333903936031,0.25865917281206635,0.9075094890842511,-0.10630038926044386,1.0,0.0,-0.09249051091574889,-0.10630038926044386,[]
18.37999999999948,10.861217397130218,0.6468923887619877,1.020576583833017,-0.4726561087980902,1.0,0.0,0.02057658383301697,-0.4726561087980902,[]
18.399999999999505,11.134538464094705,0.7708509733803951,1.0642783914594205,-0.5804348783542063,1.0,0.0,0.06427839145942049,-0.5804348783542063,[]
18.41999999999953,11.521384263065023,0.5957500162824837,1.04113605630117,-0.2944523571741937,1.0,0.0,0.04113605630117001,-0.2944523571741937,[]
18.439999999999554,12.01769437959175,0.8942163603291807,1.0454628760676876,-0.6999968365511662,1.0,0.0,0.04546287606768762,-0.6999968365511662,[]
18.459999999999578,12.577561927792098,0.6848903202252198,1.0443804648715187,-0.1953004184076887,1.0,0.0,0.0443804648715187,-0.1953004184076887,[]
18.479999999999603,12.705136222957476,0.8129481903648748,1.058545977172712,-0.6004604554233264,1.0,0.0,0.05854597717271193,-0.6004604554233264,[]
18.499999999999627,12.404286132193004,0.7574032236198737,1.0704071833299984,-0.5560901815926295,1.0,0.0,0.0704071833299984,-0.5560901815926295,[]
18.51999999999965,12.128441344553462,0.5153908104260213,1.0253916573987603,-0.46425751699677664,1.0,0.0,0.02539165739876026,-0.46425751699677664,[]
18.539999999999676,11.86379118904706,0.5282419118927248,0.9997439703311997,-0.42887188989943176,1.0,0.0,-0.0002560296688003394,-0.42887188989943176,[]
18.5599999999997,11.574086556960307,0.5769921176978121,1.003390641279329,-0.42863049929527186,1.0,0.0,0.0033906412793289764,-0.42863049929527186,[]
18.579999999999725,11.276496323447137,0.5907409269922604,1.016450702394367,-0.44733428855173896,1.0,0.0,0.016450702394366967,-0.44733428855173896,[]
18.59999999999975,10.973904222364755,0.5504125567981094,1.0330594855973467,-0.4136414116446622,1.0,0.0,0.03305948559734673,-0.4136414116446622,[]
18.619999999999774,10.662853539044821,0.5495775460696569,1.057941496492904,-0.4184544123843453,1.0,0.0,0.05794149649290392,-0.4184544123843453,[]
18.639999999999798,10.485355074454395,0.5583286399018321,1.0363271649053158,-0.49895024560697954,1.0,0.0,0.036327164905315845,-0.49895024560697954,[]
18.659999999999823,10.521142314135826,0.26529560012053766,0.9089291112897684,-0.11041546099474439,1.0,0.0,-0.09107088871023161,-0.11041546099474439,[]
18.679999999999847,10.86681003248871,0.671307210603736,1.019546756313643,-0.49149617939693135,1.0,0.0,0.01954675631364311,-0.49149617939693135,[]
18.69999999999987,11.143750789748674,0.7186451672498089,1.0686568215857506,-0.5122402579370834,1.0,0.0,0.0686568215857506,-0.5122402579370834,[]
18.719999999999896,11.535426884170258,0.6177657110574739,1.0393559721367311,-0.32464805362441956,1.0,0.0,0.03935597213673114,-0.32464805362441956,[]
18.73999999999992,12.043733840300861,0.8934801593592306,1.0448525551556935,-0.6930958780278644,1.0,0.0,0.04485255515569353,-0.6930958780278644,[]
18.759999999999945,12.609107506475752,0.6860782432815686,1.0426435223803874,-0.1942322658484704,1.0,0.0,0.04264352238038738,-0.1942322658484704,[]
18.77999999999997,12.73625005989944,0.8138870927322737,1.0566639399664983,-0.5998888179132137,1.0,0.0,0.05666393996649832,-0.5998888179132137,[]
18.799999999999994,12.432686626253178,0.7594971511985276,1.0699901107140972,-0.5510076084879449,1.0,0.0,0.06999011071409722,-0.5510076084879449,[]
18.820000000000018,12.152503338547161,0.5170323883692064,1.024512510035453,-0.4626526939091141,1.0,0.0,0.024512510035453072,-0.4626526939091141,[]
18.840000000000042,11.881973553608608,0.5297968062210918,0.998575507731259,-0.43051006775298317,1.0,0.0,-0.0014244922687409733,-0.43051006775298317,[]
18.860000000000067,11.587168462834379,0.5766718831149817,1.0021295864666286,-0.4305906275616079,1.0,0.0,0.0021295864666286413,-0.4305906275616079,[]
18.88000000000009,11.286021824370652,0.589169986683168,1.0149773062760583,-0.448708717786506,1.0,0.0,0.014977306276058311,-0.448708717786506,[]
18.900000000000116,10.981864395616157,0.5525090169358488,1.0312059821162727,-0.420048062760741,1.0,0.0,0.03120598211627268,-0.420048062760741,[]
18.92000000000014,10.67302076628144,0.552749430110943,1.055413246041423,-0.42565711257568145,1.0,0.0,0.05541324604142295,-0.42565711257568145,[]
18.940000000000165,10.500910428445447,0.5692082598906638,1.031326980721596,-0.5124351973323539,1.0,0.0,0.0313269807215959,-0.5124351973323539,[]
18.96000000000019,10.54382842470314,0.27374967344898055,0.9057370000868017,-0.11164414224701492,1.0,0.0,-0.09426299991319831,-0.11164414224701492,[]
18.980000000000214,10.896920363240971,0.6674511392128213,1.019176669157371,-0.47679829307462285,1.0,0.0,0.01917666915737093,-0.47679829307462285,[]
19.000000000000238,11.189545972176298,0.7405266349033802,1.0642850605202288,-0.5323626512786643,1.0,0.0,0.06428506052022875,-0.5323626512786643,[]
19.020000000000262,11.594911321007395,0.6176570805344128,1.0367187971187624,-0.3175303453848771,1.0,0.0,0.03671879711876236,-0.3175303453848771,[]
19.040000000000287,12.107262296019046,0.8932023397172096,1.0403722914911802,-0.6921640842921525,1.0,0.0,0.04037229149118016,-0.6921640842921525,[]
19.06000000000031,12.670229747521638,0.6841716911606803,1.040248995297714,-0.20435819978459402,1.0,0.0,0.040248995297714085,-0.20435819978459402,[]
19.080000000000336,12.777846375555658,0.8250224282326002,1.0528931050364998,-0.6111611610547831,1.0,0.0,0.0528931050364998,-0.6111611610547831,[]
19.10000000000036,12.472834306577456,0.7646186693144732,1.067226916041178,-0.5643693943789305,1.0,0.0,0.06722691604117803,-0.5643693943789305,[]
19.120000000000385,12.198072800490179,0.5225315742589105,1.0209106034351432,-0.47248407155681793,1.0,0.0,0.02091060343514317,-0.47248407155681793,[]
19.14000000000041,11.93063142179834,0.5365842197487571,0.996226119567021,-0.43560580672611715,1.0,0.0,-0.0037738804329789932,-0.43560580672611715,[]
19.160000000000434,11.636467148471068,0.5825876727944579,1.0006249433085475,-0.4345063737208919,1.0,0.0,0.0006249433085474543,-0.4345063737208919,[]
19.180000000000458,11.334279640892868,0.5962600679936505,1.0137496055969448,-0.45396666720627976,1.0,0.0,0.013749605596944825,-0.45396666720627976,[]
19.200000000000482,11.027593100673858,0.5606536648312641,1.030545712425565,-0.42734940012408373,1.0,0.0,0.03054571242556503,-0.42734940012408373,[]
19.220000000000507,10.717042949163977,0.5545811058073462,1.0549419850435453,-0.42591803093663616,1.0,0.0,0.054941985043545305,-0.42591803093663616,[]
19.24000000000053,10.545342410966036,0.5747287850865873,1.026562161887188,-0.520458603325764,1.0,0.0,0.026562161887188074,-0.520458603325764,[]
19.260000000000556,10.61520705502456,0.2970097964240416,0.9082811758464628,-0.1189182069096714,1.0,0.0,-0.09171882415353716,-0.1189182069096714,[]
19.28000000000058,10.972603974196295,0.6532459420447672,1.0236707880109277,-0.46144607237609614,1.0,0.0,0.0236707880109277,-0.46144607237609614,[]
19.300000000000605,11.26420811789983,0.7412779894406574,1.062007121665887,-0.5407876256010623,1.0,0.0,0.062007121665887066,-0.5407876256010623,[]
19.32000000000063,11.670743163917765,0.6055449538077694,1.0365889141109108,-0.30442052878351883,1.0,0.0,0.03658891411091081,-0.30442052878351883,[]
19.340000000000654,12.178569126586977,0.8851451490323998,1.039809171803856,-0.6846280837757872,1.0,0.0,0.039809171803856014,-0.6846280837757872,[]
19.360000000000678,12.735297096803532,0.6655880378388284,1.0376110196824702,-0.17909549714461526,1.0,0.0,0.03761101968247016,-0.17909549714461526,[]
19.380000000000702,12.827294864098993,0.8448476298076836,1.0514901796800866,-0.6294087461788134,1.0,0.0,0.05149017968008662,-0.6294087461788134,[]
19.400000000000727,12.508903005587156,0.7635000796771495,1.0661848908847624,-0.551291057915448,1.0,0.0,0.06618489088476243,-0.551291057915448,[]
19.42000000000075,12.222867745344404,0.5198442679316939,1.0184568290037463,-0.46431455454017595,1.0,0.0,0.018456829003746344,-0.46431455454017595,[]
19.440000000000776,11.946384749806555,0.5365982534216094,0.993348307829195,-0.43435045444237563,1.0,0.0,-0.006651692170804968,-0.43435045444237563,[]
19.4600000000008,11.647471831361075,0.5790758582942321,0.9976918858525674,-0.4333043612159544,1.0,0.0,-0.002308114147432594,-0.4333043612159544,[]
19.480000000000825,11.344453915589535,0.5889708080331998,1.0106823640483071,-0.4503406129692036,1.0,0.0,0.010682364048307136,-0.4503406129692036,[]
19.50000000000085,11.040681570195877,0.5544510493937921,1.0268733090081872,-0.42634263652525306,1.0,0.0,0.026873309008187185,-0.42634263652525306,[]
19.520000000000874,10.736674731050462,0.5518062548955077,1.0506599742924938,-0.4293049133606133,1.0,0.0,0.0506599742924938,-0.4293049133606133,[]
19.540000000000898,10.573844220060874,0.5733273169301041,1.0244515001696644,-0.5212755392345635,1.0,0.0,0.024451500169664353,-0.5212755392345635,[]
19.560000000000922,10.63098259807826,0.28055768088049593,0.9013430133441327,-0.08838902457136288,1.0,0.0,-0.09865698665586731,-0.08838902457136288,[]
19.580000000000947,10.997254790940678,0.6428198045159723,1.0164969155996553,-0.43272797282325715,1.0,0.0,0.01649691559965527,-0.43272797282325715,[]
19.60000000000097,11.308711635790672,0.7454044708487018,1.059911206370757,-0.5335295394017342,1.0,0.0,0.059911206370756975,-0.5335295394017342,[]
19.620000000000996,11.72306925740163,0.6255906538783889,1.0340187676365304,-0.3239407738050587,1.0,0.0,0.034018767636530445,-0.3239407738050587,[]
19.64000000000102,12.240819469412477,0.9020541038992231,1.0353804244898763,-0.6968979530708191,1.0,0.0,0.03538042448987633,-0.6968979530708191,[]
19.660000000001045,12.806618864794892,0.6784089897878877,1.0365327434211624,-0.21090816816936145,1.0,0.0,0.03653274342116242,-0.21090816816936145,[]
19.68000000000107,12.890399702004517,0.8314200955377128,1.04860843341663,-0.610115019818433,1.0,0.0,0.048608433416629904,-0.610115019818433,[]
19.700000000001094,12.579462518018103,0.7655303276988293,1.0625614557577292,-0.568106064319178,1.0,0.0,0.0625614557577292,-0.568106064319178,[]
19.720000000001118,12.305033941497568,0.5254090177286657,1.015095804641918,-0.47683066959126097,1.0,0.0,0.015095804641918065,-0.47683066959126097,[]
19.740000000001142,12.036891569066382,0.5415168392857336,0.9914607087649789,-0.437589878585376,1.0,0.0,-0.008539291235021063,-0.437589878585376,[]
19.760000000001167,11.741767880292555,0.5866865332464187,0.9964465493682453,-0.43606109498112583,1.0,0.0,-0.0035534506317547176,-0.43606109498112583,[]
19.78000000000119,11.438761071661323,0.6016691223710582,1.0096012514930173,-0.45729496256244084,1.0,0.0,0.009601251493017271,-0.45729496256244084,[]
19.800000000001216,11.130976957804467,0.5647925470931534,1.026657808842443,-0.4301898309032908,1.0,0.0,0.026657808842442954,-0.4301898309032908,[]
19.82000000000124,10.820890682341593,0.554089883966106,1.0512116482124112,-0.4257605976759509,1.0,0.0,0.0512116482124112,-0.4257605976759509,[]
19.840000000001265,10.652034390687563,0.575344239782162,1.0212117698138237,-0.5239906786014856,1.0,0.0,0.021211769813823667,-0.5239906786014856,[]
19.86000000000129,10.731596623062188,0.3100753920768256,0.9035475580072432,-0.11466239041040964,1.0,0.0,-0.09645244199275682,-0.11466239041040964,[]
19.880000000001314,11.100806181588284,0.6366191128625117,1.0209667927429174,-0.43344144094130477,1.0,0.0,0.02096679274291735,-0.43344144094130477,[]
19.900000000001338,11.409978353723412,0.7731177966973456,1.0571323506468615,-0.5772225293009392,1.0,0.0,0.05713235064686151,-0.5772225293009392,[]
19.920000000001362,11.81566729687227,0.5973268413584232,1.036396555963178,-0.29382925303971696,1.0,0.0,0.036396555963178034,-0.29382925303971696,[]
19.940000000001387,12.32022891955879,0.9165372319925817,1.0385844189697597,-0.7227872604652172,1.0,0.0,0.038584418969759726,-0.7227872604652172,[]
19.96000000000141,12.878535490414107,0.674712681961838,1.0392423322230073,-0.21635855988503858,1.0,0.0,0.039242332223007326,-0.21635855988503858,[]
19.980000000001436,12.953778073186971,0.8376179058215422,1.0504590921252297,-0.6208498425658162,1.0,0.0,0.0504590921252297,-0.6208498425658162,[]
20.00000000000146,12.638012337010734,0.7635411343465699,1.0643739372421108,-0.5679919031402701,1.0,0.0,0.06437393724211082,-0.5679919031402701,[]
