time_s,world_x_m,world_y_m,yaw_rad,base_height_m,world_vx_mps,world_vy_mps,world_vz_mps,world_wx_rps,world_wy_rps,world_wz_rps
0.0,0.0,0.0,0.0,0.74,0.0,0.0,0.0,0.0,0.0,0.0
0.02000000000000001,-0.00026552761083135825,-0.00043388885117344304,0.003570516332112054,0.743121438504052,0.19376490820799722,-0.04637484478273515,0.2575470216068162,-0.13080774751889862,-1.2258625398818441,0.13518064409881406
0.04000000000000003,0.0016352397801771823,-0.0013087801369751505,0.003291593239527415,0.7472040715455429,0.21873999884816903,-0.06763831431482645,0.17896862640211775,-0.23562605898401634,-1.199393939518901,0.01552237057525282
0.060000000000000046,0.0033764835133055175,-0.002100380843960334,-0.002386716170890901,0.7493309538089636,0.11697652153745336,-0.05405043033119829,0.06760351170804976,-0.13305982624970902,-0.5493056014563416,-0.30836450675855526
0.08000000000000006,0.004703159812922886,-0.0029644371154247165,-0.007432970768171139,0.7498689854420717,0.10544158829592641,-0.04549193580815778,0.015116366291922286,0.05289193704321936,-0.35387441600798003,-0.00888363421801759
0.10000000000000007,0.006269277001714486,-0.0036252638263547547,-0.010761765093910983,0.7498707072972658,0.11773584523336719,-0.017469852899264754,0.00388256288227563,0.2573485167328998,-0.3051299037357239,-0.09695733698127079
0.12000000000000009,0.008615224984499585,-0.004662985184987563,-0.013802777002769683,0.750075888003189,0.1561406812648958,-0.04748488091020621,0.0172307178592822,0.26355087147920714,-0.2905094414871126,-0.06987160302794607
0.1400000000000001,0.011612934568391657,-0.006191895901583782,-0.015194550438590282,0.7504867232875837,0.1712179826183664,-0.06387412324387998,0.015633198557011375,0.2826558015529468,-0.1972082668600179,-0.0009538937357129219
0.16000000000000011,0.015080864094281445,-0.008035882032307665,-0.016182310543380304,0.7506558363795625,0.18634637818122,-0.07088357564303928,-0.015590572108094844,0.32159718348034155,-0.14444792103118728,-0.01914227432552091
0.18000000000000013,0.018784012343509123,-0.0099770455637618,-0.01808946309451873,0.7496408219468913,0.18541665602430019,-0.0672035040511957,-0.10532096321833767,0.35107825219322086,-0.09398249593595434,-0.10879253371088918
0.20000000000000015,0.022368569205842834,-0.011965564256586987,-0.015920355806957835,0.7458664180630751,0.16672428922510688,-0.07195672757241753,-0.2844230542556181,0.22580746920082123,-0.010150371841305895,0.1117821909759463
0.22000000000000017,0.025556222145808088,-0.014086411562338202,-0.013330168183261017,0.7413010444322777,0.24194071729778502,-0.150816875610013,-0.1368372701269425,-0.6170576619861343,-0.5680786735874628,0.28035350192046127
0.24000000000000019,0.02976104183379459,-0.01598447839670222,-0.0016121979541852825,0.7394383985383316,0.2940438384392726,-0.12615185581894028,-0.031211608753708257,-0.8481441938786765,-0.7545106338483925,0.6333986497739311
0.2600000000000002,0.03451899860217777,-0.016782564393670825,0.010096221486702724,0.7390305471009346,0.27021580452944527,-0.06738723836000013,-0.0015526678561852058,-0.7570599138487908,-0.4717493416790566,0.4701311063483382
0.2800000000000002,0.03957778733683278,-0.016625486796253638,0.016093921466520486,0.7389976059513351,0.2721227582107493,-0.02730778605805701,-0.012235183564314925,-0.6664941246537309,-0.31014239547093114,0.2533315023314689
0.3000000000000002,0.045165316902086194,-0.0158588643654909,0.016115725646031955,0.7380809339809032,0.2923454577769381,-0.004107035187811184,-0.10235003329536724,-0.5481362536722755,-0.27753798829444504,0.0881557152123047
0.32000000000000023,0.050904384801742975,-0.014291123373111553,0.010581369339712153,0.7351654303099628,0.3643869955378628,0.11941104976594726,-0.11095822174409366,0.24527649125039244,-0.5610034529698091,-0.43073788486256764
0.34000000000000025,0.057646142023536115,-0.011918674043116593,-0.00344141725121421,0.7336522980346517,0.4377664963014464,0.1654350419489568,0.007571892858802658,0.877387200782594,-0.7224954981193497,-0.5806630083087729
0.36000000000000026,0.06483847398360576,-0.01023743586775831,-0.007917952876166551,0.7344207056921966,0.36195295375362563,0.11267959612138306,0.09021966420599316,0.7361896254504556,-0.09187098574046088,0.05741544507722817
0.3800000000000003,0.07235635109635351,-0.009660321941264547,-0.007849584058137404,0.7376168857013315,0.3784774182835699,0.04310248755666838,0.20657698560578927,0.539388728841555,0.09762850358619815,0.08984433554707641
0.4000000000000003,0.08048771467818513,-0.009662153717778189,-0.011900372165774996,0.742655414400397,0.3933782177032365,0.02878497090066831,0.25990792848809385,0.5645241596741154,0.21304523597945565,-0.2002031847249884
0.4200000000000003,0.08925774262028272,-0.010310759742966673,-0.0221661685380898,0.7479568589030027,0.4187556814699688,-0.01349002877488065,0.22672596594578173,0.5695811608287059,0.31333186158562226,-0.5630563204448513
0.44000000000000034,0.09806417994224129,-0.01129949678879806,-0.029327784369541803,0.751346437454892,0.38277897569763214,-0.006620835778853543,0.0800001033882492,0.4294347070618736,0.47267725196950255,-0.0926879305175096
0.46000000000000035,0.10630116578790677,-0.01199239262524642,-0.02869315039191973,0.7513713424585262,0.3774328081582948,0.016983030397085697,-0.10774939433838757,0.3724712083440112,0.406864721504705,-0.11882265286279328
0.48000000000000037,0.11310465457054124,-0.012384614830944052,-0.02959482956309377,0.7474344656145374,0.30019586817527416,-0.02647072569261246,-0.18126539971165131,-0.07661268226391642,0.5038375503856375,-0.5209533603775769
0.5000000000000003,0.12027319194396824,-0.013280311242921762,-0.02566690937120918,0.745493655012345,0.4370035461062606,-0.09871439369145617,0.0009788123190612643,-0.8192828988622738,-0.2031139959166339,0.5248458284112456
0.5200000000000004,0.12861279784252577,-0.013566489588296335,-0.013754098119433107,0.7459708288527662,0.43008584543349765,-0.03229079947794222,0.05153832418813725,-0.7061569842634194,-0.026185394584336226,0.5247032593072329
0.5400000000000004,0.1374061158652502,-0.012873500782637949,-0.0018827225648675625,0.7471183420018335,0.43860694850696896,0.008967509990231947,0.04891026321864826,-0.6091237242895551,0.09550979374752178,0.5314989176502821
0.5600000000000004,0.1468130223440655,-0.011540621991563589,0.00662130779587657,0.7477015336489554,0.471440141275719,0.03920097604169723,-0.012732760633691368,-0.49210928106587826,0.06619268816168498,0.34305964640455444
0.5800000000000004,0.15694521810745574,-0.00983721576076449,0.008545380194172418,0.7463805715511409,0.5137809843925679,0.05361682380839383,-0.14143031083824736,-0.3592443815294257,-0.05198929523997197,0.03133766919273932
0.6000000000000004,0.16760573628877343,-0.007885274844823537,0.004843049964053934,0.7416095973887549,0.542847491633547,0.0588008928846872,-0.3431404818391019,-0.3660393754519352,-0.17026993235597818,0.1760638238967765
0.6200000000000004,0.17803531222424407,-0.004863061662451716,0.0047496337990010195,0.7353522435652277,0.6304789608187112,0.23685926904293153,-0.19958492599577862,0.7148569380085675,-0.6345761372249953,-0.01731034161406987
0.6400000000000005,0.18930836906656306,-0.0013514191812809713,0.007415048419371628,0.7324284867333919,0.6034345920550678,0.21487278106631455,-0.05541524213389995,0.7901264140904364,-0.3427708843819623,0.2922321950027169
0.6600000000000005,0.20104085422587448,0.000934891212872044,0.014470359971196745,0.7331057518635204,0.5892236693778613,0.1320191283051519,0.10956519703219285,0.5210406631653525,-0.013879806615493876,0.32036534472304373
0.6800000000000005,0.21296951453832885,0.0025758066986247157,0.01744666586820159,0.7367965414234412,0.5847192539278613,0.10402347470611613,0.22956041637418384,0.49147719088695224,0.17994552523048188,0.05154646934228184
0.7000000000000005,0.22518872710007243,0.0037754727856602706,0.018128887851009145,0.7422412020400303,0.5884281649644793,0.08680182870616018,0.27730638168859534,0.51413370177915,0.31182872469015094,0.0626567670581517
0.7200000000000005,0.23773905543966328,0.004547043529738792,0.01788980603218911,0.7476829562458863,0.6033833598944766,0.0531683578025336,0.22843748449024714,0.4820583701092655,0.38583082737991964,-0.17036039163933145
0.7400000000000005,0.2506229951326034,0.004618004217075802,0.01423289792342611,0.7510159582826169,0.6010383966518379,0.03420007462240844,0.07531861102131736,0.3264774097669036,0.41608314561963045,-0.01782600422693198
0.7600000000000006,0.26301024123587463,0.005016026294496289,0.01830742548119194,0.7508414758963727,0.5958656053236454,0.07647206477576464,-0.11445357755359116,0.3159571419845078,0.31146272819804816,0.11530122292581141
0.7800000000000006,0.27387145364936183,0.005695011233199602,0.018367582541136053,0.7463507994882843,0.4948303225461866,0.026165218087685405,-0.2245854125703676,-0.05246193595136883,0.5381855676379578,-0.7248825883982682
0.8000000000000006,0.28471655042758826,0.005699517643799256,0.013699119648633365,0.7432029874941941,0.5996140335004818,-0.04746593521121215,-0.07061752953796269,-0.6100117624412094,-0.08912452630893025,0.041816361851810036
0.8200000000000006,0.29658774582129,0.006104120368654841,0.018465833790055706,0.7425608997964545,0.6086720287197035,0.011422599279664035,0.003815672741576687,-0.49386121751156514,-0.04938135445333722,0.30981862404982585
0.8400000000000006,0.3087701391291804,0.007322391997329941,0.027148410897712846,0.743005522194609,0.6027721839063284,0.04546808089010995,0.023634222748736385,-0.43376277876157243,0.09627420185697008,0.4552452233430359
0.8600000000000007,0.32133027823348626,0.009117647323929163,0.035637762956972636,0.7433404611049755,0.6229012193239651,0.0739026244417091,-0.013227467061517905,-0.363324961493997,0.11629942440770799,0.3894635987395101
0.8800000000000007,0.3344887833268199,0.011384332450905615,0.0404608178134785,0.7423022998813045,0.660476716477925,0.09897442984765549,-0.11193095838697281,-0.2583201088630263,0.03727651758560101,0.18210814918441545
0.9000000000000007,0.348302841417365,0.01389603242307515,0.038111798786358383,0.7385168583046552,0.7003853688290155,0.10696758498642059,-0.283532040308394,-0.14718947998949541,-0.0826918242881081,-0.1323373378344493
0.9200000000000007,0.36178521019416077,0.016957110221345873,0.03599943027435362,0.7312843011486382,0.702771954457485,0.18896086186556943,-0.3474935288718496,0.2621737556997446,-0.25889107127576616,0.34319971459639026
0.9400000000000007,0.3757674744542281,0.02089687177404076,0.038487420811511984,0.7257766099423822,0.7929768784144688,0.26351034655739725,-0.1598440174592278,0.921899925188676,-0.6084836136887636,0.07194878532868734
0.9600000000000007,0.39057840930412085,0.024221585480773012,0.041077583420152206,0.7240408234492323,0.7592839932802621,0.1967864446259857,0.002885034376523236,0.7685631956477976,-0.2718565946030235,0.1762384588823554
0.9800000000000008,0.40552003317715335,0.02621708235706413,0.0450260870485444,0.7259813957400635,0.7424104860897814,0.12894988418144585,0.16504815891393942,0.6733570381543195,-0.026186950772707294,0.10462639925819377
1.0000000000000007,0.42027935344712264,0.027507767421464338,0.04522511449695322,0.7301498646797134,0.7146394870525512,0.09946542282807719,0.22838904521079287,0.7023026840887405,0.22483307046976733,0.03065996525154646
1.0199999999999985,0.4352350024529367,0.028184059694998806,0.04409258251380809,0.7348375963607353,0.7324867776628782,0.06426912469822803,0.21156122853056972,0.6828902525875722,0.2775440076409514,-0.14158783674711406
1.0399999999999963,0.4506301387961624,0.027968863927668043,0.03701588226371863,0.7378473140826569,0.7405916137017665,0.016810513413890896,0.0681244765097453,0.5034824505459847,0.32151633799996937,-0.27005324447611123
1.059999999999994,0.46558854803217253,0.027736996370528344,0.03616640493768527,0.7374206893970401,0.7186318344425184,0.052197347813353924,-0.11976517734864349,0.4490871988466426,0.2628298537271685,0.05695502130895316
1.0799999999999919,0.47925094453134737,0.027614542254924847,0.035159020097869274,0.7340976111782748,0.6929784580415408,-0.02274080628524247,-0.12257194263745923,-0.1425397431378185,0.14724327398814452,-0.307845547881724
1.0999999999999897,0.49335918173730214,0.02690926333940431,0.03788816765191913,0.7324001200664768,0.7500732154500639,-0.06376778556703408,-0.02531543213928516,-0.4611057446726462,-0.16865963428882455,0.2472850882795685
1.1199999999999875,0.5081689547050502,0.026678484821745105,0.04442675895708696,0.7326578867377876,0.7427779735015254,-0.013637870674275417,0.045136411686772765,-0.34170584108514157,0.01750863138646392,0.3234311413474209
1.1399999999999852,0.5231663679180185,0.027150234234236903,0.05105284957660512,0.7340193654036997,0.7304992695591039,0.016294963276831588,0.07279617936554512,-0.2932696121597022,0.23634292825328604,0.3127726761476379
1.159999999999983,0.5384975207731314,0.028147913900839518,0.05597737102965632,0.7354905752690164,0.7472638980176975,0.0422212260532844,0.05054476967911152,-0.24068010836979886,0.30426792260041935,0.21571165183104543
1.1799999999999808,0.5543412381377654,0.029554896369518344,0.057417974137979826,0.7361379225321792,0.7752997717319233,0.054132948742377625,-0.000392229623059538,-0.22705109518682556,0.2707430071166414,0.04837884935432992
1.1999999999999786,0.5707719271589256,0.03105102752033745,0.05529113043371476,0.735357587981241,0.8124313689451187,0.04976923397148759,-0.10103656840487125,-0.21397598582094535,0.15606893068081248,-0.005323525750799485
1.2199999999999764,0.5871339033616703,0.03247807755993212,0.04974984301852605,0.7315702531208257,0.7957301128007127,0.05946581663008035,-0.2850160818191163,-0.13026174805606,0.12456371830579206,0.06977319677890141
1.2399999999999742,0.6027278860216729,0.035083876453119875,0.053890166288316534,0.7260468714872613,0.8303800967660351,0.21827738304206634,-0.19365662110774315,0.8267611152488467,-0.17600642056704058,0.22620406488190692
1.259999999999972,0.6192577758482638,0.03781876039768119,0.05933633162027795,0.7233575896709126,0.8580663604296199,0.16703546840289898,-0.05907426146315194,0.7743163622665793,-0.16007350980890747,0.23859457906956621
1.2799999999999698,0.6366192936864793,0.0392208685652978,0.06403813782380473,0.7236281207650755,0.8813950983525034,0.07962544022145268,0.07962638917635108,0.5839614229736847,-0.015769779338049652,0.20153834658269698
1.2999999999999676,0.6541870466620792,0.03978396807307282,0.0648951972542605,0.7259420615590314,0.8506692498978801,0.0677118554004168,0.13036423493022764,0.6379852208184327,0.25550918705761777,-0.06246218257223317
1.3199999999999654,0.6718675553634192,0.039983692427403204,0.06269663014214845,0.7285890181823529,0.8686473143607722,0.03826074045977878,0.1067660232367012,0.6579367803453562,0.31586545856983267,-0.2608043990105868
1.3399999999999632,0.6898045220610903,0.03940803760853025,0.05532096205852606,0.7293679678206928,0.8659236321640984,0.012192909071600033,-0.03983012321694422,0.5583183684472277,0.34029139468407305,-0.2937223093558325
1.359999999999961,0.7069562961858685,0.03899734369349251,0.05393755855287099,0.7267201145368619,0.8431199804021084,0.03947245338524527,-0.18953240397682022,0.45506466949142277,0.22313670128565458,-0.2999609351844015
1.3799999999999588,0.7233668033194478,0.038146870270703764,0.05305125984160604,0.7230610529914325,0.8676935733697626,-0.07201752610201323,-0.11068639220752355,-0.2551916039565112,-0.14561917012021722,-0.10048325897619037
1.3999999999999566,0.7406502421777659,0.03698019897817319,0.05634502663887714,0.7219447153717639,0.897053404506669,-0.07074140965308758,0.004021548052556641,-0.29905281355193425,-0.19589776509261678,0.22975957654572204
1.4199999999999544,0.758262380240882,0.03632560235730241,0.06045221183964406,0.7230234312522272,0.8668197288479493,-0.032045910653395154,0.09652772502783422,-0.22487977953503546,0.13868254879274675,0.09015183732350167
1.4399999999999522,0.775861323957251,0.0361986025251068,0.05898088093243405,0.7257674899425623,0.8554059674041142,-0.02111973327684863,0.15862484496988014,-0.2730572579939327,0.3712470617895616,-0.16258911378547175
1.45999999999995,0.7937195397514986,0.036356328058093426,0.05488632569628362,0.729303034712102,0.8680908564869807,-0.008183783870887779,0.17113564687145724,-0.28727043876027863,0.4228149709545865,-0.19900235532908545
1.4799999999999478,0.811950112767145,0.03681841974195068,0.050309834959762066,0.7326015718833783,0.8867563492893683,0.008655787211730017,0.13438693837299803,-0.2560225052608977,0.39108594362255156,-0.18941460492370737
1.4999999999999456,0.8305081926657479,0.037457589553846586,0.04568994659219506,0.7346489621075608,0.9062306349006837,0.011848725380378048,0.04734180179976412,-0.22927682964110085,0.3017950986510484,-0.17651108540069316
1.5199999999999434,0.8491249083482263,0.037967397476644404,0.038456580661379705,0.7343594474210207,0.9289077577457823,-0.006905174130726622,-0.08777554119488995,-0.21133150539416878,0.12180552995517295,-0.2755585063643934
1.5399999999999412,0.8671213148069459,0.0385406291355104,0.035173541435174996,0.7300214547385375,0.8722946375748003,0.04234448344898572,-0.2946380283014541,0.06174431723404197,0.021817936872880396,0.3403257640964753
1.559999999999939,0.8840848841809432,0.0399103603803065,0.04369776485434519,0.7249673311276751,0.8690872721567843,0.11908801866219472,-0.16972331948805466,0.6038238320176426,-0.09041453250578102,0.29812361830563
1.5799999999999368,0.9020034790152913,0.041002126628289934,0.04571560213560245,0.7231783303074045,0.9470480145577727,0.06035287910068895,-0.019630200976991294,0.5302497104903113,-0.2515537122485762,-0.06448541697678613
1.5999999999999346,0.9208865286006892,0.0407938037900388,0.044745525889104534,0.7234608014516756,0.95567128575506,0.003651006742429334,0.04322547395040174,0.4563123471293715,-0.1220717852310805,-0.07620666517702529
1.6199999999999324,0.9397256825149408,0.04019373762531056,0.04241548755735691,0.7245736803364367,0.9310560345120251,0.006732609653943964,0.04882240011111261,0.5679850479012043,0.058406782769746826,-0.12940268318921366
1.6399999999999302,0.9586926329448402,0.03917716750782203,0.0343096293827105,0.7246822696151107,0.9468319205435681,-0.02246780253955286,-0.056570942055792564,0.5816736417037932,0.1625510272629876,-0.6062988232172336
1.659999999999928,0.9773423975965275,0.037974739783773644,0.029160526674014788,0.7217233230994997,0.9297361272552964,0.009575550301742768,-0.2187909915240175,0.596729658515835,0.0316065618895029,-0.2030678110923213
1.6799999999999258,0.9954192599711884,0.03663551295572524,0.025773711389317396,0.7172089731420253,0.9643281344157995,-0.0748908701849075,-0.1520112873375837,-0.0792391319503534,-0.30852183384515025,-0.4081183316643518
1.6999999999999236,1.0142035090818953,0.035079871455292476,0.018117090963417584,0.715380400810176,0.9798104490816604,-0.09483506181221607,-0.01596003948529231,-0.2176096937718443,-0.24983222912085615,-0.4806486228094887
1.7199999999999214,1.0331675015170785,0.03361798173523498,0.008872343829928193,0.7163733961243249,0.9427204819867586,-0.08494369721064728,0.10152027031086373,-0.21559170630424865,0.08925390579024221,-0.4232055903662248
1.7399999999999192,1.0519884515026048,0.032336058290697516,0.0006208120497161992,0.7193376104855124,0.9169482955752564,-0.07821449847726558,0.17332476218026086,-0.24499809642619788,0.33572562148452695,-0.3660802523997265
1.759999999999917,1.0708877041284726,0.03128060277466038,-0.007205135809929606,0.7232857266714338,0.9202865693595719,-0.06657387489183782,0.19648544554444958,-0.2577327244918054,0.41036629198804775,-0.3588349885210567
1.7799999999999148,1.0900458054193058,0.03048151232842514,-0.015000256741653846,0.7271818302611341,0.9343095450971789,-0.05390860127175581,0.16795326401179522,-0.2491750967432516,0.38981524111237126,-0.3607260541391275
1.7999999999999126,1.1094447978056694,0.029818355335284086,-0.022809785897635645,0.7299597417599258,0.9484288254406695,-0.053998009426956095,0.08665252329881992,-0.24831966205555567,0.3119009650928838,-0.3538670904452754
1.8199999999999104,1.128802821562015,0.029034914752634592,-0.03242407353460205,0.7305254209800721,0.9654824823510112,-0.07306221003695057,-0.04147212253915554,-0.2581686216614271,0.13850868350706447,-0.4187986580059117
1.8399999999999082,1.1475956510988239,0.028358191024780103,-0.04148936515653862,0.727126900643547,0.9189314958709732,-0.0422039921269403,-0.27311334811956733,-0.08446745813675749,0.03172877320813134,-0.17356110312828865
1.859999999999906,1.16502223598606,0.028198990082609766,-0.04178113135940068,0.7220676137209086,0.8720933630790343,0.028097678760509084,-0.18478042673493408,0.47115116913550914,0.026777365453610896,-0.08472968353800138
1.8799999999999037,1.1832242692117352,0.027667181817541627,-0.047463279684121104,0.720126234807668,0.9694003266901352,-0.031763697953715524,-0.02328760666871392,0.46088180263964634,-0.21630631693833713,-0.46548374062220343
1.8999999999999015,1.2025226849556274,0.0256942123402313,-0.05556880656524489,0.720389837182804,0.9798039526297426,-0.08164758952822747,0.04583363942789553,0.4522471850136216,-0.14354885910595286,-0.4064553308958505
1.9199999999998993,1.221779373238971,0.02317119448173303,-0.06069308079766601,0.7216077232913711,0.9585117734625878,-0.09551069253527926,0.05598090864162857,0.5399419676670308,-0.02212862583242932,-0.19362751313201002
1.9399999999998971,1.2410622501717061,0.02015153082029794,-0.07073585481953686,0.7216995733154339,0.9609131890612339,-0.1169600580997881,-0.06022651374647262,0.5709980731586803,0.12600469357856825,-0.6647847429756204
1.959999999999895,1.2599303385955494,0.017218342079290228,-0.07548811788828623,0.7186835595896713,0.9581987449055216,-0.07525953754820992,-0.21328174489617385,0.575293362516776,-0.09260842734272923,-0.194614499671599
1.9799999999998927,1.278392082132203,0.014244342154947014,-0.08174505465460098,0.7143046507921601,0.9877292669861116,-0.17325720027644118,-0.13591099780817784,-0.17098882726626646,-0.306363797967407,-0.6306447422027577
1.9999999999998905,1.297575262687236,0.010854087322349675,-0.0936916418275896,0.7127474903823984,0.9988422562774566,-0.1919538735034092,-0.008977790960207146,-0.2427168094159923,-0.20567299274945733,-0.6059908785519829
2.0199999999998886,1.3169255431576397,0.007405436235100499,-0.1043716814633422,0.7138711636032126,0.9594372006379903,-0.1851940803298225,0.10570891667724619,-0.18752258460591079,0.13696829536337363,-0.44229460108654967
2.0399999999998863,1.3361729273772431,0.003996526443204834,-0.11291207604739134,0.7169677625851748,0.9379597878127108,-0.18453005716720855,0.18104503167130956,-0.20637309497741926,0.3740168246374064,-0.3620872115667633
2.059999999999884,1.355580657961467,0.0006675787314734365,-0.1207578682719921,0.7211227668481317,0.945384575396218,-0.18130618397228065,0.20798438901971386,-0.23511174862595519,0.44812775103643804,-0.354811470612775
2.079999999999882,1.3753105242176065,-0.002534535177054559,-0.12866280202753647,0.7252825898259335,0.9616789489521774,-0.17548688529996445,0.18129514877163738,-0.24688580490308282,0.4331947995845658,-0.3715500572148738
2.0999999999998797,1.3953059429420847,-0.005695863120793048,-0.13678060365604122,0.7283846469422545,0.9779404447864705,-0.18167634082523923,0.10600762203419865,-0.2778141161948249,0.3452080591060569,-0.37201861496929295
2.1199999999998775,1.4152783694121687,-0.00900856846529994,-0.14630672942321862,0.7294451672626449,0.9977435222635211,-0.20534161343865273,-0.012242561881868811,-0.328021743971745,0.14606529225935172,-0.41060789463296665
2.1399999999998753,1.4347173637082045,-0.012172350374937975,-0.15623677395206234,0.7266781743289304,0.9604114566604409,-0.1751571354075176,-0.25550743341387433,-0.19189356480005276,0.03465457166874823,-0.40129935461121174
2.159999999999873,1.4525552999498883,-0.014690086798040514,-0.15780993182473999,0.7214536180749632,0.8728288281197026,-0.09464707145279978,-0.21121670022374175,0.356716699871197,0.08131329001330419,-0.051280428445637176
2.179999999999871,1.4709245491199294,-0.017582871148995875,-0.1631549798346446,0.7190713562027099,0.9839114347774772,-0.16326148853123082,-0.04459746922028034,0.34198137970578346,-0.2707933346882795,-0.4770147046259213
2.1999999999998687,1.490490000962701,-0.021988021389915874,-0.17317706330919633,0.7187906731290012,1.0097405657863952,-0.22068096580499025,0.009160465241546224,0.3020095751946018,-0.2815572360612301,-0.5025515443624496
2.2199999999998665,1.5099970044479265,-0.026840771068741952,-0.18100045780796403,0.7192251110592879,0.9817804541665717,-0.21235331475963784,0.01640401928024652,0.46110729523326904,-0.16713778093234727,-0.3216932830009381
2.2399999999998643,1.5294401984712132,-0.032129672182300534,-0.1917771986648116,0.7187523361514309,0.9835748775937943,-0.23716481967630848,-0.07935747667568342,0.5330108541023793,-0.04798064910824665,-0.6986004775033043
2.259999999999862,1.5485487321714377,-0.0373761703477454,-0.19784320704260855,0.7153768495570069,0.9858533200888974,-0.19762030805710765,-0.23017196333411943,0.5423288084439607,-0.25126123678677664,-0.2361985097056097
2.27999999999986,1.5671424615597824,-0.042664373223353924,-0.20585560714332973,0.7108993770386639,0.9874677789965113,-0.30058339675123935,-0.1322723392919409,-0.24398743525469557,-0.3185909438070679,-0.6858696731767365
2.2999999999998577,1.5862715265797511,-0.048486206858967526,-0.21888476562430867,0.709551022253094,0.9977609004433807,-0.32051241915543577,0.004635223912656038,-0.30368662771574856,-0.24236067919830084,-0.6235874829796964
2.3199999999998555,1.6054846985630586,-0.05442222908309982,-0.22999486323157997,0.7110193657578241,0.9533197301530624,-0.31124786824131584,0.1246586063524263,-0.2007321152973917,0.10077213859442354,-0.46099479063164306
2.3399999999998533,1.62452071567165,-0.06035373630040173,-0.23890644887222806,0.7145413072249938,0.9288733900435635,-0.3098119871181387,0.20337808349605688,-0.18429469128340928,0.34073907818223165,-0.37939600630900155
2.359999999999851,1.6436781936003992,-0.06625185821030219,-0.24704192839863576,0.7191569950736323,0.9348783615460918,-0.3077656073008501,0.23121448538165543,-0.1981668561023733,0.41715995914540027,-0.3659384218272009
2.379999999999849,1.663137794122948,-0.07206450949769536,-0.25517631070186714,0.7237756675438011,0.950209747585437,-0.30318903814167325,0.20395271331101825,-0.2062438374705306,0.40657332931899354,-0.3832797941214813
2.3999999999998467,1.6828341105447713,-0.07785540481294981,-0.263514529357655,0.7273293548574086,0.9639391059675819,-0.31041770356748477,0.12907644190184964,-0.24547191766693544,0.32738721066675597,-0.38217217252665175
2.4199999999998445,1.702469360808222,-0.08377045284823416,-0.27317119796875144,0.728857845805435,0.9785571074768203,-0.334485312546979,0.011721774726548272,-0.31474680971353236,0.14822243496962412,-0.4261594458140673
2.4399999999998423,1.721622705832476,-0.08942524540363876,-0.28363487014306266,0.7266083642740228,0.9528650548425381,-0.3003708818157644,-0.2317841810731762,-0.19144388498121714,0.025272725251906672,-0.5224071034481536
2.45999999999984,1.7392316677974229,-0.0943595152621329,-0.28751957592604827,0.721330054067127,0.8544825900135954,-0.21771151405894754,-0.22909886831078824,0.3062537743764624,0.07554492104498187,-0.09077029067543403
2.479999999999838,1.7571415196833196,-0.09968701985748163,-0.29322242902504475,0.718631897058963,0.9583061141993204,-0.29207283835377995,-0.059308224992946995,0.2962649658498959,-0.30598282011144334,-0.4969060059037978
2.4999999999998357,1.7760957207062886,-0.10660796678944194,-0.3044099833818188,0.7180436847974585,0.9831660171676384,-0.35182438184259335,-0.008669970497063894,0.25130949534574865,-0.33669815996940106,-0.5891976132492105
2.5199999999998335,1.7949646158565866,-0.11399477949046259,-0.3135494201802925,0.7181469163100592,0.958080419114368,-0.34265361332126837,0.0012667311161155817,0.41911596204695745,-0.26565059846101857,-0.37030522295074564
2.5399999999998313,1.813696273916975,-0.12182965010077296,-0.32488216665373487,0.7174327233761525,0.9536237908225145,-0.366185540540473,-0.08849323335233497,0.5179592740840746,-0.14627651783321724,-0.7279296268636177
2.559999999999829,1.8321073449998082,-0.1295608406761238,-0.33166014886291834,0.7139135983688732,0.9631695610150331,-0.32851745538459975,-0.23159325612129572,0.49856078379075985,-0.34593259245622904,-0.2915704720261506
2.579999999999827,1.8499777072096375,-0.1373123864462592,-0.34056349635606087,0.7095788899636298,0.9471375873246596,-0.43303394452096766,-0.12139851956522396,-0.3053527265416874,-0.29469525543965924,-0.6947053091625912
2.5999999999998247,1.8683259267671815,-0.1456625971401748,-0.3541251575807529,0.7084502327093742,0.9550134251188733,-0.4522606184769689,0.014261517398989829,-0.33827517734095686,-0.20419972378313028,-0.6373184606205975
2.6199999999998225,1.8867199467830809,-0.1541486235271738,-0.365492085039181,0.7100832381450314,0.9095829110422678,-0.438157488899072,0.13122009765362694,-0.18442204065804355,0.13284586519492309,-0.46913584046854495
2.6399999999998203,1.9049296823470345,-0.16264452091347817,-0.3745378958291816,0.7137267596868175,0.8861218485727091,-0.4359054765848796,0.20861992411348804,-0.13933373171774646,0.3655089740289621,-0.3828421125217229
2.659999999999818,1.923273144272599,-0.17116189316754976,-0.38276521893848636,0.7184412071786012,0.8927584859989978,-0.4366363316272389,0.23541628589797406,-0.14653678687708,0.44275354913186604,-0.36917317447953807
2.679999999999816,1.9419291986852785,-0.1796620681945184,-0.3910504055409099,0.7231360396388028,0.9082448799470012,-0.4355158485510616,0.2069660976772809,-0.15846267070312636,0.4368157079448188,-0.3922373834509735
2.6999999999998137,1.9608135537291413,-0.18820043582904233,-0.3995141379588335,0.7267556698063847,0.9209283109730857,-0.4469562430332199,0.13263242425055882,-0.21720926046583644,0.36033108445868284,-0.3820462084269709
2.7199999999998115,1.979617432223957,-0.19688018876566288,-0.4090952451643783,0.7283578775752956,0.9323657488862789,-0.47443074545953395,0.015253719955865865,-0.3147040902327291,0.18766341859452756,-0.4167536481305378
2.7399999999998093,1.997956479973405,-0.20520440035327872,-0.41949841624326456,0.726166737200512,0.9080114935119614,-0.43483022061726423,-0.2290138111058583,-0.20220772745364493,0.059715744735408235,-0.5286111529447606
2.759999999999807,2.0148260251875225,-0.21261719965572487,-0.42359914232151225,0.720979620975956,0.8205267466181334,-0.33868994825118515,-0.22442246497068957,0.3049084189757255,0.04738501840873928,-0.10384485807078225
2.779999999999805,2.0319631680799146,-0.22047890816596247,-0.4294376651004854,0.7183583027488778,0.916369195414223,-0.42836532851268744,-0.05707691520396851,0.23640063969191524,-0.338255401873624,-0.5035453499567064
2.7999999999998026,2.0499503435949156,-0.23003695683888215,-0.4409178508012058,0.7177772848735051,0.9351187480924978,-0.4858218290275522,-0.01005362036303571,0.19513318987734252,-0.369497140175151,-0.6182842265509083
2.8199999999998004,2.0678041827418774,-0.24002612479709498,-0.4501415526933789,0.7178528360404933,0.9117370082740975,-0.4779060156234224,-0.000548647406089257,0.35688047621935554,-0.33103331596450086,-0.36563021579639465
2.8399999999997982,2.0854550223121304,-0.2504490673555498,-0.46156522977459097,0.7170881390265745,0.9035665370898848,-0.4984251388012856,-0.0913363653998249,0.47893969007021153,-0.21976994863548918,-0.7419826410067055
2.859999999999796,2.1028057741880377,-0.2607018229741077,-0.4682572429051332,0.7135234869607959,0.9193159768204157,-0.4622076700032573,-0.23365602499910174,0.4343633188865694,-0.4268546883172831,-0.28082434949849755
2.879999999999794,2.1195716462646446,-0.2709239714912396,-0.47750975130319995,0.7092065543535897,0.8840345221885272,-0.5638956454939349,-0.12009639778445924,-0.3523022922951621,-0.24299238417867222,-0.7107046025404685
2.8999999999997916,2.136715728287665,-0.2817963684399275,-0.49142678262121003,0.7081144678044393,0.8903645077546934,-0.5829303493012354,0.015961463165624665,-0.3630099216931294,-0.15954774661401017,-0.64921809027858
2.9199999999997894,2.153882205136572,-0.29281441198521097,-0.5029913585267608,0.7097914669570149,0.8470856300676163,-0.5633217365389492,0.13376191831332368,-0.16255925216254885,0.14808684951898435,-0.4766752109160709
2.9399999999997872,2.170856705429639,-0.30383218240482956,-0.5121680713009383,0.713496171517871,0.8238650430984283,-0.5588030273091982,0.21220689709949275,-0.08753818602786075,0.3705526361449777,-0.38761905037438116
2.959999999999785,2.1879548366734496,-0.31490149609250384,-0.5204711875808525,0.7182877484624448,0.830101532393559,-0.5609944950390915,0.23966078859749146,-0.08590697057385896,0.4480496003880469,-0.37129184776670987
2.979999999999783,2.2053629396980474,-0.3260013675934969,-0.5288011436697789,0.7230703855466148,0.8455811796319271,-0.562135873504297,0.2116214228280507,-0.09933045367593439,0.4444224373091623,-0.3942221423849825
2.9999999999997806,2.2229935345537877,-0.3371664805820125,-0.5373461398606869,0.7267890761929242,0.8566889745191448,-0.5748804679758344,0.13811462274876082,-0.16793366040372698,0.37829280439379565,-0.3883236093783724
3.0199999999997784,2.2405335681790315,-0.34845575696763825,-0.5470483011729264,0.7285227286472142,0.8646566133751353,-0.60336859074709,0.022960308689391175,-0.28936262102501875,0.22232074471648117,-0.42579448973117306
3.039999999999776,2.257676771009614,-0.3593713055806475,-0.5576257610335641,0.7265135848419375,0.8488114953757189,-0.5615878837130726,-0.21860094834220692,-0.19192069982118257,0.06981808484947973,-0.5459373775559568
3.059999999999774,2.2734813617133764,-0.36916387026631564,-0.5626710829198438,0.7212375503093623,0.7655046803830691,-0.4536319240188671,-0.2363453600571159,0.28539873348483846,0.029419901133148692,-0.08271843427010057
3.079999999999772,2.2893948258037438,-0.3793070574200888,-0.5685435366800328,0.7184171292238851,0.8491330636706804,-0.5484928147186611,-0.06477672501591154,0.19688932972700662,-0.3560714160173215,-0.5172264691987067
3.0999999999997696,2.305949481583799,-0.3912829829339514,-0.5803977943764347,0.7177059228516287,0.8629267301339634,-0.623508201491245,-0.01695319893205942,0.10473545319744565,-0.40294664066674246,-0.6064786945700394
3.1199999999997674,2.322324667191926,-0.4037461814790896,-0.5901569733943443,0.7176384160033066,0.8426107360214727,-0.6017909709079649,-0.00718015992026441,0.3064115098631655,-0.38538545050714346,-0.4099286824471959
3.139999999999765,2.3384416541227826,-0.41654594042655374,-0.6016050726756529,0.7168172554580319,0.8303902175559338,-0.6226833241954376,-0.09120318408163622,0.4391492990381207,-0.29803259251711034,-0.7509068758746679
3.159999999999763,2.354257408128679,-0.42920008885484373,-0.6087414256741998,0.7132489604027223,0.8472916161958974,-0.588652830785162,-0.2382600618530465,0.38434766066338444,-0.483768806500357,-0.29011930270239245
3.179999999999761,2.3694729052692662,-0.44173881328708925,-0.6182230153314751,0.7088470869138351,0.799125886616119,-0.6862979141687219,-0.12262990036755496,-0.3917795373880013,-0.20175092392577842,-0.703748528780389
3.1999999999997586,2.384957262907252,-0.4549617829245915,-0.631918242387216,0.7077201345028473,0.8026673065840508,-0.7055390290899639,0.015626754683455396,-0.40051195673149187,-0.12163689814480372,-0.63385846191936
3.2199999999997564,2.4004413347371214,-0.46832104236641253,-0.6432645929499309,0.7094210704916172,0.7619311140753809,-0.6795980666493046,0.13624099455742647,-0.1574705908276487,0.1568588263575112,-0.46738544867002485
3.239999999999754,2.4157197362168437,-0.4816443269811614,-0.6522990624735631,0.7131932519108933,0.7381693529717291,-0.671012048949041,0.2161774694976915,-0.0460860702577839,0.3719798486459034,-0.38207069072492617
3.259999999999752,2.431097707876718,-0.49502769926936624,-0.6605092526380855,0.7180737814607016,0.7433771771533982,-0.6734403305643939,0.24440695419773112,-0.02973774876726791,0.4506332615142456,-0.3672180980060094
3.27999999999975,2.446771632250383,-0.5084776881410322,-0.6687744075995702,0.7229566018535752,0.7583537309642127,-0.6762299724607304,0.21682305156092546,-0.04078526959756054,0.4495283521539866,-0.39112998422495204
3.2999999999997476,2.462653453703806,-0.5220185713835465,-0.6772151528543303,0.726779605165388,0.7671665354702247,-0.6898280129646629,0.1432482151358432,-0.1149764725639599,0.394909904687093,-0.381152129563884
3.3199999999997454,2.478429654590711,-0.5356652524828445,-0.6867959951571467,0.7286271709593619,0.7710544633566369,-0.7185850155337856,0.029037405780146405,-0.25462737737887786,0.26028039577487416,-0.4218241153256979
3.339999999999743,2.4939006123362355,-0.5488908472779086,-0.697161060211988,0.7267753550710709,0.7637113598845089,-0.6773969499733177,-0.2100826344411451,-0.1896426744144467,0.08953534825369266,-0.5328269663230435
3.359999999999741,2.5081623402712854,-0.5608673051531877,-0.702420296053603,0.7214181511564383,0.6867585606598412,-0.5594212610598029,-0.24685451567825734,0.26364588457614957,0.02560042414060433,-0.04604525259993421
3.3799999999997388,2.5224144862569555,-0.5731336329093478,-0.7076135016908545,0.7184635092207777,0.760163117021211,-0.6606057274668113,-0.06814634241416079,0.1488526768668757,-0.373324678006151,-0.4975859099109613
3.3999999999997366,2.53709050783456,-0.5873017737304606,-0.7194162773835924,0.7177242667544684,0.7665090228439478,-0.7385529120934132,-0.016676670456741753,0.048747376616653675,-0.41967280671711804,-0.6185352367965362
3.4199999999997344,2.551525144464212,-0.6019689610657205,-0.7292355350087426,0.7176766322320303,0.7485977570419182,-0.7169245974745788,-0.005722508368030804,0.24298601453608365,-0.4311619595421607,-0.41362729826953654
3.439999999999732,2.5656532498320845,-0.616931589079978,-0.740821544081289,0.7168808877356907,0.7329240758466392,-0.7335581850282547,-0.0898970253855445,0.39423886371422917,-0.3577234311826355,-0.7583674204150976
3.45999999999973,2.579512517011389,-0.6316982092494937,-0.7480369817806138,0.7133533749516177,0.7564868646415794,-0.7028785259248421,-0.2362443243916182,0.3126227897291921,-0.5399423798982167,-0.2917360871110953
3.4799999999997278,2.592846294760479,-0.6462431053058906,-0.7575496827795939,0.708980869213455,0.6971735620628343,-0.7908221323613104,-0.12157756959481564,-0.413126242129017,-0.15211244256885753,-0.7053313374830448
3.4999999999997256,2.6063422100135134,-0.6614972568617429,-0.7712533560524658,0.7078441845709612,0.6961950123996037,-0.810677153848123,0.014243286393861916,-0.41292119469907196,-0.06153221958144886,-0.6323077451372008
3.5199999999997234,2.619813815419853,-0.6768910338301929,-0.7826005957514044,0.7095073437019975,0.6594810284574003,-0.7795946139391257,0.13396226831424746,-0.1335069051226792,0.18244369841495167,-0.46649970723427886
3.539999999999721,2.6330899278760107,-0.6922250967739421,-0.7916122510328325,0.7132329271386338,0.6371929856653837,-0.7679432340705504,0.2137801392109826,0.007062714122844552,0.3814062159520503,-0.3800906334256904
3.559999999999719,2.6464591819140892,-0.7076375940141978,-0.7997988919741645,0.7180705669858805,0.6420008988793595,-0.7713456736722831,0.24240124509931568,0.034343701768073456,0.45884601700538263,-0.3660644450621887
3.5799999999997167,2.660114726909477,-0.7231623433390372,-0.8080633802286437,0.7229199849621603,0.6565013909775226,-0.776375007081539,0.21530768208010054,0.023664779542066618,0.4605435916318362,-0.3911911454782405
3.5999999999997145,2.6739649458642254,-0.738812640459443,-0.8164341305040766,0.7267191472551604,0.663295734358003,-0.7914898520704648,0.1422095788487172,-0.05920217014024657,0.41674934521183526,-0.37364721946446694
3.6199999999997123,2.6876994924492443,-0.7545607384283884,-0.8258485367882412,0.7285609708790463,0.6633924470322242,-0.8210009512168918,0.029255138184012795,-0.21882182488875726,0.3032272700252421,-0.41153984705187174
3.63999999999971,2.701208119536643,-0.7698512329882498,-0.8358998479884038,0.7267370734312534,0.6621975208496063,-0.7804544382783735,-0.20845013344236363,-0.18580493544552462,0.12466871401658351,-0.5140581503768062
3.659999999999708,2.7136620788930865,-0.7837473251203498,-0.8409208235781607,0.7213915402082401,0.5997309845477423,-0.652609502002494,-0.24712474251650177,0.2578386472122954,0.005082363018956846,-0.047963554281045116
3.6799999999997057,2.726060796042892,-0.7979116348469737,-0.8459691813739534,0.7184522530393879,0.6604861906366648,-0.7619378856961501,-0.06670039987608004,0.08919793440204668,-0.38099653473605344,-0.49060753523820627
3.6999999999997035,2.738640800571981,-0.8140235813829404,-0.8577625206797449,0.7177655314761409,0.6579952163273003,-0.8379977217911307,-0.013237341857144053,-0.00761231866956108,-0.4153764801260451,-0.6358475985261036
3.7199999999997013,2.750934588765414,-0.8305738794784424,-0.8677626489862333,0.7178138656359039,0.6429162892434536,-0.8164102613187258,-5.731729413001492e-05,0.17537208414176159,-0.4560093127981065,-0.414643848240496
3.739999999999699,2.7628756478890883,-0.8474138666504487,-0.8792183090794237,0.717163958448179,0.6251993309959478,-0.8330813269324203,-0.08203677113295749,0.3353572421235764,-0.4043903546029771,-0.7613777213752997
3.759999999999697,2.7745679593910304,-0.8640561552545009,-0.8866608297314137,0.7137877039957277,0.6511349036308909,-0.8028068062013971,-0.23346920086579281,0.2543207555629202,-0.5781002285631386,-0.28342722935723574
3.7799999999996947,2.7858099289497296,-0.8803424772463744,-0.8958155877365891,0.7093670966122804,0.5828232992489444,-0.8803468006337362,-0.1260229419076276,-0.42036077536969096,-0.10252367098209549,-0.6929586610052338
3.7999999999996925,2.797062161343438,-0.897352945296971,-0.9092210716283463,0.7081236620492095,0.5768428763442183,-0.9024601265403149,0.009285587233457937,-0.4311852013933756,-0.0044944435333868354,-0.6233152291577372
3.8199999999996903,2.8082740083013626,-0.9145134941041552,-0.9204951066172355,0.7097076520406792,0.5460403872599249,-0.8673931989854328,0.1308420356322703,-0.1270270087978311,0.19424220883859733,-0.46659605774330154
3.839999999999688,2.8193079288528176,-0.9315766941210174,-0.9295181588611503,0.7133802930160208,0.5255501741217317,-0.8511958881469746,0.21153572451531863,0.045590219235531124,0.37197837168983483,-0.3821951691678761
3.859999999999686,2.830423012987874,-0.9487098459863389,-0.9377329392413069,0.7181788419893576,0.5298990248662315,-0.8539988972817667,0.2408318296699082,0.08768665862211301,0.4443863629677138,-0.3679556871509463
3.8799999999996837,2.8418096327472187,-0.9659794598509385,-0.9459997612685287,0.7230029548041587,0.5440163855875371,-0.8601712957621404,0.21447528087842221,0.07980914861738192,0.44567922899364626,-0.3906186048556327
3.8999999999996815,2.8533811720739313,-0.9833873537067103,-0.9543318491182946,0.7267878740167711,0.5491213507443774,-0.8749240616296299,0.14172901088999898,-0.0037942465385318244,0.4135253612246599,-0.3720552281276933
3.9199999999996793,2.864835365400828,-1.0008655065680139,-0.9637130531528754,0.7286307728600668,0.5455647528899376,-0.9033030416495219,0.02994989934508139,-0.1741184997142197,0.3253275380215367,-0.41269789942673263
3.939999999999677,2.876134686758523,-1.0178864193189867,-0.9737159983654663,0.7268428529168156,0.5512911398870993,-0.8652424796696416,-0.20616873280358747,-0.17169845889419286,0.14081573575021245,-0.5114733570617909
3.959999999999675,2.8865933106177977,-1.0333845755096407,-0.9788093954493113,0.7214969530143075,0.5052472444895317,-0.7311574877751312,-0.24926603797277408,0.24374043118009459,-0.03016206795289953,-0.05214105919691885
3.9799999999996727,2.8969531708003897,-1.049095415767336,-0.9842443973590645,0.7185084969116239,0.5503808303042232,-0.8431791595146261,-0.06897531891766798,0.038077883788768176,-0.3844459972332185,-0.513516465220194
3.9999999999996705,2.9071979658107034,-1.066760517408431,-0.9961021536940707,0.7178253694112747,0.5349538585675063,-0.9198432708066445,-0.009790012973454604,-0.06616164080033327,-0.41021074029002014,-0.6194629715360428
4.019999999999677,2.9170629896703666,-1.0848406841732847,-1.0057546588881185,0.7179737291897944,0.5222601982518633,-0.8962923683072287,0.005601527001681571,0.11339725530777833,-0.47420138554402397,-0.4032172202761256
4.039999999999684,2.9265387247817523,-1.1031525702654437,-1.0169842918551595,0.717432457918387,0.5025725030274949,-0.9111566517407831,-0.07702316483720946,0.27545327951056064,-0.4460291668474443,-0.7503515751288599
4.0599999999996905,2.935816351447152,-1.121248368670199,-1.0244500116266648,0.7141633868253935,0.5345708671485289,-0.8847355169804133,-0.22855567445790712,0.17149205869863146,-0.6106622456544308,-0.2753736139996796
4.079999999999697,2.9447508772316673,-1.1389386104134862,-1.0331648176696095,0.7097423086421428,0.45991968476953743,-0.9516322385519036,-0.12926023346744345,-0.42179466931839293,-0.060021401130324864,-0.689951322301574
4.099999999999704,2.953597848885429,-1.1573381732057533,-1.0465954458301872,0.7084019918354306,0.4495272322697007,-0.9728349363467618,0.004006043462639167,-0.41749743787120364,0.04956375159483374,-0.6314439185833202
4.119999999999711,2.962388235297073,-1.175888731049371,-1.0579778239627626,0.7098746023626219,0.4244517192309215,-0.9345877846900275,0.12546350987630422,-0.09284011531482454,0.20537012633418528,-0.4682237140570674
4.139999999999717,2.9710262938017893,-1.1943208258944185,-1.0670099544803267,0.7134390636326038,0.40657434021896754,-0.9155800472686828,0.20649509880345182,0.10227739210735445,0.36057312558654037,-0.3801610052520478
4.159999999999724,2.9797408797060725,-1.212833640369069,-1.075179935632618,0.7181432602465995,0.4104117688216845,-0.9190331164308012,0.23660597166958852,0.15366366292459877,0.4294678727472202,-0.3647722869372238
4.179999999999731,2.9887076951926805,-1.2315219985073869,-1.0833865349368919,0.7228914486884335,0.42343432094022265,-0.9272647586191426,0.21105897837181098,0.14555875353636155,0.43409615948535263,-0.3868828879811228
4.199999999999737,2.997839287441609,-1.2503764314227424,-1.0916230665291184,0.7266153928980612,0.4263313150024713,-0.9429172233906316,0.1389552973557569,0.05641786733930025,0.4155424233829952,-0.3653291801480583
4.219999999999744,3.006843589893825,-1.2692883680967328,-1.1008730480794775,0.7284066615904548,0.41869778916501976,-0.9709765252236496,0.027471529996768284,-0.12666930086298328,0.3531723682409061,-0.4048912599407759
4.239999999999751,3.015762886869823,-1.2877134980698202,-1.1107205341255826,0.726561868151767,0.42886761680410174,-0.9336419323728612,-0.20958425806580497,-0.1524095539302046,0.17383980229163293,-0.502019245051171
4.259999999999757,3.0240610943719863,-1.3045222375797696,-1.1153888437706718,0.7213308502377165,0.40599005485806444,-0.798521611965407,-0.2396975210248079,0.23286905539079913,-0.0789667329008307,-0.08180704259678251
4.279999999999764,3.0322426719735085,-1.3215974054216282,-1.12163051762214,0.7184656542160204,0.4314939038541335,-0.9155566414197237,-0.06594231679109555,-0.017766121792905834,-0.3692993020103724,-0.5472589050474976
4.299999999999771,3.0400061739205193,-1.3405750319373657,-1.1335843854244299,0.7178515067289654,0.4037028583557506,-0.9869302602372982,-0.0050985151541582015,-0.11802539238212878,-0.3825631642071371,-0.5957081610750581
4.319999999999777,3.0473349330882855,-1.3598820786236563,-1.1428386074399677,0.7181073603897645,0.39538558425651216,-0.9598848851198059,0.011383014082593877,0.060151417261262795,-0.47532476127298445,-0.3817429703594901
4.339999999999784,3.054249899367349,-1.3793679186525287,-1.1537859826988444,0.7176699520082569,0.37392923259175,-0.9740407440943901,-0.07258835560769861,0.21511230744315904,-0.4717442832676965,-0.734429738772118
4.359999999999791,3.0610155235394396,-1.3986203285726662,-1.1609954676571599,0.7145021700843658,0.4127244481172394,-0.9522322092697127,-0.2235087311655749,0.08577050807985233,-0.6316337471195737,-0.2608941160879496
4.379999999999797,3.0675149189862405,-1.41741583795869,-1.1695816860202621,0.7101174902704768,0.3289922520685626,-1.0065784970996503,-0.1302457478825917,-0.41470993082693186,0.0013409144774428616,-0.6956974409722443
4.399999999999804,3.073835007146858,-1.436881826411738,-1.1831670026145216,0.7087275114210565,0.3160196637257938,-1.0253173333511871,0.00045189734768613307,-0.38956853634140676,0.10636205817995598,-0.6423949990820343
4.419999999999811,3.0800818274227426,-1.456495559816912,-1.194692517885234,0.7101272959384479,0.29708711171847585,-0.9854351076203773,0.12200379544487201,-0.05505133867926762,0.21166231651445036,-0.4726150350098837
4.439999999999817,3.086201647091118,-1.4759852642645412,-1.2038062323648546,0.7136257961803751,0.28227419563921236,-0.9651431311303607,0.2036557044644864,0.1534756231354556,0.33875203335113363,-0.38268183985776993
4.459999999999824,3.092390113237862,-1.495573366667121,-1.2120211324060335,0.7182764924518531,0.2855172722154733,-0.9695456770975724,0.23433921617814799,0.2108063366407323,0.40219559157437307,-0.36603031827140964
4.479999999999831,3.098806892751793,-1.5153755935277722,-1.2202439863661945,0.7229822309609533,0.29734518077041744,-0.9799242638780905,0.20917234651608427,0.20082776109306497,0.4092941801478932,-0.3866736460753129
4.4999999999998375,3.1053701819877144,-1.5353689424239065,-1.2284741769758944,0.7266702696164479,0.29846484854189054,-0.9961015901591528,0.1373738840124039,0.10803358745881303,0.4036649053064316,-0.3648273663788568
4.519999999999844,3.1118067385428008,-1.5554045222288495,-1.2377177798409664,0.7284352731929153,0.28727732010832235,-1.0230836821990446,0.026502804340696278,-0.08338699964441404,0.3687917662064444,-0.40547513338280106
4.539999999999851,3.118220561554855,-1.5749446279635024,-1.2475838371293368,0.7265744519828624,0.3023696506387364,-0.9877997629129834,-0.2104006335370613,-0.13679309383528238,0.1928764977943021,-0.5024041417258093
4.5599999999998575,3.1242454653753855,-1.5927989982528588,-1.252539047617793,0.7213190691406164,0.298163668584117,-0.8503538337384364,-0.24136322997217974,0.21405672619266616,-0.11035006087820115,-0.10197635302912093
4.579999999999864,3.1301193656755615,-1.6108967869766908,-1.259062238941899,0.7184172725807766,0.3076684509461868,-0.969541046863216,-0.06792016617241922,-0.07389202872598864,-0.3635857614339032,-0.5590142951841963
4.599999999999871,3.135319939556879,-1.6308169503671195,-1.2711994693025879,0.7177716979074134,0.2725376905024007,-1.0339735006803736,-0.006110668624333971,-0.1680964104177068,-0.36847164683815414,-0.6130094973164925
4.6199999999998775,3.140044096424562,-1.650988714595326,-1.2803152494972836,0.7180423958563448,0.26479407940639327,-1.008026053372985,0.013790413003457612,-0.013917182024713398,-0.4831263216948151,-0.3651663422984309
4.639999999999884,3.1443229749124573,-1.6712680805139912,-1.2907551804271638,0.7176749509966238,0.24046668330182008,-1.0181567574749382,-0.06883595052211786,0.1423929444265432,-0.49791724925690106,-0.7188742958462252
4.659999999999891,3.1484401494773406,-1.6913085971122976,-1.2979959637274419,0.7145707191357815,0.2800884955730105,-0.9994568348605306,-0.22392012791231455,0.007663593073054399,-0.6389862814055187,-0.2537708266654115
4.679999999999898,3.1523534442778156,-1.7108564933366115,-1.3063876608139389,0.7100863777452363,0.19025260116775602,-1.0441702322158475,-0.13701644951918784,-0.41446182489840416,0.048352387507114195,-0.6918548719809096
4.699999999999904,3.1559749545945164,-1.731032109066289,-1.3197537286457177,0.70859314281583,0.17445638796146795,-1.0617273743700675,-0.002472034347641353,-0.39126268584325363,0.15283463945478903,-0.6330919032528164
4.719999999999911,3.1595090284423213,-1.751345497796344,-1.3311134458884948,0.7099729975962666,0.1613612155587947,-1.0197919206963808,0.12277372502314571,-0.05022913534253251,0.21322660290203038,-0.46525268903536876
4.739999999999918,3.1629380716951787,-1.7714987913461608,-1.3401460211685952,0.7135007979646845,0.14946133970867787,-0.9955763454854563,0.20579215274282892,0.18199354702920598,0.31169754169073166,-0.3811624562628923
4.759999999999924,3.166423912932208,-1.7917327892306432,-1.348326685007165,0.7181985213724029,0.1523862576447004,-0.9990134796501571,0.23699042413708543,0.2517020988403629,0.3648382496928981,-0.36502895619025866
4.779999999999931,3.1701113079631957,-1.8121937082314068,-1.3564993420613753,0.7229585067071835,0.1631181865934792,-1.0101795470721693,0.21210830922915053,0.2441430122739057,0.37078392056976955,-0.3835002352402301
4.799999999999938,3.173926290054793,-1.8328518012033097,-1.364697671807558,0.726700713788689,0.16269695678694898,-1.025208763143426,0.13990459049285636,0.15692758622900657,0.3754516421929092,-0.3656503369807006
4.819999999999944,3.17761772388474,-1.8535225420547154,-1.373976924637874,0.7285116416213834,0.1483431579607799,-1.0493305660614214,0.028679992949829487,-0.03174621977305017,0.36653987195846977,-0.41070403270879646
4.839999999999951,3.1813500052059718,-1.8737047885041915,-1.3839979807431915,0.7267021386356233,0.16873000820356157,-1.0177739032500364,-0.20766240507488135,-0.10984095515319323,0.19589047513918845,-0.5116391188158601
4.859999999999958,3.1849131724395563,-1.8921795458840835,-1.389213932015606,0.7213171586064119,0.1792318885464937,-0.8782075745418394,-0.2513295773398031,0.1985915141662719,-0.12801796034126778,-0.06884685811660479
4.879999999999964,3.188285555386373,-1.910815378958404,-1.39501968983413,0.7182995607093206,0.17617698354880845,-0.998661253925481,-0.06999017919370032,-0.1288922110401272,-0.3731443820109252,-0.5400554047681494
4.899999999999971,3.190762307564296,-1.9311870171804053,-1.4070649547450567,0.7176289898181758,0.13283277229072205,-1.0588359939142398,-0.006133454124490675,-0.22438494017955707,-0.3675615944946401,-0.618014975157701
4.919999999999978,3.1927189465917554,-1.9517471928020447,-1.416305599709027,0.7178905098552995,0.12695446672371863,-1.0316320534746104,0.013019579352741771,-0.08490915784448749,-0.49243634555913246,-0.37211884157017483
4.939999999999984,3.1942083272965207,-1.9723400986474173,-1.4268337845858647,0.7174948523210839,0.10093312217716494,-1.0368786384452529,-0.07052437071353178,0.07113147742896848,-0.5231205933923274,-0.7182049087766119
4.959999999999991,3.1955687079869532,-1.9926710994925803,-1.434006941047272,0.7143458263354635,0.1416350405483164,-1.0266484031816723,-0.22311959892702443,-0.09272976905493285,-0.6316936391225213,-0.2605667187787376
4.979999999999998,3.196772233090513,-2.0124926434163806,-1.4424773076413564,0.709991685513807,0.04699457814191105,-1.0571437420550487,-0.12784893205205783,-0.40523479252828837,0.10395414258673766,-0.6905065453628902
5.000000000000004,3.1976417394990473,-2.0329274261373884,-1.4559573407122544,0.7086653264416117,0.030440829414434503,-1.0723994842405429,0.004303435265859272,-0.35446674577444426,0.1962727479039935,-0.6375498367450545
5.020000000000011,3.1984038636486622,-2.0534822685210137,-1.4673591436687632,0.7101310851942294,0.022286460000441474,-1.0280122905395659,0.12495765676813224,0.00032641269497887815,0.2128707517704411,-0.4668600398884766
5.040000000000018,3.19907203393901,-2.0738723145571716,-1.4763694414889996,0.7136745653877468,0.013084752080866256,-1.0037476432607748,0.20530271623186971,0.23877023177211387,0.2820207325670458,-0.3784964520218599
5.0600000000000245,3.1997779178097328,-2.094366674336678,-1.4845148717229002,0.7183450128540269,0.015014286123583073,-1.0084155872279832,0.23469734493667568,0.31246861750540533,0.3276761553364986,-0.36328891112838013
5.080000000000031,3.200644459401545,-2.1151209993204994,-1.492697196099066,0.7230454114594516,0.023472399299455615,-1.0211756899699604,0.20835547435895269,0.3056473707638333,0.3369803065104543,-0.38556669209746774
5.100000000000038,3.2015938354080995,-2.1360906970490188,-1.5009477286882928,0.7267075163179543,0.01961866619288677,-1.036861196956526,0.13569824473394815,0.21466632627184173,0.35710100622507457,-0.3669726925067559
5.1200000000000445,3.202397246223449,-2.157056735042986,-1.5102241397701401,0.7284125480830279,0.0009127543204972416,-1.0593790217569576,0.022384549629509982,0.020501988506940724,0.37263566664408193,-0.4046207433694593
5.140000000000051,3.20331477725426,-2.1774959582483047,-1.5202311290463526,0.7264332072425745,0.025115934879100386,-1.025654007927434,-0.21719174496593188,-0.06612265910197805,0.21622127642762007,-0.5094783387795326
5.160000000000058,3.204315135205836,-2.196210241229531,-1.5247379761861537,0.721146746019379,0.061284884143688365,-0.8955696919704381,-0.2383833156486702,0.1761762048598528,-0.18818669600624507,-0.07842866057542917
5.1800000000000646,3.2050734271042587,-2.215209340023123,-1.5304571615567126,0.7183230892137027,0.034548687267357464,-1.0185153838158016,-0.06395674408870948,-0.1892917873016044,-0.3465636876664135,-0.5237091403476437
5.200000000000071,3.2047145993954773,-2.235779603221367,-1.5421905644900786,0.7177040773087443,-0.013112866031861032,-1.067742511349312,-0.006734731191552528,-0.266144147337695,-0.3295738250339956,-0.601949312464626
5.220000000000078,3.203863160548129,-2.256443401558835,-1.551224825486217,0.7179102579094687,-0.013823071443272847,-1.040101682587186,0.008307403192072309,-0.1438293816363871,-0.47266045939461515,-0.3647570026934609
5.240000000000085,3.202547402221338,-2.2770848714833116,-1.56203926305782,0.7173716654209177,-0.03888476857016926,-1.0419274580698148,-0.07916167239907844,0.003912334423918251,-0.5260345024794518,-0.7173372934598204
5.260000000000091,3.2011994839308575,-2.297420555762002,-1.5687903287063953,0.7140534792048657,0.004268145333885222,-1.0391128438584534,-0.2270668191960139,-0.1903774176728617,-0.6039925656698313,-0.2567126288128707
5.280000000000098,3.1997233099856106,-2.317210666298595,-1.5776093271069265,0.7097269918646384,-0.09735041698075661,-1.0522965091632268,-0.12426734312437135,-0.37580201710962513,0.1753988987163677,-0.7092368266725599
5.300000000000105,3.19783257622007,-2.3375835870171917,-1.5914588942140941,0.7085072500635456,-0.11436885399206191,-1.066556932359989,0.009314645490208169,-0.3147151107176044,0.24361997498617757,-0.6499067052248858
5.320000000000111,3.1958145570867376,-2.358054880185649,-1.6030619184826838,0.7100611363055792,-0.11668314011395957,-1.0207315856736927,0.12841336644036883,0.040693344983069396,0.2096155465642946,-0.4770177803951517
5.340000000000118,3.193719210044299,-2.378352060432051,-1.6122487228601732,0.7136637385342585,-0.12271037594899702,-0.9966948285004674,0.20765324577643712,0.2780415488185514,0.2454451739047069,-0.38701351240172455
5.360000000000125,3.1916453345830953,-2.398767722443861,-1.6205393247600337,0.718368915298217,-0.12139286808318482,-1.0023534232407572,0.23585363755158217,0.35142044436424225,0.2801956697223997,-0.36982064840628226
5.380000000000131,3.189694747098904,-2.419466295949102,-1.6288299751737108,0.7230798114772583,-0.11481561486088823,-1.016385217100794,0.20837651335767626,0.3430636720631099,0.2904323453458919,-0.3910892762371282
5.400000000000138,3.1877983856427607,-2.440387807437668,-1.637265476937355,0.7267353096784986,-0.12066400017110715,-1.031662167901076,0.13529387290709327,0.2541256671160905,0.3226089839266194,-0.3803322458382177
5.420000000000145,3.1857579785743897,-2.4612814984454774,-1.646778561327548,0.7284157121667519,-0.14230185897296163,-1.0512844302910695,0.020652770594617228,0.06229486002974079,0.3625200972527497,-0.4164129915970562
5.440000000000151,3.183925882697704,-2.4816408457609005,-1.6570876073684127,0.726377945032594,-0.11330328586750033,-1.018489956897888,-0.22043936041112916,-0.03545417576171132,0.21832060292208103,-0.5284704757717187
5.460000000000158,3.1823911055681897,-2.5003113416750464,-1.6618198751898878,0.7210763480724384,-0.05909013069160734,-0.8961831600945922,-0.23733175303603798,0.1462814309954452,-0.2195697247038519,-0.08421627679369177
5.480000000000165,3.1805216077814817,-2.5192748090793873,-1.6673321049962393,0.7182693781839682,-0.10674848171754675,-1.0162388688778594,-0.06389586463222946,-0.24485289564463042,-0.3178472870892628,-0.5091142172654234
5.500000000000171,3.1773955041261632,-2.5396023082842283,-1.679157469647558,0.7176206337626106,-0.1464539257597635,-1.0530651755208797,-0.00915915702931301,-0.2992395086200572,-0.32033126118091915,-0.65064925518426
5.520000000000178,3.1737975971309114,-2.5599412673785467,-1.688098158014655,0.7177889344844163,-0.1558089329158766,-1.0293670217653843,0.006438093065063393,-0.2245254297759619,-0.44305630542405605,-0.34143689022071955
5.540000000000185,3.1696677348774336,-2.5802030850353073,-1.6991762246345699,0.7171716484421442,-0.17928007954989644,-1.0257480843294802,-0.08408466867931927,-0.07171418458749151,-0.5204832189664916,-0.7181236177194131
5.5600000000001915,3.165595063295095,-2.6001147401109916,-1.7055781200081428,0.7137293043042172,-0.13650999689315305,-1.0269701859664664,-0.23291445793091875,-0.2762638060790328,-0.5621021801619952,-0.2408649760966804
5.580000000000198,3.1614473856644976,-2.6194802205820666,-1.714689226613085,0.7093268564643346,-0.24113444591399064,-1.0283854796730532,-0.1257191008955875,-0.35646204778430113,0.23607855856794088,-0.7243955481086275
5.600000000000205,3.156786599402275,-2.639379398948058,-1.728462027420098,0.7081487703839648,-0.2601961841540387,-1.0403443718056875,0.013374400979596184,-0.2957424734420491,0.294887398148663,-0.6321594864034823
5.6200000000002115,3.1519860774819763,-2.659333904457593,-1.739774820840509,0.709802892447537,-0.25607823071146346,-0.9920605426437622,0.13375394785029981,0.06319081259327672,0.21408384158305882,-0.4642264462880776
5.640000000000218,3.147138900327465,-2.679079937631012,-1.7488061621789057,0.7135137840590157,-0.2581536762110091,-0.966429216214813,0.2126895539993767,0.30763862254597835,0.21394821935026911,-0.3830050860023717
5.660000000000225,3.1423052758335377,-2.6989353236104403,-1.7570424776187423,0.7183131350664069,-0.2568029094375003,-0.9720264613011165,0.2399567274567972,0.3838894021286838,0.23321096373497663,-0.3686562906851366
5.6800000000002315,3.137562306602923,-2.719080162680094,-1.7653065484389676,0.7230962597043642,-0.25169281818444533,-0.9865234341653415,0.21148907454910448,0.3757978786154922,0.2406748591118558,-0.39012610892228816
5.700000000000238,3.1328432947073925,-2.7394444505291258,-1.7737063800552235,0.7268022399750012,-0.25948544322334055,-1.0003292637959886,0.1372245215485915,0.2920826547614894,0.2817555846215006,-0.3775937367824794
5.720000000000245,3.1279845028286966,-2.75975074617856,-1.7831546144318744,0.7285007881593238,-0.28334633681914606,-1.0161050146262234,0.020648149480254688,0.1087111410157183,0.34327125896782934,-0.41222142092404546
5.740000000000252,3.123401369056803,-2.779550852591989,-1.7934267346405548,0.7264449806930129,-0.24942082930985143,-0.9871307470682886,-0.22163044232319154,-0.0029745484681831663,0.21021115727217762,-0.5249580926658222
5.760000000000258,3.119358855766557,-2.797733251735162,-1.797799288161214,0.7211428746763897,-0.17837114965111045,-0.8756111188814675,-0.23614114543797476,0.11058476729124284,-0.25057887294173586,-0.06226237344673658
5.780000000000265,3.1149543495234733,-2.816177882725746,-1.8029539335084899,0.7183524755190124,-0.24189510201744904,-0.9880521229745144,-0.06321930742508934,-0.29233353438276266,-0.29236310402029264,-0.48909177617813815
5.800000000000272,3.1090848389681947,-2.8358122433683084,-1.814350784417551,0.7176826508491333,-0.2968347127014475,-1.0209324711625487,-0.013019909058947881,-0.34854479986254006,-0.2578960134708791,-0.605762689499196
5.820000000000278,3.10274914163989,-2.8554070545617,-1.8235686994110496,0.7177157845215183,-0.29017163607878654,-0.9949068883984781,-0.0019760549401671235,-0.27083989519479407,-0.4228073467026813,-0.3763538714866887
5.840000000000285,3.095959594037743,-2.8748507450899616,-1.8348553555008467,0.7169392512472365,-0.31313042384768836,-0.9884302848570051,-0.09140057535038247,-0.14039394249091908,-0.5165876685168289,-0.7226651263858291
5.860000000000292,3.089287298223014,-2.89395082739286,-1.8413217475573378,0.713371554968892,-0.27294788373852874,-0.9966380249078249,-0.23378693723153152,-0.3463992415464504,-0.5129748373081758,-0.2730737581239037
5.880000000000298,3.0825655905095526,-2.9124841472577616,-1.8507186987802662,0.7090649909658345,-0.37859617870936646,-0.9817631462974784,-0.1190668166181697,-0.3132775824541474,0.2943055123416505,-0.7204871367941976
5.900000000000305,3.075275284103258,-2.931507516121996,-1.8646766942526989,0.7080150973921999,-0.39708611870778737,-0.9915817777889301,0.01859566491465055,-0.23693340300714522,0.3296553622801102,-0.644422308725451
5.920000000000312,3.0678445639242335,-2.950568508998196,-1.8761971038061243,0.709743221557717,-0.3864178488212341,-0.9441830220180668,0.13596280937089508,0.10937375225778516,0.1969797662844336,-0.4753747342286454
5.940000000000318,3.0603859762358008,-2.9694289287426052,-1.8853862327893347,0.7134807003840654,-0.38576719289519446,-0.9200379548568794,0.21312254733341715,0.34406022382637214,0.16553601509718102,-0.3896270794606221
5.960000000000325,3.052914641592816,-2.9884149184652364,-1.893736329213444,0.718276278084237,-0.38585228412877143,-0.9265093660188868,0.2391098967412071,0.4191139250552453,0.17656330425406935,-0.37397967367389867
5.980000000000332,3.0454842374217472,-3.0077059691035575,-1.90211206339923,0.7230329303265962,-0.38341838569731024,-0.9417035103668484,0.20964827658265264,0.41185539031477825,0.18725336038434776,-0.3964588450584504
6.000000000000338,3.0380377482927425,-3.0272189089752506,-1.910676211156449,0.7266992550779978,-0.39382769630372155,-0.9547443683421335,0.13510429975832242,0.33231909063176185,0.2420607753040577,-0.3869108880497923
6.020000000000345,3.030450456740372,-3.0466541772943505,-1.9202847957118683,0.7283438253300475,-0.42029777589953976,-0.9672815909325799,0.017398935192744228,0.15548758221931228,0.32871415161757167,-0.41807120903900424
6.040000000000352,3.0232331983695313,-3.0656059584089936,-1.9307088230685245,0.7261995809658829,-0.38198082104767955,-0.940192175931028,-0.2265630916410525,0.036846452234980814,0.21116963893128826,-0.5350965339554576
6.060000000000358,3.016775633902507,-3.083045641871319,-1.9349141105839995,0.7210487768255647,-0.2942103824727939,-0.8477669225015543,-0.22386157816027422,0.05922324953577492,-0.28675930093744906,-0.09923557560928165
6.080000000000365,3.009829267818114,-3.1007827952263227,-1.9404640856705888,0.7184154912493871,-0.3789998968855911,-0.9472103127604673,-0.05923594572236343,-0.3217858395930556,-0.2430744594013443,-0.4955081092190474
6.100000000000372,3.001328401429625,-3.119430392452448,-1.9519350694381037,0.7177966129903683,-0.4231081869597275,-0.9683424161806606,-0.010360729393398188,-0.35804216235517444,-0.23671565148088933,-0.6325606118781077
6.1200000000003785,2.9923990640182403,-3.1379621844497834,-1.9606612565001973,0.7178939073685952,-0.4256722494777238,-0.9441901477477281,0.0008960887206048195,-0.3195690444877266,-0.37052469072740263,-0.3396649438822775
6.140000000000385,2.9830155070524764,-3.1563011549539994,-1.9720332923107353,0.7171337266952669,-0.44440458806146843,-0.9367205976010063,-0.09192295995485891,-0.19514350756582508,-0.49085494426065096,-0.7449725342526969
6.160000000000392,2.9738120340873757,-3.17431594380256,-1.9784635210758093,0.7135485195858955,-0.406599655822421,-0.9502740442404075,-0.23476892065337365,-0.410095723478627,-0.4555654376101472,-0.27025765470613117
6.1800000000003985,2.964620509593953,-3.19175554312392,-1.9879684567376437,0.7092005090261151,-0.5094544644749104,-0.9202208926282947,-0.1218610393704928,-0.2633306512189397,0.33694529947474333,-0.7293580046968572
6.200000000000405,2.9547957900930166,-3.2095934214503363,-2.0020338611238078,0.7080908099834862,-0.5289957295266996,-0.9271796739412603,0.015392140716668687,-0.1859584971907227,0.35729089690606347,-0.6466609559040545
6.220000000000412,2.9448236819915365,-3.22744627998542,-2.013566765688417,0.7097623714465181,-0.5119641752370533,-0.8819032229890094,0.13355720204660376,0.13545535820181745,0.1769374049281589,-0.4735177422033884
6.2400000000004185,2.934846417975494,-3.2450966400279775,-2.022723717228471,0.7134639371778184,-0.5083839765775492,-0.8581053226661522,0.21202855262245918,0.3628429121790933,0.11436577751947198,-0.386894999462831
6.260000000000425,2.924832551392404,-3.2628703417953524,-2.031018440646654,0.718251610658287,-0.5097690789021438,-0.8645485291643621,0.23946298911754094,0.43881520513102834,0.11616761532760314,-0.37031275983742484
6.280000000000432,2.9148126672027495,-3.280954991057199,-2.039320012675866,0.7230290353954656,-0.5096077967617637,-0.8801527285200328,0.21136437629422092,0.433136638011131,0.12820873207119554,-0.39182910339465254
6.300000000000439,2.9047457156870853,-3.299264460520562,-2.0477741122710644,0.7267392737934129,-0.5213691984564988,-0.8918076909619759,0.1376396587156427,0.36286692508497753,0.19188810006647541,-0.3812807095515224
6.320000000000445,2.8945528411763846,-3.317488629309244,-2.0573076823168903,0.7284606056043096,-0.5490792456925065,-0.9011572499039167,0.02229639585421005,0.2012915112634255,0.3030180025717016,-0.4165794271062389
6.340000000000452,2.8847392995353194,-3.3353027277686955,-2.0676927182814606,0.7264435985399651,-0.5087072257695281,-0.8831026838041846,-0.21913160563632003,0.054464455633134526,0.2001654019811848,-0.5346646295980584
6.360000000000459,2.8759092865446534,-3.35172071796257,-2.072252877504856,0.721159935129686,-0.40859383949572586,-0.7948492326690189,-0.23654293458583964,0.03851160113387801,-0.2775220029942054,-0.05843175123975684
6.380000000000465,2.866668956613731,-3.368281048396907,-2.077172840210027,0.7183348629457807,-0.49989528516656745,-0.883687781830245,-0.06539693309842669,-0.3525168035999185,-0.21129595797693268,-0.47234001814899795
6.400000000000472,2.8557212361530726,-3.3855783775254364,-2.088603357719343,0.7176034634366137,-0.557489200092339,-0.9024020536655852,-0.017828696576244092,-0.39441443349239835,-0.16772983893068183,-0.6449198638654686
6.420000000000479,2.8443378984590626,-3.4027322539318803,-2.0981375571025525,0.7175460573323221,-0.5503363131112535,-0.880230995799908,-0.005617055756611191,-0.37893225320868396,-0.32425106773229806,-0.3799301158096697
6.440000000000485,2.8325216336027967,-3.4196314548530244,-2.109662078598246,0.71673776950558,-0.5698599831250404,-0.8685311669796325,-0.09085276628495675,-0.27274913588235355,-0.4626445028539253,-0.7514101567411788
6.460000000000492,2.8208867812658847,-3.4362271566399323,-2.1168130617957006,0.7131776957528209,-0.5330705186680708,-0.8836767653335679,-0.23756629551904024,-0.4633782465178557,-0.4201146704119241,-0.28788445254470757
6.480000000000499,2.8093404770092962,-3.4522010490181616,-2.1262175001514914,0.7088015384017458,-0.6342037986483271,-0.8400503225508632,-0.12078632022027266,-0.22715215262599847,0.37659477108896533,-0.6999446139341692
6.500000000000505,2.797121686350785,-3.468475423891083,-2.139814675377304,0.7077261880556603,-0.6537085000118791,-0.8449640996791978,0.018613510806377895,-0.15013611816420375,0.3950062997523853,-0.6291426829051268
6.520000000000512,2.7847666490559866,-3.4847544179975642,-2.151085734365427,0.7094837605660607,-0.630370600847145,-0.8024355868095351,0.13879953135507136,0.1438335414318433,0.17133901563915782,-0.46566136304962513
6.540000000000519,2.7724400070804727,-3.5008223867320822,-2.16009363844798,0.7132978654198978,-0.6228428196292769,-0.7781360664518326,0.21777060858093633,0.36501251968579895,0.0724932487247513,-0.38210877506313473
6.560000000000525,2.7600676806618747,-3.5169917768127026,-2.1682966761607556,0.7181991459327725,-0.6244208837306914,-0.7835231471551727,0.2449485268173319,0.4433319595911588,0.05949788872377503,-0.3673856445418262
6.580000000000532,2.747654123637204,-3.5334588451831714,-2.1765499347771917,0.7230827317474661,-0.6259271864258726,-0.7985671697790425,0.21650053816594775,0.4408869263713339,0.06936204592654381,-0.3907240101092306
6.600000000000539,2.7351671198772554,-3.5501360292206523,-2.1849878284233566,0.7268908772207189,-0.6387270890161986,-0.80804213962466,0.1422344843472186,0.38189346483488074,0.13879994435486842,-0.3816965398904651
6.6200000000005454,2.7225702346716347,-3.566709179202271,-2.1945708818708654,0.7287049446853142,-0.666996558507465,-0.813364397471278,0.02688259091969886,0.23901918714416828,0.26782091650099676,-0.42187137092534566
6.640000000000552,2.7104017627168493,-3.5829500463538255,-2.204986510184528,0.7267961776923534,-0.6259445039097474,-0.8023982911071381,-0.21334351099315216,0.07776833392266039,0.19107895454365714,-0.5357139909906431
6.660000000000559,2.699380671288317,-3.597934978384706,-2.2098753417770274,0.7215618912540909,-0.514875148051967,-0.7264687031213944,-0.2368867245688361,0.012565089196161222,-0.2766916217261231,-0.06888672188331597
6.6800000000005655,2.6879627723029014,-3.61298026792507,-2.2152918019124224,0.7187082242832445,-0.6154333659402749,-0.8005009636491508,-0.0673365384157477,-0.3583086370020709,-0.1688881706990414,-0.4949955811651111
6.700000000000572,2.6747587767070127,-3.6285149710151243,-2.2270616310309252,0.717946197497813,-0.6732171945421143,-0.8123315068349137,-0.019008424092982673,-0.39802041617692585,-0.12347253842225656,-0.6722583373785329
6.720000000000579,2.6611124441500587,-3.643852435003994,-2.2366755610493465,0.7178736036074558,-0.6686814699390464,-0.7911674524207158,-0.006319696711851669,-0.4104259684676203,-0.2627406992721605,-0.37893588123275523
6.7400000000005855,2.6470880883652224,-3.6588913560369916,-2.2479683227545326,0.7170560944707846,-0.6844884267458049,-0.7773078911929201,-0.09150389284732705,-0.32399827443226736,-0.41806103701030817,-0.7539732816037524
6.760000000000592,2.6332694737416302,-3.6736591207214584,-2.2551409998675576,0.7135005978499297,-0.6504452096869523,-0.7989071080023713,-0.2373284441418395,-0.5132565057104583,-0.3508401986420933,-0.2890889217718255
6.780000000000599,2.6196307872403675,-3.6878561175476716,-2.264582340171727,0.7090988015597061,-0.7438344854172918,-0.744192009372464,-0.12295746474071709,-0.17232580298450717,0.4028166600763594,-0.7069063630626671
6.800000000000606,2.605287992180814,-3.7022736012997055,-2.278310454009807,0.707943987241499,-0.7634253595716186,-0.7457348650252517,0.013664168567132848,-0.0886590417602716,0.4042432641375222,-0.6353427309149013
6.820000000000612,2.5908040037467908,-3.7166832761593325,-2.289648588796581,0.7095994516765947,-0.7347346805125576,-0.7074055036986798,0.133880406320967,0.17009471280110505,0.14093837829616582,-0.4653930598070959
6.840000000000619,2.576366089238279,-3.730896840334648,-2.2986323661350485,0.7133257114541482,-0.7246802773354468,-0.6845446986074605,0.21407384185210426,0.37733094498799435,0.014369236592535688,-0.3788500226505518
6.860000000000626,2.5618540609939253,-3.74521007397097,-2.306779406930819,0.7181704476773654,-0.7279383098265322,-0.6895920329104904,0.242930954946931,0.45668516456267166,-0.006822967244071998,-0.36413068205812127
6.880000000000632,2.547246576640262,-3.7598176769953207,-2.3149871423794797,0.7230311806826003,-0.7321524306336114,-0.7044252516815293,0.2159802357493642,0.4581658283923057,0.0046867396369505016,-0.3884066480800211
6.900000000000639,2.5325271769213495,-3.774631731642701,-2.3233444284250035,0.7268435335461484,-0.74654426682791,-0.7123776795712273,0.14284407954671713,0.4101434003999007,0.08309724378155428,-0.37600279075604215
6.920000000000646,2.5177043309825593,-3.789340924103551,-2.332834525024156,0.7287016118851527,-0.7759238480586179,-0.7145619063230023,0.03022171022652715,0.28736518871378786,0.23485429367439054,-0.4173780526983947
6.940000000000652,2.503311272220563,-3.8037930743651955,-2.3430418864798996,0.7269028566717414,-0.736251974043435,-0.7113187606760732,-0.20697665264188692,0.10883371431681114,0.190083380372636,-0.5221791243984316
6.960000000000659,2.4902428509283334,-3.817119553848967,-2.34831165263483,0.721560943675566,-0.6127016216703958,-0.6410115186302843,-0.24805162060177965,0.018043323371950207,-0.2585141114027357,-0.05499089641549637
6.980000000000666,2.476925618987949,-3.830401018276386,-2.353579025147178,0.7185779392692936,-0.7158317978499884,-0.706920343877175,-0.06938715683577124,-0.37065438271861484,-0.12208835271863441,-0.49632268200213564
7.000000000000672,2.4616885187968185,-3.843976891216732,-2.365540636956554,0.7178300981509088,-0.7895630177739713,-0.71136323308236,-0.01781231406683993,-0.40945894785411197,-0.03135764620216054,-0.6735566865636737
7.020000000000679,2.4459755346325753,-3.857305691130534,-2.3757821684295304,0.7177885267866405,-0.7751442676571393,-0.6935216667875718,-0.003647634759723941,-0.4440776386922353,-0.19518385121983683,-0.41222322869787925
7.040000000000686,2.4299292722349453,-3.870277640982447,-2.387103195056772,0.7170929794600844,-0.7912551523737145,-0.6755113476994666,-0.08312729319751641,-0.3836842873523394,-0.3583838817887655,-0.7488450743154922
7.060000000000692,2.414082617204962,-3.8830036088367104,-2.3946263023789847,0.7137202272330355,-0.7579061247627383,-0.7015783959977685,-0.23264334617903187,-0.5631658165998947,-0.29286635245437803,-0.2857610588963405
7.080000000000699,2.3985486720735927,-3.8952484509976193,-2.4038052218644315,0.7093023918934952,-0.8423282536667128,-0.6368388279414019,-0.12623213087632412,-0.12702762867230283,0.4158430647841955,-0.6951254437976311
7.100000000000706,2.3822817401134526,-3.907550718315257,-2.417313527057928,0.7080482479273549,-0.8640205102345672,-0.6328897899179842,0.008673617459485469,-0.031079322284646785,0.42650154254447187,-0.6295219433100153
7.120000000000712,2.3658637905952595,-3.9198281620904196,-2.428648647076316,0.7096192361717374,-0.8308296210918491,-0.6000921113234398,0.13032721403078765,0.18491912499749952,0.13341130077811103,-0.46740969962318185
7.140000000000719,2.3495286871878447,-3.9319220331724156,-2.4376683470178393,0.7132832427248046,-0.8161300943790049,-0.5784584596663322,0.2113197770352412,0.37403185842638664,-0.028015513390714605,-0.3809546114086973
7.160000000000726,2.3331233981100423,-3.9440993836257023,-2.4458571435730176,0.7180816755649384,-0.8190021631476305,-0.5827340339689152,0.24106820162085998,0.450611002648724,-0.06490978055122588,-0.3663724847431473
7.1800000000007325,2.3165933237429455,-3.9565543311429394,-2.4540993946273595,0.7229151544465376,-0.824594008701948,-0.5969958617949677,0.21513411132360338,0.4530829596495447,-0.05630642002783337,-0.3894412076380738
7.200000000000739,2.2999313783635325,-3.9692012694543517,-2.46241243965788,0.7267175208479326,-0.8392924997368887,-0.602899805549176,0.14268771314673764,0.41678191263971853,0.025872895811387853,-0.3711274339067326
7.220000000000746,2.283187118891729,-3.981736015847441,-2.471794629344745,0.728586966097916,-0.8681572021484575,-0.6011951681612718,0.031476109239707534,0.3186984056452445,0.19151514323670077,-0.4131523321723429
7.2400000000007525,2.2668780173388,-3.994083916729836,-2.4818133888656257,0.7268383017242956,-0.8304529309095257,-0.604857975991087,-0.20396720881523825,0.13195208065215358,0.1790767747104666,-0.5122284336834915
7.260000000000759,2.2520405607274,-4.005505810326147,-2.487008353408077,0.721513192192845,-0.6988426450509553,-0.5504045566046344,-0.24924027993558542,-0.012136615967773413,-0.24857755004853854,-0.05698748892151635
7.280000000000766,2.237001391634108,-4.016840485436855,-2.49252247650015,0.7185096226502378,-0.8066676735635655,-0.6022066871832085,-0.07009287303334417,-0.376757330348538,-0.07009934950318317,-0.5142079289227445
7.3000000000007725,2.220004819283749,-4.028190006877249,-2.504505389897266,0.7177896492436376,-0.8853631500890641,-0.5926097678883423,-0.013405300198675448,-0.40491178366877045,0.037819258028135974,-0.6374331311239281
7.320000000000779,2.20255814057646,-4.039200182012916,-2.5144222169816306,0.717865935637836,-0.8632660762683162,-0.5789694161234206,0.002979739032367798,-0.4638413995508101,-0.14278763225592483,-0.4079232231062093
7.340000000000786,2.1848686396576618,-4.049832634539923,-2.5252939604500426,0.7173087010704997,-0.8786750462906359,-0.5585648227793562,-0.07670307236002365,-0.4271221443315731,-0.30007710809638916,-0.7335885893754567
7.360000000000793,2.167362828003314,-4.060239027068107,-2.532886517571114,0.7140671515709274,-0.8506039249682735,-0.5908648529919747,-0.22683906171387774,-0.6003986486396808,-0.21420310442886908,-0.2954576572382317
7.380000000000799,2.150249572709512,-4.070251968847461,-2.5419406233767603,0.7097198712837269,-0.9225968653865597,-0.5168690968953357,-0.1253217462265028,-0.07277319709115716,0.4195445511965792,-0.691591632075557
7.400000000000806,2.132417869486945,-4.080227195424178,-2.5555619576969457,0.7084311511949486,-0.9433734645666109,-0.5092431101088353,0.005233568933066939,0.031092154823033874,0.41252619957045245,-0.6415103537723121
7.420000000000813,2.1144278226002475,-4.090163069543617,-2.567101089588223,0.7099155104818741,-0.9073224120652761,-0.4822639147544993,0.12548523151260263,0.20062476347544766,0.09776141373340895,-0.4756592489540832
7.440000000000819,2.096530013376281,-4.09993956892206,-2.5762333142776366,0.7134776348758041,-0.8906076434149561,-0.46327688509492077,0.20626221458023408,0.36511755680771923,-0.08388600684166338,-0.3838115187411154
7.460000000000826,2.0785425220769125,-4.109794341611192,-2.5844723798789975,0.7181755351488711,-0.894474581737726,-0.46705382930496314,0.2362707229393016,0.4382576009211332,-0.12897681473860273,-0.36761563809016456
7.480000000000833,2.0603869548837532,-4.1199096100393495,-2.5927469577491262,0.7229163163006563,-0.9023434826153172,-0.48044301772423653,0.21068383268658505,0.4436116441431321,-0.1193046428197268,-0.39057778669270693
7.500000000000839,2.042070564549291,-4.130200088398197,-2.601081244289057,0.726635239051291,-0.9181901370171496,-0.4844171710325565,0.13893773514773403,0.41998829836999657,-0.029905761172986073,-0.37146115251149947
7.520000000000846,2.0236838817405203,-4.140370200963675,-2.610444125916352,0.7284343243703205,-0.9470901688203867,-0.47874220789092425,0.028277912366384304,0.3462101421055521,0.15126331219216427,-0.4103019133108987
7.540000000000853,2.00576971885217,-4.15042062934786,-2.6203570238772596,0.7266138695967714,-0.9094695028668962,-0.48660863988048064,-0.2079268072774243,0.1631725102942308,0.16718549004722338,-0.5053014677230818
7.560000000000859,1.9894438868228812,-4.15972503616972,-2.625462362549299,0.7212429389053003,-0.7711089843032912,-0.4498319287177152,-0.24998340549816986,-0.03771689640439259,-0.23906716830945263,-0.05669743405208065
7.580000000000866,1.9729105924420203,-4.168914048926642,-2.6309789403562447,0.7182635681849135,-0.8875903078382612,-0.48759450713044034,-0.0679727679397089,-0.38055416453009644,-0.002090549548353582,-0.5231392191475506
7.600000000000873,1.9544191438269851,-4.177854735790533,-2.6430586053581204,0.7176084628111339,-0.9662292569247093,-0.46503105023735763,-0.008136230502159586,-0.3982907450579574,0.11594121206605981,-0.6090505656975345
7.620000000000879,1.9355394885492785,-4.186371933113384,-2.65256902522375,0.7178089547245233,-0.9371662202099121,-0.4558235180466376,0.009237914259807769,-0.48293912543104345,-0.07523765538290511,-0.39576930993390375
7.640000000000886,1.9164747292091378,-4.194472076232195,-2.663632131225227,0.717355742833093,-0.9515223970046801,-0.43318596291105016,-0.07222372262415064,-0.4670168882824348,-0.23420637637970845,-0.7361488970095428
7.660000000000893,1.8976322799998364,-4.202393790725481,-2.67099158478947,0.714186148374079,-0.9277604443427584,-0.46992952321707265,-0.22386439304270442,-0.6303218229444794,-0.1186736268105131,-0.2718357130576857
7.680000000000899,1.8792303618540582,-4.210016264579275,-2.67972340537635,0.7098210182497522,-0.9867451839369143,-0.3887901606506275,-0.12819501653464152,-0.02806132433487578,0.41897647775409097,-0.69561412471043
7.700000000000906,1.8601421693436944,-4.217492086891535,-2.693346450497477,0.7084940506906909,-1.0071954509931609,-0.37723689248252085,0.004224272101376417,0.07822170561538469,0.4067252708671476,-0.640481025305874
7.720000000000913,1.8409068351016837,-4.224900152570105,-2.7048749214195635,0.7099678327541368,-0.9675938065310099,-0.35524322454652685,0.12540870165674942,0.2072350168370264,0.07538943738211105,-0.4732052295898796
7.7400000000009195,1.8218017932899486,-4.232165024009219,-2.7139988038594085,0.7135265758025334,-0.9472723495761826,-0.338791105075935,0.20614929385275516,0.3476033541714372,-0.1289986043549913,-0.38340714260840925
7.760000000000926,1.8026138721825733,-4.239499918051519,-2.7222302339381144,0.7182185977536404,-0.9509013209411645,-0.3423106763166794,0.23593162356612662,0.41293645662008216,-0.18423861772272865,-0.36676701121473276
7.780000000000933,1.7832343384355895,-4.2470732869426,-2.7304756030390815,0.7229483099673688,-0.96009452556752,-0.35468289559807153,0.21003867352841168,0.4183572854641254,-0.17515985605620282,-0.3881037805319643
7.8000000000009395,1.7636796501977499,-4.254798209277956,-2.7387368521715034,0.7266492538096976,-0.9760040327706718,-0.35634999869135325,0.13792948181340262,0.40721558154486776,-0.08298116106570823,-0.3659940667571765
7.820000000000946,1.7440800817026492,-4.262390556810139,-2.7479788524869804,0.7284132548476405,-1.0033142291506458,-0.34638931558936065,0.02599186595014262,0.35950277729773283,0.10500174908269662,-0.4037335571060314
7.840000000000953,1.7250052778807126,-4.269954942289099,-2.757863467688017,0.7265275078497967,-0.9653738978312765,-0.35894330097485766,-0.21202158690918982,0.18550549502564773,0.14127573011692285,-0.5061822855120207
7.8600000000009596,1.7075625075876975,-4.2769927516520765,-2.7625407498442405,0.7212778645400212,-0.8310245772703463,-0.34698010726336814,-0.2395029980191594,-0.09789327448881184,-0.2180836246650386,-0.06932758013991393
7.880000000000966,1.689787390049617,-4.283864729065908,-2.7682135402791648,0.7184131367437772,-0.9530698438409458,-0.3601505421566834,-0.06663043103607108,-0.36252149995024124,0.05796548236009248,-0.5235420150708245
7.900000000000973,1.6701954731432218,-4.290204480163032,-2.780177994282121,0.7177643786739428,-1.0125892697838506,-0.33597404297940253,-0.007401953330175199,-0.38711659500353257,0.12933065173905897,-0.6342257608794513
7.92000000000098,1.6503449197470634,-4.296115763780791,-2.789243833470344,0.7180002557611929,-0.9912269472703561,-0.3234391128263294,0.01139005468663316,-0.4859355591825505,-0.011658417410529087,-0.35650712054719463
7.940000000000986,1.6303402260511948,-4.3015685667642405,-2.8001096069490816,0.717544265383011,-1.0009759440729504,-0.3011878447960235,-0.07428808663989012,-0.4912912232346862,-0.1767152607194339,-0.729426577572329
7.960000000000993,1.6106166267857296,-4.306889001391572,-2.807122356739488,0.7143217329301269,-0.9815456068495192,-0.3403499017956021,-0.22630972597971166,-0.6352082252654248,-0.03160553468374156,-0.2500444211968798
7.980000000001,1.591371899135225,-4.311966531220959,-2.815822783351039,0.7099143453013009,-1.0292130601682512,-0.252791684631108,-0.12986181011689854,0.03185651498771199,0.41607154264254936,-0.7061374936206071
8.000000000001005,1.5714637151282678,-4.316816133286051,-2.8294056701104062,0.7085771269531165,-1.048163438089246,-0.2387722049141408,0.004270827003521761,0.13035960455939063,0.3940858969788203,-0.6344026806503089
8.020000000000994,1.551422471221571,-4.321576176075321,-2.8407933019264484,0.7100591262298284,-1.0057962892552577,-0.22217577711397304,0.12608609540557722,0.21509888372316777,0.049738134322071886,-0.466915517850647
8.040000000000983,1.53153249729195,-4.326215026606742,-2.8498359777513054,0.7136327410785053,-0.9835447577880707,-0.2089190278086906,0.20693732475330295,0.32662096969512405,-0.17029895646072257,-0.38120268007928726
8.060000000000972,1.5115520865701155,-4.330918023893964,-2.8580195079517656,0.7183373402203391,-0.9876560315784527,-0.21232299309438837,0.23643759973436382,0.3825481325758934,-0.23249360065618033,-0.3648780283616434
8.080000000000961,1.4913507082589468,-4.335836706523819,-2.8662037164854466,0.7230720867153227,-0.9984456574148743,-0.22367240130176783,0.21011680731651003,0.3877796035840872,-0.2231620365553963,-0.38476711041990275
8.10000000000095,1.470957891763095,-4.340889107506595,-2.874437743398812,0.7267679283401285,-1.0141400863401704,-0.22372035830085524,0.13743805978465912,0.3877556404374848,-0.13192282629589028,-0.36726560371538386
8.120000000000939,1.4505430643800283,-4.345809086634932,-2.8837074341217313,0.7285132707727967,-1.0394951954938116,-0.21033294881576883,0.02477697905348435,0.3653233874797671,0.059253882906986965,-0.40642113310271316
8.140000000000928,1.4306553351207325,-4.350762630698693,-2.893692229735571,0.7265981912567784,-1.003396445644817,-0.22792911026623516,-0.21357976939914416,0.196537171495643,0.11664916846969937,-0.5110449080790974
8.160000000000917,1.4124414862180903,-4.355432198876145,-2.898307099022719,0.7213343901454126,-0.8699848892700281,-0.23479573526097455,-0.23955735262683314,-0.13775189943008384,-0.19872950778544246,-0.07678922109694138
8.180000000000906,1.3939363557766071,-4.35990869770985,-2.904165151007277,0.7184694679964094,-0.9911660516978622,-0.23305710785057834,-0.06650269781683349,-0.36483687584092744,0.11060067672480445,-0.5324517700735211
8.200000000000895,1.3736968633556565,-4.363589391606636,-2.9160461980063057,0.7178237233308269,-1.0513333468506822,-0.1930648625590226,-0.007259106738030315,-0.36218659097173617,0.20034468917839393,-0.593380591646657
8.220000000000883,1.3532656994724628,-4.366797890129241,-2.925231370133215,0.7180368886011036,-1.0218406804157787,-0.1909758460770456,0.009539325623253634,-0.49206424743402993,0.042876185497783,-0.3778768881609019
8.240000000000872,1.3327635723050544,-4.369556129686604,-2.936133738349876,0.7175557357108824,-1.0302533771652014,-0.16586897082929997,-0.07505752386919193,-0.5166899639320016,-0.1065545111691999,-0.7221234635132462
8.260000000000861,1.3125496839231359,-4.372199977057065,-2.9431021705341305,0.7143134402268864,-1.0154375692388113,-0.20609780568817526,-0.2272415819413074,-0.6325538356386861,0.051081167380706984,-0.25204319311830836
8.28000000000085,1.2928522707871553,-4.374646960204987,-2.9517140198893417,0.7099031079804674,-1.0512956760160956,-0.11182789702556155,-0.12952840891021844,0.0899989321807821,0.40997288826201594,-0.6994449704657831
8.30000000000084,1.2725211408286832,-4.376781205936624,-2.9652234936500146,0.7085782622870799,-1.0687580371214496,-0.09594518941098873,0.00508325351713804,0.1833103835560904,0.377411398367507,-0.6341999280779418
8.320000000000828,1.252068867981852,-4.378811893676559,-2.976598852284815,0.7100724752992756,-1.0243853451126277,-0.08523737964455537,0.12647657787882013,0.22041216336723618,0.02463395792151342,-0.46758572600196524
8.340000000000817,1.231788102028926,-4.380742756105997,-2.985647190039759,0.7136476088522168,-1.0001414087525984,-0.0751950956212945,0.20669245848996484,0.30019295318971595,-0.20949990352816722,-0.38204770174498826
8.360000000000806,1.2114155499205193,-4.38272587222114,-2.99384388817235,0.718341208164582,-1.0043507250369215,-0.07818278882024023,0.2356182314781073,0.3459111424567762,-0.27918060171666403,-0.36574187811497616
8.380000000000795,1.190800058791038,-4.384893460347591,-3.0020371448354695,0.7230544311608917,-1.0163317795504971,-0.08800982335076775,0.20885626344534738,0.3515423844610868,-0.2708920561197336,-0.38527054028902236
8.400000000000784,1.1699813477529961,-4.387166886792592,-3.0103026994362416,0.7267187750214676,-1.0315706038238708,-0.08591110334517241,0.13557544783604317,0.3629920933316238,-0.18188681878480395,-0.37011003206575543
8.420000000000773,1.1491663934511143,-4.389302583931861,-3.0196373387156017,0.7284110271493611,-1.0543559015190476,-0.06902056084724241,0.02144034467571563,0.36501848934670833,0.008698083079906174,-0.4098545729239521
8.440000000000762,1.1288835471680478,-4.3915340995204994,-3.0297698979110974,0.7264110608037991,-1.0194221532661776,-0.0913872266945064,-0.21825983027431836,0.20555097785227538,0.08221287797629799,-0.5198320034632766
8.46000000000075,1.1103036909124158,-4.393729913991808,-3.0342463764516916,0.7211132171534272,-0.8896224919236326,-0.1189074620135444,-0.23840688924803533,-0.18053058368169073,-0.1810935368393078,-0.06274458419328563
8.48000000000074,1.0914087484860766,-4.39568038004295,-3.0399409645398126,0.7182922292553936,-1.013119380455164,-0.09839035030716106,-0.06374959284349084,-0.3615251723032423,0.16959647536632966,-0.5327154580513996
8.500000000000728,1.0708963910102887,-4.396597237106442,-3.0517944514966535,0.7176750762979571,-1.0670294322452856,-0.047725181991270384,-0.006697060803995238,-0.3373851991502492,0.2577734125467015,-0.5752198137732477
8.520000000000717,1.050255900072991,-4.396979158340952,-3.060632715870686,0.7178734079850518,-1.0345862321328616,-0.05170214584961713,0.007700311938662106,-0.49032968576972225,0.10555302635670245,-0.37253672654823033
8.540000000000706,1.0296427807014752,-4.396956234037763,-3.0716321794263624,0.7173304418787878,-1.0386614909904572,-0.027241314825181197,-0.07900753578611178,-0.5344936479133966,-0.04215560323981493,-0.7279471277183609
8.560000000000695,1.009345452808445,-4.396867659354942,-3.078442433969018,0.7139991225484955,-1.0317480355663888,-0.06697897383979676,-0.22749688984904015,-0.6107936804122674,0.1443943999972988,-0.2610363252335071
8.580000000000684,0.9895818573104042,-4.39661509472251,-3.087224928144892,0.7097070743208427,-1.053323653044723,0.032017716932065184,-0.12100199504744516,0.15322354640212407,0.3950551924375497,-0.6996191535770733
8.600000000000673,0.9692023854065274,-4.39599528224038,-3.1008534287342493,0.7085525551697698,-1.0685278956860522,0.048308177544160696,0.012384884140315206,0.229590113255006,0.3403380155658722,-0.6383413921379394
8.620000000000662,0.9487258733773819,-4.395257425902539,-3.1122765094359375,0.7101527038653538,-1.021981430038644,0.05336223658020264,0.12988959473454564,0.21865362854157733,-0.021417836336964258,-0.4706275293301031
8.64000000000065,0.9284281976393834,-4.394435035607213,-3.121346661160973,0.7137715540365659,-0.9978616589946496,0.06048828986924709,0.20768315885400312,0.2670264978620431,-0.2584396522043233,-0.38256877164541536
8.66000000000064,0.908019005161141,-4.393645775821844,-3.1295565864669865,0.7184674756029802,-1.0031891515531013,0.05842166455210027,0.2348354476491583,0.3037635503693794,-0.33047888657455765,-0.36645012300593005
8.680000000000629,0.8873387650790548,-4.392999877034952,-3.137786234271222,0.7231510960728169,-1.0165471990076107,0.050810658047206456,0.20668776792301893,0.31177456876900134,-0.32254940239870356,-0.38831781933456366
8.700000000000617,0.8664419616462892,-4.392419845249622,3.1370317955997136,0.726766066886317,-1.031902652989328,0.055844170915312165,0.13288004150589616,0.33712238925020754,-0.23287114670704326,-0.3759674080029912
8.720000000000606,0.8455690774867081,-4.391688966901295,3.127608750650188,0.7283851816923841,-1.052405940525647,0.07648048891164062,0.01694278951723429,0.3635079737320887,-0.04049247233817539,-0.41056435167537836
8.740000000000595,0.8252458769877024,-4.391141590991154,3.117407104331572,0.7262634708956873,-1.0172015168070732,0.04955699638376333,-0.225054651664543,0.21732605880519257,0.04354900819356328,-0.5196062300856563
8.760000000000584,0.8065977563271269,-4.390800895009944,3.113360307568977,0.7210873148879089,-0.8993560812303719,0.00029513197962122064,-0.2269805040014572,-0.2348226418048032,-0.14850187345119076,-0.09723631217445153
8.780000000000573,0.7875660662195106,-4.3901377623237545,3.1072717556022598,0.7184070837681009,-1.0191088889292759,0.042997608166126425,-0.06069381331989258,-0.33030122155257174,0.21936998807197863,-0.5289870947070842
8.800000000000562,0.7671210275537621,-4.388241890836355,3.0956206911430626,0.7178001448772734,-1.0592457694125212,0.09182031853472071,-0.00849645470823493,-0.3100824209985657,0.2792623949245925,-0.5931686957310252
8.820000000000551,0.7466449323996724,-4.385866346675677,3.0867990909738077,0.717943930866514,-1.0318828429343647,0.08988637325039327,0.00406327741890402,-0.4624127818602478,0.16995429223909336,-0.356718834806716
8.84000000000054,0.7262274166671169,-4.383067138887628,3.0758260665273127,0.7172936903385551,-1.0319922256494642,0.11223695679756224,-0.08565952375144752,-0.5296037533039284,0.026617632028800964,-0.7260472586007083
8.860000000000529,0.7061641286792413,-4.38026992694347,3.069379441733629,0.7138241931799755,-1.0290826760670235,0.07167551875618673,-0.2337017553529338,-0.5778016622368504,0.22477168133251196,-0.2503551732043848
8.880000000000518,0.686665929955617,-4.377357466569324,3.0604871286291213,0.7094374040655461,-1.0369471609035095,0.1753721680893744,-0.1241568695961485,0.21788571456970438,0.3680307945015277,-0.7110986953272125
8.900000000000507,0.6665911350617436,-4.373979096506431,3.04679403192763,0.7082746483670106,-1.0514529178273162,0.19344614070027125,0.013555903138455191,0.28086632623080565,0.3151459440225047,-0.6377933203864325
8.920000000000496,0.6464374554102255,-4.370468298921294,3.035387750674975,0.7099218607961297,-1.0038941716784913,0.19198974422454074,0.13293673134872894,0.21934610621432304,-0.04357448688709882,-0.47133749606779496
8.940000000000484,0.6264834666338094,-4.366900270929415,3.0262821339573245,0.7136102411488038,-0.9785592501300431,0.19541198463132295,0.21135155893738375,0.23263527550182822,-0.2858292589907033,-0.3862566986143418
8.960000000000473,0.6064208417980423,-4.363354721304765,3.0180238111458673,0.71838018449753,-0.9840262003970303,0.193618466300422,0.23850612322254194,0.25660139331440146,-0.3606695147325775,-0.3692625739654327
8.980000000000462,0.5860737850804066,-4.35991974817654,3.0097812405926736,0.7231351907641818,-0.9982091813630116,0.18749123892281208,0.2102313355537313,0.2636553652448662,-0.3527285121404762,-0.38881210391258764
9.000000000000451,0.5655057812758388,-4.356531157706766,3.0013467251931605,0.7268160923895088,-1.0123225536774316,0.19353558004766724,0.135948945854164,0.29680722781368046,-0.2705924729770801,-0.38448817058629753
9.02000000000044,0.5449848220221709,-4.353008115376976,2.9917371883749375,0.7284949532076004,-1.0294683875226756,0.21598489593890755,0.01991802617391768,0.3464763277183945,-0.08649725658021948,-0.42374581106342607
9.040000000000429,0.5249751249204768,-4.3497322670037075,2.9812568537964643,0.7264405688080048,-0.999692922050323,0.1846793565042134,-0.22133078903738135,0.21043752851947364,0.01929170041608251,-0.5348154505400723
9.060000000000418,0.5066064547800831,-4.346876067993536,2.976636300221383,0.7211239143176659,-0.8832305493334882,0.12189143535854002,-0.23743011004573902,-0.24157094254124611,-0.12829591717390948,-0.07358075850025834
9.080000000000407,0.48797084854896516,-4.343670027578802,2.971043531686251,0.718313992389175,-0.9984656942732165,0.177760266467072,-0.0636089686877835,-0.3133937231025616,0.26986484281222956,-0.5107609937582023
9.100000000000396,0.46806677966235116,-4.3390586333537104,2.9593719740137407,0.7176518317845912,-1.0349917585673483,0.23501502781072575,-0.011980425485470183,-0.27315414575181646,0.3346482775362008,-0.6013144977006799
9.120000000000385,0.44818527520550994,-4.333968227901114,2.9499140444020293,0.7177090319141692,-1.0071002314313497,0.22569521928799025,-0.00047955030374471387,-0.444025564820612,0.2400849375635795,-0.3916854966508117
9.140000000000374,0.42841671164995637,-4.328426705910823,2.9383755667517426,0.7169878894585512,-1.0038108007479571,0.25010712126478013,-0.08767844053645543,-0.528727592729058,0.10685126850391294,-0.7375939461592432
9.160000000000363,0.40898196983028035,-4.322949582212402,2.9315556721937193,0.7134920971714012,-1.0087481168823567,0.21117226518858548,-0.23058103494697882,-0.5364824403067819,0.30806356366977994,-0.2838706169504277
9.180000000000351,0.3901272129927826,-4.317390537869108,2.922534626438844,0.7092610617878422,-1.000814750333746,0.31628487346670947,-0.11544542736506716,0.2730660988885312,0.33829352368232296,-0.6940509423743221
9.20000000000034,0.37074440187271607,-4.311312264126993,2.90878476660985,0.7082419064205363,-1.0118401731039273,0.3338507906750017,0.01889087514497297,0.3153820899309759,0.2592986806223559,-0.6442206208584516
9.22000000000033,0.35130838327443825,-4.305099997592843,2.897279469030838,0.7099511507814122,-0.964255631007194,0.32603641792552773,0.1340980518484284,0.20273377498520848,-0.09318056554504708,-0.47511490510128584
9.240000000000318,0.33207018194525545,-4.298845585371785,2.888156866756487,0.7136395365041458,-0.9397930481778893,0.32695548557832066,0.21022862006025866,0.1853253979775027,-0.3305860401932753,-0.38479044881283
9.260000000000307,0.3127091841829654,-4.292583623269912,2.8799019948190283,0.7183744172687916,-0.9459099265922624,0.3268002698369085,0.23599338161846017,0.20137922197787972,-0.40741994967700906,-0.36893044622543053
9.280000000000296,0.29304820926248915,-4.286378836459327,2.8716033181322613,0.7230705957443867,-0.9607029905144872,0.32362862160914196,0.20669257831742663,0.21206694529500567,-0.4018551967082997,-0.3928318197555357
9.300000000000285,0.27316554136261495,-4.2801663120681885,2.863119659484979,0.7266795884613233,-0.9742147270554737,0.33356625025582065,0.13218835855040229,0.26229308565704307,-0.320154050855023,-0.38176765046784483
9.320000000000274,0.2533547001889591,-4.273802293389257,2.853597379629475,0.7282630745162604,-0.9881638982057936,0.3596149575976363,0.01407048220885146,0.3379819500007642,-0.13897516490544776,-0.4125553698456157
9.340000000000263,0.2340551800042374,-4.267781484088238,2.843209938941735,0.7260472745254782,-0.9578635611065266,0.32292416759496795,-0.2305346358527976,0.21435780201970978,-0.03301002638958944,-0.5324162054058885
9.360000000000252,0.21632425400058472,-4.262423999057664,2.8392246894190456,0.7208608456519804,-0.8606593288423633,0.24023909586738543,-0.22381602735753978,-0.2889169624687167,-0.08460923869559729,-0.0895226914468162
9.38000000000024,0.1982348746945316,-4.2565662143863525,2.8337222010002754,0.7182497113682239,-0.9683639544715326,0.3212300084351954,-0.05751675552832452,-0.26370971838220864,0.31453083032785456,-0.4979640353694284
9.40000000000023,0.17912353043594356,-4.2491814516222535,2.822348348134199,0.717651452072086,-0.9916335297401515,0.37006343520395746,-0.010097755838523891,-0.246339085631517,0.35214929115679605,-0.6095951357851729
9.420000000000218,0.16011665496783758,-4.241391648344672,2.8133871142524645,0.7177247983061192,-0.9665830256075876,0.3647560532658365,-0.0015891847454293758,-0.3996620453787684,0.2928708310045163,-0.3615197239333653
9.440000000000207,0.14127210787330605,-4.233169778800817,2.8018660393364607,0.7169126156278887,-0.9608247747361381,0.3851603534454048,-0.09472844871036812,-0.5048522088330694,0.1683007321997018,-0.7450827224911387
9.460000000000196,0.12277830593756275,-4.225097162736513,2.7956034055604366,0.7132596292261668,-0.9698037471557682,0.3481575737367314,-0.23753844360960905,-0.4736984165078068,0.3817309362303977,-0.2561041885452845
9.480000000000185,0.10486638067573412,-4.217002604499747,2.786301813330844,0.708911730793343,-0.9475305095723066,0.45176179451230664,-0.11965906438477901,0.3261699855574904,0.29177731279234503,-0.7192626393049084
9.500000000000174,0.0865076694351712,-4.208304344198866,2.7724889609362107,0.7078786927701852,-0.956122215924577,0.4712234087159644,0.02019564267197356,0.3560979291347125,0.21877784218697044,-0.6350103570961134
9.520000000000163,0.06813143892113703,-4.199463268706763,2.7611324928657863,0.7096495002485589,-0.9089091810202768,0.4566690933903977,0.13835097888215758,0.19551782367490644,-0.11862404300010702,-0.4689963445690405
9.540000000000152,0.04996687898357504,-4.190612643145987,2.7520499341564184,0.7134409870138246,-0.8845384036970463,0.4538752438802224,0.21596628198666815,0.1438445172054252,-0.35079524586765565,-0.38578390196841894
9.56000000000014,0.03168217534853252,-4.181742471188194,2.7437869459665274,0.7182978303766815,-0.8909480902474566,0.4541669391200211,0.24232396489818073,0.14702346749695075,-0.42575239202880083,-0.37000771529554666
9.58000000000013,0.013091052412889657,-4.172893276400049,2.7355078496955803,0.7231232054503305,-0.9062953470055787,0.45257541682766367,0.21333989551945706,0.15629748610578514,-0.4191459310544959,-0.39146261676100674
9.600000000000119,-0.0057233855727133,-4.164016724299885,2.727037558858059,0.7268639867466833,-0.918361069387805,0.4630620216255778,0.13871358160918582,0.2121378390243509,-0.3464151312694185,-0.3845354703686312
9.620000000000108,-0.0244557775975932,-4.155013403021402,2.717437500147648,0.7285954455692091,-0.9290482067607582,0.4897433320110847,0.022302235133753127,0.309938743422943,-0.17945897401882363,-0.42109454930003665
9.640000000000096,-0.04275632279507687,-4.146367769190521,2.706963219067558,0.7265768664161574,-0.908554381213108,0.4507653805551116,-0.21943363007475797,0.1998265608534248,-0.04145880509714964,-0.5368377321982275
9.660000000000085,-0.0596046186330917,-4.138610064177673,2.7023479450727517,0.7212919875294573,-0.8143935862829026,0.3565307302217287,-0.23627530040913314,-0.2787380372432663,-0.0576960763955089,-0.06634182129808561
9.680000000000074,-0.07661723989557571,-4.13046986070358,2.6969956509817026,0.7184755657988948,-0.9092396553961207,0.4412801719459108,-0.06461908336347698,-0.2373145609900457,0.3411323413851147,-0.48932648094497466
9.700000000000063,-0.09447468615908755,-4.120639062400851,2.6854933332158963,0.7177607030263742,-0.9306884443177839,0.5034466056082549,-0.017147402491339614,-0.18085856427688934,0.38664887764859196,-0.6274568903091744
9.720000000000052,-0.11221061047295296,-4.1103455829366125,2.675883695170686,0.7176950857674771,-0.9080177942728639,0.49300610310291315,-0.007104885365682871,-0.3499415262222588,0.35231290200480764,-0.39362152465191336
9.740000000000041,-0.12972500343839719,-4.099632823648594,2.6642825812791604,0.7168535933654684,-0.897856133938853,0.5132259145121866,-0.09275971897910054,-0.4787057777549502,0.24295489551456648,-0.7473783868065554
9.76000000000003,-0.14693726574284943,-4.089087416633535,2.6573129946863796,0.713276009745192,-0.9131874952672534,0.4775024569920154,-0.2340669726548175,-0.43360009363250923,0.43969072824512084,-0.2949526746219479
9.780000000000019,-0.16355690961266606,-4.07858011969784,2.6480448944513295,0.7089754080766754,-0.8763285123216893,0.578795251584806,-0.11818369532499237,0.35874196169669437,0.2478624365413917,-0.7010753233399563
9.800000000000008,-0.18053924056609433,-4.06742712650477,2.6342010699799023,0.7079184748339774,-0.8819906224810238,0.5977079755684686,0.017850791611515662,0.3714932252838304,0.1602266097228135,-0.6463077934314153
9.819999999999997,-0.19753573572302996,-4.056134083133352,2.622672101754198,0.709628042591463,-0.8382827697369579,0.5771090083118607,0.13515772765941345,0.16456730502278555,-0.1479356766857215,-0.47468060490056174
9.839999999999986,-0.21433100174760408,-4.044848305826816,2.6135500183608085,0.7133561616113239,-0.8145144189140292,0.5718295685543958,0.21311997647081404,0.08345660450922701,-0.3717099346989299,-0.38424669303041636
9.859999999999975,-0.23124285272613546,-4.033511797211385,2.6053075234829275,0.7181645170316795,-0.8203836558679773,0.5739285718070982,0.24036594681591833,0.07898681805420787,-0.4507996744276093,-0.3681461952714336
9.879999999999963,-0.24845961638288408,-4.022140902079664,2.597020751937137,0.7229608953867808,-0.8354749452550232,0.5752502498775789,0.21224361806069567,0.09140766777146478,-0.4493487320696162,-0.3921886917701266
9.899999999999952,-0.26589166761629485,-4.010696701748754,2.588574514921782,0.7266909494866652,-0.8458857451220849,0.5885283987141998,0.13852275181880333,0.16168331834394584,-0.3850761988190029,-0.37978608585246965
9.919999999999941,-0.2832258842280202,-3.999123944384412,2.5790418570641207,0.7284316611555604,-0.8530961994452785,0.6174163261997387,0.023101800804607206,0.28562613964968553,-0.2319443469776239,-0.41606860219555813
9.93999999999993,-0.30018025123853803,-3.9879572556181335,2.5686600783159395,0.7264308481948238,-0.8377443096899697,0.5759670886629974,-0.21840587135849976,0.19571009406375747,-0.07961811813463056,-0.5343130494709694
9.95999999999992,-0.3157923749248505,-3.977888640039945,2.5638971889031557,0.7211637545247354,-0.7556360350639045,0.4677606759766667,-0.23550620347103554,-0.28725240628778814,-0.03363069079111175,-0.07850109504668422
9.979999999999908,-0.33151823005044223,-3.967430202267813,2.558385055425143,0.7183699583517036,-0.8396097471913337,0.5650728286843562,-0.0632768808576979,-0.19124037808119937,0.359722549450491,-0.4985862560736914
9.999999999999897,-0.34787257389741283,-3.95516297462803,2.546685951975603,0.7176792937833507,-0.8536225201868639,0.6309514237165535,-0.01607675316340244,-0.12435261286395406,0.4008527968432003,-0.6371782227068231
10.019999999999886,-0.36405537982210817,-3.9424583846518084,2.5368752328237942,0.7176356543692121,-0.8330122443739832,0.6171916319743296,-0.00589523133689609,-0.29628274740808325,0.3927157338472571,-0.398114349863231
10.039999999999875,-0.37996338521139955,-3.9293519827032832,2.5252062134876545,0.7168185495648735,-0.8204177994840864,0.6366595049996937,-0.09139041167519574,-0.43810236908290767,0.30201662410702756,-0.756067320062166
10.059999999999864,-0.3955808332280138,-3.9164500154512467,2.518314940202726,0.7132549691813754,-0.8384965999234973,0.6011814753857461,-0.2376295847332542,-0.37891603531683565,0.4938424285309163,-0.2729471045958678
10.079999999999853,-0.4106013170596424,-3.9036803901784713,2.508951274804474,0.7088638917636415,-0.7883792120251311,0.6984245292562135,-0.12178669647110858,0.3937782906116548,0.19455640051957557,-0.7055496677545979
10.099999999999842,-0.4258778439193273,-3.8902173550223194,2.4952630155654743,0.7077584441940163,-0.7915429328068306,0.7180397182113865,0.016837074193009314,0.40148072588275363,0.1152544723559486,-0.6331090555469218
10.11999999999983,-0.4411507500220331,-3.876614308514755,2.4839452186289184,0.7094851814683568,-0.751228948636894,0.6915996134415482,0.1375819196676033,0.1544328986538267,-0.15915855482580088,-0.46605001629867226
10.13999999999982,-0.4562196382722156,-3.863049154241318,2.4749316684665708,0.7132841027251372,-0.7277012053448132,0.6826993820788906,0.21751992204799714,0.03989315617580823,-0.37244226713551687,-0.38147017892167634
10.159999999999808,-0.471388575218206,-3.849421642494399,2.46673740178339,0.7181907328185879,-0.7329100549313146,0.6852593447995715,0.24568790728270937,0.02248295538559903,-0.4510364046854545,-0.36676471347537826
10.179999999999797,-0.4868533950433595,-3.8357224787627016,2.458487971952625,0.7230983886177248,-0.7478698776844868,0.6882870086771535,0.2180438709801867,0.03351947942849947,-0.4504544752801539,-0.39060988864376617
10.199999999999786,-0.5025269006230421,-3.821929148193737,2.4500630706550273,0.7269458347450878,-0.7565759090931006,0.7019520780041755,0.14446455224303323,0.10821120353143873,-0.3972868301635225,-0.3807861480263862
10.219999999999775,-0.5180981007474189,-3.8080305746692216,2.440481926281336,0.7288256170249976,-0.760345053976493,0.7308092088512963,0.03098118242388033,0.25043386938643797,-0.26508099757615866,-0.42274046161071915
10.239999999999764,-0.533378221347855,-3.794547399241921,2.4301219214652527,0.7270283588079485,-0.7544546154243895,0.6906506549028678,-0.20700143441802668,0.19076294417752682,-0.09031485255041173,-0.5316876154832797
10.259999999999753,-0.5474711668103353,-3.782322178271967,2.4246677148188986,0.721689264705369,-0.6777045634053398,0.5720132390615257,-0.2480854505204445,-0.2597165039505401,-0.026814327909236296,-0.06361808496918459
10.279999999999742,-0.5615351582041717,-3.7698445942807837,2.4192345805084767,0.7186902337959664,-0.7490178066683743,0.6708463631994109,-0.0708905459350312,-0.1471144728473192,0.36511755865062795,-0.5029160930268787
10.29999999999973,-0.5759990350927812,-3.7554740209325885,2.4072304033582874,0.7179007705349063,-0.7574575894026205,0.7439128717114164,-0.020334656843071564,-0.05894351738988306,0.4086532138010215,-0.6735673246036753
10.31999999999972,-0.5902453324586225,-3.7406190700268436,2.3969025223128835,0.7177957357854156,-0.7389935287834771,0.7305616684447696,-0.007423057753408338,-0.22395305281724373,0.43221271806801265,-0.41891581062525896
10.339999999999709,-0.6041598611691179,-3.725410885442543,2.3854718229091154,0.7170131658601594,-0.721855557862651,0.7473799684341691,-0.08777018073488499,-0.38211840867505364,0.3617604158787593,-0.7500138476694308
10.359999999999697,-0.6178156089141412,-3.710390104153141,2.3780991830672704,0.7135519014649989,-0.747522624296273,0.7153150660075578,-0.2330791657857527,-0.3142941195010016,0.5437188501907775,-0.3013389141638394
10.379999999999686,-0.63095345269043,-3.6956156686478394,2.368720878115155,0.7092168285548931,-0.6861891700201792,0.802208270698723,-0.12115906355517023,0.40767363614031477,0.14400079060418874,-0.6975768636672682
10.399999999999675,-0.6442396471769993,-3.680129089734388,2.354938761190217,0.7080463388776157,-0.6849558974147087,0.8220326812536414,0.011369601935075854,0.4028736969863591,0.04978849321662754,-0.6429731085841421
10.419999999999664,-0.6575099197231083,-3.6644940611206174,2.343421933426114,0.7096407070481001,-0.6497065584314401,0.7911301021734588,0.1303174473253525,0.12133650423165143,-0.18432335355251284,-0.47309260239140594
10.439999999999653,-0.6705930863748125,-3.6489104292868206,2.3343359518594666,0.7132931950433129,-0.6277317523702706,0.7797401375443958,0.21037277475014607,-0.01996786539587205,-0.3804136553110127,-0.3813183577852143
10.459999999999642,-0.6837690641687678,-3.6332380726619067,2.3261294990113317,0.7180676530221407,-0.6322548459347845,0.7837414920295191,0.23962806322842622,-0.04649517153221844,-0.4597709158734682,-0.36619212753212943
10.479999999999631,-0.6972295664898674,-3.617441948143636,2.3178500838240508,0.7228679532288854,-0.6465670309944859,0.7893969486868887,0.21314588765245396,-0.034361847531915304,-0.46366468857157483,-0.3919324229613349
10.49999999999962,-0.7108832048120192,-3.601511711093189,2.3094796568926146,0.7266316130669767,-0.6531284105780452,0.8051746386646108,0.14084606655598741,0.052343519245140004,-0.4220038421923328,-0.37234149960585605
10.519999999999609,-0.7244218127703769,-3.5854796448229727,2.3000904708959538,0.7284558012399918,-0.6529335239768136,0.8352296999900953,0.02880023118127198,0.21677821147241808,-0.3111333472558362,-0.4095627176640175
10.539999999999598,-0.7377368409698077,-3.5699065410187822,2.2900808849148,0.7266245400063407,-0.6518447963235059,0.7947194477005276,-0.20874526357612713,0.18793251137333042,-0.13169981875276127,-0.5126276360641788
10.559999999999587,-0.7500092174281408,-3.5557540160972687,2.2849189421936478,0.7212736014052459,-0.5908047898212649,0.6648762644452465,-0.2474746590663229,-0.25656526806572466,-0.0062709690993554505,-0.05558407463142563
10.579999999999576,-0.7622223736644893,-3.5413430739405074,2.279740020436494,0.7183301170707971,-0.6503389182361021,0.775123566835779,-0.06694440339606343,-0.08158827369680084,0.37754102439982995,-0.49826888216004755
10.599999999999564,-0.774586997093804,-3.5249748244554118,2.2679522671471433,0.7176559182275262,-0.6466224583907187,0.8512964778800037,-0.010658426381564952,0.016456573904593735,0.4193245450215707,-0.6206834321981055
10.619999999999553,-0.7866559716917313,-3.5081856070596995,2.2581164345529228,0.7177640818344024,-0.6317438752786545,0.8285981293242617,0.0026494840588515743,-0.168201107700435,0.4596767324493747,-0.4120381035876619
10.639999999999542,-0.7983686246191424,-3.4911082930598507,2.2466193626600517,0.7171402005116856,-0.6140823259053865,0.8459994198093347,-0.08150944825058823,-0.32384019691394145,0.4092366632752065,-0.7636090967581068
10.659999999999531,-0.8098416347438581,-3.4742203530464204,2.2392447309309538,0.7137703003361017,-0.6413723436417085,0.8170430218870177,-0.2333928372250672,-0.23564628620939676,0.5878577899702532,-0.2736423571021921
10.67999999999952,-0.8208811012589687,-3.457697832553779,2.2301063093344156,0.7093350417011325,-0.5716372046537208,0.8915396246957504,-0.12753577218720874,0.4181762472374787,0.09789198702514326,-0.6982420501774388
10.699999999999509,-0.8319099010946722,-3.440464915911007,2.216627118313969,0.7080627539736362,-0.5647770449748786,0.9134390110587256,0.007914561058337313,0.4272523491307071,-0.000813348621427637,-0.6248124173371032
10.719999999999498,-0.8428894704516757,-3.4230815666987913,2.20532522936513,0.7096259989036438,-0.5343458296818422,0.8782312275193234,0.13013494840272574,0.12228945994114859,-0.19477001805395508,-0.4663912217331539
10.739999999999487,-0.8536898329583983,-3.405795478873136,2.196295657434631,0.7132910266513716,-0.5139469294793476,0.8619441822105965,0.21149238655449928,-0.05158128177735319,-0.3703957262599883,-0.381769292625669
10.759999999999476,-0.864568637848918,-3.3884363236316117,2.1880849882390776,0.7180937836347757,-0.518171795941455,0.8649368668796283,0.2412910093258607,-0.09395001983181381,-0.4424315621256018,-0.3671755242538369
10.779999999999465,-0.8757165856690223,-3.370935676896794,2.179827062285698,0.722930557650091,-0.5322321035834847,0.8713700840655811,0.2152528677909385,-0.08562170565638609,-0.44374735924506215,-0.3898254785850552
10.799999999999454,-0.8870475936543958,-3.3532945182383593,2.1715173827903294,0.7267341383169221,-0.5371218842897547,0.8862385436960063,0.1428609372341058,-0.0006062357723227857,-0.4129751305314445,-0.3700555620927274
10.819999999999443,-0.8982615893848729,-3.3355851939786265,2.162185421538234,0.7286041049376331,-0.533179548700519,0.9145756590165801,0.031539807880213516,0.1717718694020966,-0.3278474934364568,-0.41002422275984757
10.839999999999431,-0.9093297309036162,-3.3183353929232715,2.152260988810744,0.726850912693065,-0.5397202495297957,0.8768340693311649,-0.20431998279731603,0.17383230085406914,-0.14156482452429625,-0.5069527019330221
10.85999999999942,-0.9195821702308641,-3.3026165520110053,2.1471536630707893,0.7215252880339156,-0.4952945101245257,0.7422529563959094,-0.24929739360166261,-0.23740178263966,0.03232265595380251,-0.052668690361586584
10.87999999999941,-0.929728333453834,-3.286698877923965,2.1417089088320207,0.7185215562711398,-0.538290553972648,0.853639804700165,-0.07035372056166252,-0.03079657803601167,0.3796516120490638,-0.5130105037656649
10.899999999999398,-0.9397292981439354,-3.268837950152424,2.1298681291695716,0.7178137193212669,-0.5221356853446419,0.9301053224070206,-0.01098132306304828,0.07487450301877835,0.4063584462471292,-0.6180646013693409
10.919999999999387,-0.9493482124778028,-3.2505685755972276,2.1202376843541035,0.7179453828831107,-0.5100539266466491,0.9062914017507715,0.00521257237023795,-0.1037206133627378,0.47604561149941216,-0.40035045642880984
10.939999999999376,-0.9585851301379,-3.2320954650615685,2.1093387905351904,0.7174112965775896,-0.48985024110232306,0.9207218309916687,-0.07655817350422212,-0.26387992953913586,0.449940603677771,-0.7448876787539582
10.959999999999365,-0.9676094525491485,-3.213810840708741,2.101683819356596,0.7141545728336489,-0.5229911977052366,0.8955998711433962,-0.2281443252289539,-0.16448223021430422,0.6146513617847238,-0.2969573917046267
10.979999999999354,-0.9763008584486906,-3.195942286135661,2.0927767094805603,0.7097251819636853,-0.4464548842922246,0.9599973106339094,-0.1304284841166954,0.41794230231827534,0.052769733598122606,-0.6935526865493169
10.999999999999343,-0.9848898132159255,-3.1773737397263595,2.079218602938014,0.7083578826543938,-0.43590783606228656,0.9812266725085718,0.002582452907802955,0.41319582389892534,-0.0560234336211133,-0.6372769616049039
11.019999999999332,-0.9934209370894047,-3.1586517069216913,2.0677215392368846,0.7098059216548375,-0.41159235891541934,0.9430071820895631,0.12444839549273427,0.08870160026443297,-0.20523499254873523,-0.4728066094982199
11.03999999999932,-1.0018016874025384,-3.140047757998074,2.0586054141626313,0.7133532959126079,-0.3939610489727676,0.9238794130436412,0.2058605753259558,-0.10744734123721156,-0.3574408625535704,-0.38347703930042853
11.05999999999931,-1.0102568782903285,-3.121360650406935,2.0503764760907335,0.7180471550155458,-0.39765006711233675,0.9274981530765715,0.23626013792309652,-0.15895241101259028,-0.4260477820811287,-0.3670123122745206
11.079999999999298,-1.018961179984147,-3.1024929542234103,2.0421289611298197,0.7227899666989548,-0.4105298196292679,0.9360209929431028,0.2108766234252283,-0.150210257220046,-0.4310885653604965,-0.3884477664713455
11.099999999999287,-1.0278284793881585,-3.0834570054143415,2.0338621202131444,0.7265116462191302,-0.41324566155112186,0.9517265845148356,0.1389746379953957,-0.060235428891169035,-0.41423383199033537,-0.36682159777510714
11.119999999999276,-1.036568900635305,-3.064366307755763,2.0245925421376083,0.7283046571578651,-0.4051523527151691,0.9796562469447609,0.027664696644215076,0.12421741850474062,-0.3553775241961522,-0.4060006154967698
11.139999999999265,-1.0452534929217885,-3.0457889256307924,2.0147133690392334,0.7264645262690671,-0.4155854982243556,0.941981908764511,-0.20947621376591669,0.15314612841824132,-0.17843429896381938,-0.5049419999659858
11.159999999999254,-1.0533125981048177,-3.028814143596784,2.009961832021544,0.7212407398360261,-0.39527925711666323,0.807274802739502,-0.23908257398679283,-0.22572846087777312,0.08188882828953782,-0.07424438075618305
11.179999999999243,-1.0612237435226215,-3.0115204203422548,2.004182384027437,0.718383450170688,-0.4155889335300266,0.9276778530408746,-0.06597816614033303,0.032281422261110373,0.3629274017459689,-0.5235778864857352
11.199999999999232,-1.0687155238183874,-2.9923839348353516,1.9921630557249719,0.7177574924087012,-0.39679065998715485,0.9866211885583467,-0.0058169440730574,0.095288423881944,0.3933163055310633,-0.6533762311146672
11.21999999999922,-1.07579240995957,-2.972955600316886,1.9831026787560442,0.7180395165947558,-0.3803349446998707,0.9697719870958449,0.014226408093084519,-0.03561131730129841,0.47896342762581545,-0.3477786383818576
11.23999999999921,-1.0824081882659902,-2.953322125699881,1.9723048772972456,0.7176484655335165,-0.3589962538032721,0.9812796479145742,-0.07075190232518438,-0.20656515850326956,0.47348039109418705,-0.7362042763334704
11.259999999999199,-1.088885043676162,-2.9339406690937486,1.9650713499798234,0.714510241078581,-0.39871820467720365,0.9599334972231311,-0.22225726470541657,-0.07450122291053934,0.6335727326601782,-0.2616843635955174
11.279999999999188,-1.0951054865105088,-2.9150191669949272,1.9563992221070703,0.710142976662233,-0.31397424454453793,1.0127559343547483,-0.12971947028785888,0.4136356488537648,-0.00637538966358097,-0.7006932761378077
11.299999999999176,-1.1011330518154627,-2.89543163362218,1.9427669774600815,0.7087661268875628,-0.30072097589996294,1.0313261971324292,0.001089088283382297,0.38861283107627087,-0.10930997015859378,-0.6414164338504813
11.319999999999165,-1.107082149222745,-2.875700968513718,1.9312633885556072,0.7101764498409956,-0.28218731006410425,0.9909519445705817,0.12243870423620377,0.05259879129433591,-0.21040315329950995,-0.47069047174879564
11.339999999999154,-1.112903974002717,-2.856099956525592,1.9221749542074893,0.7136808912804021,-0.2675707871938798,0.9702800857743175,0.20386642222237503,-0.15805960045874823,-0.33499880427439066,-0.3813835702136459
11.359999999999143,-1.118792338205102,-2.83640186443765,1.9139805174027464,0.7183332253915133,-0.27075157920871046,0.9746467176909149,0.23434559831719887,-0.21633846418601851,-0.3975250028804964,-0.36480527611876673
11.379999999999132,-1.1249057976428907,-2.816487691628997,1.9057778331728974,0.7230366574056817,-0.2824381559371302,0.9851508415317785,0.20899688992716894,-0.2063947488437084,-0.4045973481474119,-0.38546651775138296
11.399999999999121,-1.131161950582849,-2.7963813760633363,1.8975740919798316,0.7267196485563328,-0.28322069979161496,1.0013438827921666,0.13712787391956638,-0.11313682876631562,-0.4005197244704451,-0.3628433190275354
11.41999999999911,-1.1372889333357692,-2.7762357583024504,1.8883794762389339,0.7284766312445132,-0.2714880286397837,1.028092943278733,0.026024146636420664,0.07880775787331566,-0.3686098887301137,-0.40219715572677134
11.439999999999099,-1.1433987142561748,-2.756588347097723,1.8785425097583632,0.7266018313205533,-0.2872283466124205,0.9926481966497535,-0.21114746730579023,0.13233079463270497,-0.1932175975690139,-0.501204218074376
11.459999999999088,-1.1491497600797318,-2.738629945192774,1.8736944053318374,0.7213405835746294,-0.2854012969593938,0.8556897428590072,-0.241303484872202,-0.21145570536610406,0.11636370894035648,-0.09469046602711027
11.479999999999077,-1.1547444870424104,-2.720422512504664,1.867338547696523,0.7184389544195832,-0.29287884105389045,0.9753497960861237,-0.06804394649193785,0.08225309273010037,0.36445551691266503,-0.5524009264629273
11.499999999999066,-1.159637268080727,-2.7004032076331583,1.8553317984628213,0.717784664971049,-0.25441731718950406,1.041144389275434,-0.0068412140193826795,0.18331743376207735,0.3629287376416738,-0.5913757925320952
11.519999999999055,-1.1640578703976658,-2.680147180653812,1.8461481834311817,0.7180268373173174,-0.2511429290772982,1.0114927733886039,0.011852083244345378,0.015650276685192706,0.4867638539790356,-0.3778242086762408
11.539999999999043,-1.1680451767451956,-2.6598000332543004,1.8356605715674377,0.7176231203198078,-0.2257389186267931,1.0222990927775601,-0.07052381398989425,-0.13271814928717993,0.5026496771219836,-0.7164318211040026
11.559999999999032,-1.1718748438905107,-2.639681586528763,1.8284235591641216,0.7144918820601209,-0.2661225924823501,1.0073815347123223,-0.22201952977505435,0.013291330442002758,0.6381520776810363,-0.26839434600373935
11.579999999999021,-1.1754931205111072,-2.620056862264614,1.81984996894636,0.7101292780568379,-0.17512469065658137,1.046911370034571,-0.12991673625128236,0.4065865121854566,-0.059854401877037854,-0.6933803967105906
11.59999999999901,-1.178839720564331,-2.599808021588295,1.8062345066313108,0.7087434963344231,-0.16004213721594882,1.0635966112203667,0.0006023184298207373,0.36640710566925727,-0.15816659418768844,-0.6457633430814209
11.619999999999,-1.1820926541860413,-2.579423714212021,1.794660497898591,0.7101431887596005,-0.14721910238260588,1.0216167290475333,0.12199006850008977,0.022837075181626226,-0.21203495650413232,-0.47440033455525993
11.639999999998988,-1.1852371806136328,-2.5591819428204716,1.7855130249308238,0.7136372769140922,-0.13552316449980448,0.9993103220669229,0.2034050373369422,-0.20099559635370706,-0.30683868120887,-0.3837924451055672
11.659999999998977,-1.1884340881584239,-2.5388360279348983,1.7772770149306827,0.7182778360802636,-0.13804371522813247,1.0039983957919514,0.2337606488752198,-0.26644553174746516,-0.36104903188129717,-0.3664151759554732
11.679999999998966,-1.1918238527602862,-2.5182477139767068,1.7690467677338437,0.7229664948394133,-0.1481147522661722,1.0159237707416586,0.20820907337773364,-0.25687781794878983,-0.3697080017776886,-0.3865945511419939
11.699999999998955,-1.1953277882161593,-2.497452954905374,1.76080156143612,0.7266309969510275,-0.14659985527898928,1.0320362351418355,0.1362254927388259,-0.16333377836382645,-0.37888915605595785,-0.365710283454692
11.719999999998944,-1.19869611931255,-2.4766415814767746,1.7515513256216777,0.7283594981396659,-0.1311346180485086,1.0567158341207878,0.024265751459761325,0.031113606985447212,-0.37308748743724224,-0.40509380279565593
11.739999999998933,-1.202129777076015,-2.456357621500481,1.7415632893702453,0.7264340008186069,-0.15148472244098807,1.0216622759876572,-0.21405903248406452,0.10266959677679639,-0.206806244716264,-0.5118437950367843
11.759999999998922,-1.2054234918192144,-2.4377840667729056,1.7367536805676094,0.7211667229743608,-0.16972949002583834,0.8877525985107457,-0.23958217358664255,-0.1891845686772834,0.15648580752777327,-0.09429256162835914
11.77999999999891,-1.208508761429744,-2.4189385192176625,1.7306485555611224,0.7183018079757695,-0.1585500715595696,1.0096018879297015,-0.0664821053202309,0.14153413548338567,0.35709106423165665,-0.5400032383987009
11.7999999999989,-1.2106647384093843,-2.3984203225596743,1.7188254547296458,0.7176758065011072,-0.11936756577692428,1.0624632677945314,-0.0042413881972579726,0.21918504940130876,0.3641254962796928,-0.6068053609713904
11.819999999998888,-1.2123350046429295,-2.3777577907713585,1.7100359977172472,0.717965947231852,-0.11146328278541545,1.0369722558828847,0.013532054762439783,0.09041830433653053,0.4843514976311399,-0.3480628434663518
11.839999999998877,-1.213515871037313,-2.357045362014,1.6993633649918838,0.7175358838416729,-0.08643384816530665,1.0430376105708186,-0.07353362292813359,-0.06349702217207039,0.5188566473462686,-0.7174255180608674
11.859999999998866,-1.214613047772605,-2.3366155121808623,1.6925299314639042,0.7143222537543059,-0.12889833797712608,1.0331436212252123,-0.22610022943480643,0.11184139932676787,0.6290691259029321,-0.2381574781312366
11.879999999998855,-1.2155579536213534,-2.3167088272444314,1.6839705345135625,0.7099036738232585,-0.03205775552257367,1.060069870186123,-0.13120713953964458,0.3971519977015153,-0.11577964002621892,-0.7070678773302073
11.899999999998844,-1.2161381289601765,-2.296205655136674,1.670350954432679,0.7085432479209564,-0.014778442883718823,1.0757184869931615,0.0033659838462774226,0.3538887742313498,-0.2035894174258176,-0.638354347978321
11.919999999998833,-1.2165991146660131,-2.2755883816948788,1.6589293002801098,0.710009663424703,-0.007052030011382361,1.031148185795064,0.1255753735078345,0.0019888356621797637,-0.2148140533833433,-0.46753188351099323
11.939999999998822,-1.2169669086306831,-2.25514299292929,1.649867767469804,0.7135747755015098,0.0016591320588339037,1.0066730726782454,0.2067089710135764,-0.23566759992333947,-0.27927459364178947,-0.3818992975850248
11.95999999999881,-1.2173735453291292,-2.2345969575354503,1.6416630926436389,0.7182752689197079,-0.0005666429617587863,1.0113405427519218,0.2363169792656316,-0.30786846591672257,-0.3216161311791171,-0.36583588820216323
11.9799999999988,-1.2179412869939517,-2.2137915770439203,1.633456758940268,0.7230067539469606,-0.009214100479617161,1.02421240090862,0.20995478103899154,-0.29932965833511116,-0.3290802201258589,-0.3858718890015284
11.999999999998789,-1.2185964868015613,-2.19277390637594,1.6251772114598986,0.7266980720096997,-0.005751626050609221,1.0395202743697058,0.1372162178194264,-0.20962630731435553,-0.3487367721921778,-0.37022679038723816
12.019999999998777,-1.219114289251442,-2.1717675215839094,1.6158446060918903,0.7284299857373774,0.012855443238314793,1.061248071102946,0.023775442488611163,-0.01792062193948208,-0.3663374983452899,-0.4094563289961217
12.039999999998766,-1.2197601212004374,-2.1512858248148525,1.6057297466296134,0.726478431555887,-0.012356882830457702,1.028216706255205,-0.2156134700854044,0.07060522280451695,-0.20937516506886458,-0.5180042867625657
12.059999999998755,-1.220517725479709,-2.132511510620975,1.6010192736142732,0.7212072117613687,-0.049679609000617866,0.8995167183907886,-0.23863491356151462,-0.1644564004254003,0.1934224669749059,-0.08590246434034798
12.079999999998744,-1.2210223737079897,-2.113473487466566,1.5951359858580625,0.7183586912231561,-0.020661640637346396,1.0195588632961607,-0.06588834226960419,0.19484588133214847,0.343802291213232,-0.5277453538396757
12.099999999998733,-1.22037973057488,-2.09290482707209,1.583378164178414,0.7177034218252706,0.027852719397884633,1.0674934928640283,-0.008441206545315088,0.2713176614847656,0.326796171522693,-0.6015013354041869
12.119999999998722,-1.2192494321360596,-2.0722592395386075,1.5742808559703179,0.7178805068762102,0.02756010633911581,1.0396454442860195,0.00721072133550147,0.1517108087187085,0.4736733265646258,-0.36802985031019625
12.139999999998711,-1.2176457892391648,-2.0516413037535366,1.5634934110168257,0.7173288792528317,0.05378422917835379,1.0415017317276736,-0.07938331415021914,0.007398694116337756,0.5272425061314402,-0.7152315162671934
12.1599999999987,-1.216004078254626,-2.0313279483684497,1.5567245704538157,0.7140037928410059,0.010908937229888938,1.0388589194274496,-0.22742166469054811,0.19892407764560105,0.6005539167110588,-0.259798245192746
12.179999999998689,-1.214237642469641,-2.011562801153188,1.547868349403053,0.7096751810581822,0.11314142801539659,1.0509435506234344,-0.1242554079510071,0.374377063432098,-0.1824138037108603,-0.7091734200135427
12.199999999998678,-1.2120437702950007,-1.991216016070234,1.534016601131362,0.7084571545485642,0.13041289725483735,1.0650843448663683,0.009402422633259933,0.31273585009579746,-0.2498147649722005,-0.6491899407191197
12.219999999998667,-1.209719798955837,-1.9707733241068848,1.5224250722047583,0.7100107051361,0.13208737721884406,1.0190003719484984,0.12825908865289015,-0.04338176871114355,-0.21035082799410296,-0.47626033264687156
12.239999999998656,-1.207319964446147,-1.950507663234128,1.513245984809615,0.7136081153325401,0.1377664798728722,0.9947958689086095,0.20724928023855424,-0.2817717406224753,-0.24220918796423757,-0.386723761820752
12.259999999998644,-1.2049390346943583,-1.9301236738562508,1.5049532333251174,0.7183034081082295,0.13653081902937514,1.0004758401989349,0.235227964443488,-0.3556478637556128,-0.27535737517736936,-0.369989914804145
12.279999999998633,-1.2026760060710997,-1.9094554720494141,1.4966527918844506,0.72299975366394,0.13022813980653833,1.0145653878946006,0.2075193565971807,-0.34744178123337854,-0.2855186107257539,-0.3916070655862933
12.299999999998622,-1.2004608867280433,-1.8885652390668968,1.4882119044271658,0.7266363557765055,0.1365715157490509,1.0297401043015046,0.134269412571502,-0.25834314438310413,-0.31955147931745875,-0.3796307351648208
12.319999999998611,-1.1980983319160445,-1.8677083519931883,1.478724036388513,0.72828816923339,0.15873258768769777,1.0488362644356342,0.018860442183346746,-0.06694636901147467,-0.36199139626186916,-0.41397866113118886
12.3399999999986,-1.1959538212144736,-1.847392411413209,1.4684292764418791,0.7262023105351989,0.12888412663334955,1.015231975317831,-0.22311531500752693,0.02819476003359149,-0.219088852153281,-0.5287891931721017
12.359999999998589,-1.1941659103087268,-1.8287393148389026,1.4639995279982996,0.7210531957237178,0.0699230682240436,0.900889748236814,-0.22647159562497868,-0.12732406400589594,0.24473391485695778,-0.11433668015879422
12.379999999998578,-1.1920349159681736,-1.8097442592594022,1.4577389174254147,0.7183686404868547,0.1220317533813416,1.015799897286459,-0.061540743821528604,0.2409898926076382,0.30791380477154334,-0.5317656816305318
12.399999999998567,-1.18856909986532,-1.7894383789715125,1.4460065390726753,0.7177458499618924,0.17043857811366664,1.0518190922789372,-0.00918760453285578,0.2975198191768477,0.2906800445110258,-0.6083558090432742
12.419999999998556,-1.1846346900710671,-1.7691355396939474,1.4371620887629868,0.7178905447663988,0.17013867225281762,1.0260903979042224,0.004737850814873618,0.20957528131896622,0.4423950933948596,-0.35031198928818397
12.439999999998545,-1.180244457971911,-1.74892565753176,1.426395242648376,0.7172531200455035,0.19372567109995334,1.02323356543266,-0.08496626799411051,0.07260354505272235,0.5184263637437428,-0.7077206616464473
12.459999999998534,-1.1758850105903782,-1.7290643384811826,1.4200736072434914,0.7138081281049451,0.15198077829557838,1.0253373612020527,-0.2326351913459663,0.27740151028816173,0.5552948227392805,-0.24458002991843336
12.479999999998522,-1.1714461037403332,-1.7097612934704647,1.4110551304340713,0.7094085654850022,0.25650628755881977,1.0243014930355825,-0.12624486040203434,0.34485111707089405,-0.2434888211565929,-0.7246612364730974
12.499999999998511,-1.166490959873866,-1.6899253664218556,1.3971363135977883,0.7082008708417796,0.2753970638042238,1.0369986011454668,0.011241947495466004,0.2850959965104645,-0.297046935903398,-0.6458162440625801
12.5199999999985,-1.161393382224465,-1.6700201096363283,1.3856172198782677,0.709809102151579,0.2705082095881321,0.9900164372251122,0.13146591215329637,-0.06561053465062146,-0.20774733850650334,-0.4735609116590106
12.53999999999849,-1.1562478886133332,-1.6503133749551635,1.3764615382075907,0.713476410383481,0.27248516933502054,0.9648172667224517,0.21083300422849163,-0.3069473200333674,-0.20442613875850194,-0.3873176522850075
12.559999999998478,-1.1511091226393197,-1.6304923486698462,1.3681753067759872,0.7182430658083976,0.27162719525161616,0.9706041169151101,0.23873599045232216,-0.38284132739135446,-0.22469341815003274,-0.3698744645002162
12.579999999998467,-1.146052782913069,-1.610376311600531,1.359911442889999,0.7230076515989384,0.26696017244333675,0.9853887424897498,0.21092897698361876,-0.3748215519725375,-0.234057933242673,-0.3894806010427841
12.599999999998456,-1.1410223119727207,-1.5900352062233847,1.3514578304249485,0.7267086275556897,0.27441129775642525,0.9992453151896566,0.13732374136904255,-0.2939273157759321,-0.2759881774079452,-0.3848007493949134
12.619999999998445,-1.1358602724851932,-1.5697486606144226,1.3418524552942483,0.72842190148131,0.29828458971564314,1.0148704184956516,0.022005123061180697,-0.11258294133474367,-0.3417969531022297,-0.42302802493099173
12.639999999998434,-1.1309797869196279,-1.5499554485178526,1.3313953879416118,0.7264082260961352,0.26435001983843065,0.9874849144091727,-0.2190980662410421,0.005631661830994603,-0.21117543797817984,-0.5374482008622842
12.659999999998423,-1.1266650199580142,-1.5317643968615398,1.3266302683198277,0.7211221838324674,0.19169054328197882,0.8765872197969409,-0.236995350385798,-0.10411065968497923,0.24865177977141767,-0.06772393558611377
12.679999999998412,-1.1219658502473742,-1.5133333128535948,1.3213191978750467,0.7182961864647606,0.2581855359670405,0.9855332843890376,-0.06541506538048775,0.2899718769607586,0.28485239751056907,-0.49509983137006747
12.6999999999984,-1.115798195326073,-1.4937661081936138,1.3097198801607468,0.7175901311644528,0.3087911709115555,1.0168013526399964,-0.014302274396539269,0.3456434706566403,0.26173708866134454,-0.6306667377970359
12.71999999999839,-1.109168019594145,-1.47425090458054,1.300498485712257,0.7176227649726085,0.3069659656072885,0.9917894297611531,-0.000952144703169136,0.283822929146248,0.4135908797938666,-0.36791358902646554
12.739999999998378,-1.1020577409719015,-1.4548992339802909,1.2892555599775581,0.7168840007639478,0.32969051639762675,0.9842205890642677,-0.08871142544718709,0.15077875038167238,0.5135451086741102,-0.7241776374132936
12.759999999998367,-1.0950628621331806,-1.4358781576749486,1.2825963798675966,0.7133791436140612,0.2900154681771295,0.9942825575748486,-0.23098265576917482,0.3581375159991393,0.5075991450098479,-0.2788805859925567
12.779999999998356,-1.088022375454539,-1.4174265990400983,1.2733385052804482,0.7091173867429112,0.394971261975913,0.97694380671695,-0.11777407508932275,0.31160095266389176,-0.2966203228827667,-0.7133493066554886
12.799999999998345,-1.0804149058144108,-1.3985004951381097,1.2593383005841305,0.7080632049991497,0.4131670495263107,0.986324661130356,0.017527634435371517,0.2312798826186212,-0.3291029232555625,-0.650401435542481
12.819999999998334,-1.0726660197831304,-1.3795354693640463,1.2477498795082385,0.7097573513703643,0.4019320016807949,0.9394383708594974,0.13394165664902244,-0.11020950129628398,-0.18998267584143957,-0.47609330304518716
12.839999999998323,-1.0648856268539573,-1.3607712771904386,1.2385918123608104,0.7134515879445512,0.40132663175293,0.9150270827896246,0.21102971300909487,-0.34525368299807146,-0.1556589605039649,-0.38558969468517723
12.859999999998312,-1.057083057159456,-1.34188415755051,1.2303201436911753,0.7182088053044166,0.40196850312192145,0.9212258049157661,0.2374589444864536,-0.42259741526126243,-0.166882799271818,-0.36894486722547193
12.8799999999983,-1.049310610015307,-1.322692156494605,1.2220197623911377,0.7229384125443425,0.4001212314230169,0.9363291813365154,0.2085766255595486,-0.41737963564032277,-0.17879902956909122,-0.3924050334613213
12.89999999999829,-1.0415126392697716,-1.303278761458256,1.2135356792586056,0.7265900559163746,0.4111805123389383,0.9491455502156999,0.1346362456029405,-0.3394413085624578,-0.23656057194118144,-0.3815895431389646
12.919999999998279,-1.0335695879357365,-1.283945485488588,1.2040278465130458,0.7282319236656682,0.43826361528784125,0.9612272652213111,0.01747278154471971,-0.1643323858174121,-0.3277250514588769,-0.41200303495064083
12.939999999998268,-1.0260021712037752,-1.265089937907016,1.19367183949351,0.7260912283731858,0.39930243006721766,0.9347856354103132,-0.22635309652627916,-0.044054928111469216,-0.2107797740028462,-0.5328990098561266
12.959999999998256,-1.0192209720992869,-1.2477371742884893,1.1895447933023804,0.7209410830028784,0.30994545854587396,0.8433618496575068,-0.22397613882193873,-0.05853672124416487,0.2889554255575628,-0.09353758183389796
12.979999999998245,-1.011943004986598,-1.2300951020974915,1.1840884860440934,0.7183032212194561,0.3965678497516733,0.9419797551707463,-0.059607230971848724,0.3248844453299271,0.2380942101374513,-0.4924019196999013
12.999999999998234,-1.0030811089813076,-1.2115635379929366,1.172744552216501,0.7176716426062187,0.44397672197209376,0.9627675842628479,-0.01128951771207536,0.36507906183065275,0.22377488759897507,-0.6181285354327758
13.019999999998223,-0.993810883850559,-1.193152544761917,1.1639237735026875,0.717737759180296,0.4419349620753172,0.9387770043032294,-0.001247321542299346,0.3249965922816287,0.3683689207179896,-0.3518389406349514
13.039999999998212,-0.9841010753314235,-1.1749392798220601,1.1524993683622273,0.7169406600621657,0.46127817699820073,0.9312323681773328,-0.09345165040667537,0.20657841482113826,0.48757462362146503,-0.7464392888498719
13.059999999998201,-0.9745709730744034,-1.1570458288217418,1.146052861597247,0.7133282527420893,0.4238959768197534,0.9453669609975403,-0.23586759389563977,0.421184448655392,0.44896021147374515,-0.27042830038774957
13.07999999999819,-0.965061423170012,-1.13973456509028,1.1365107660102116,0.7089684614669419,0.5261240495852,0.9125802118909522,-0.12187444618053261,0.2572041933349077,-0.34200724651108105,-0.729990347883754
13.099999999998179,-0.9549120901950977,-1.1220432187679164,1.1224462219961457,0.707872075447283,0.5460180926454632,0.919284639515618,0.016520427401974513,0.18119716483208023,-0.3625320677345677,-0.6452741782820924
13.119999999998168,-0.9446132487722919,-1.1043422207244347,1.1109228982221049,0.709574244476815,0.5282627813029949,0.8741333979751451,0.13535649467451813,-0.13726270023156786,-0.1766050579631873,-0.4734459308102589
13.139999999998157,-0.9343117261197921,-1.086846388364864,1.1017603212084248,0.7133157996111488,0.5242972870959535,0.8503254709534831,0.2141507760474356,-0.36335520357521656,-0.10970599214214143,-0.38753090892700087
13.159999999998146,-0.9239705704803809,-1.0692291098228504,1.0934586811706426,0.7181474830396969,0.5258115410823794,0.8567252621765268,0.2416974358290936,-0.4389769338240538,-0.10988342600673677,-0.37070474128076136
13.179999999998135,-0.9136177842674147,-1.0513017568763854,1.085153600970276,0.7229699103102416,0.5258738609972298,0.8723051144499686,0.21361307979350283,-0.4335062683772521,-0.12164010812849937,-0.3921208285216019
13.199999999998123,-0.9032149268959409,-1.0331506384286664,1.0766990931947287,0.7267257721677071,0.5377398789807536,0.8837167347814328,0.1399519796124899,-0.36474445748859036,-0.18622229727635714,-0.3815016426208877
13.219999999998112,-0.8926886078540073,-1.015084781259192,1.0671595855774987,0.7284992421725116,0.5655040450781973,0.8926902077002646,0.02515366664392103,-0.20578561352407623,-0.30021070738959627,-0.4179778157555236
13.239999999998101,-0.8825173111854239,-0.9974205271452541,1.0567398630272835,0.726549272817264,0.5249170271612936,0.8764336909802223,-0.21533961832603576,-0.05411423196066474,-0.19725391888752752,-0.5395713664574654
13.25999999999809,-0.8733840030957389,-0.9811192640016888,1.0519234657405765,0.7212996107594666,0.42345073106746806,0.7887464503756322,-0.23673589184071106,-0.035250709081003674,0.2745707652241115,-0.07123027906222798
13.27999999999808,-0.8639191165976096,-0.9647081169573878,1.046425600458838,0.7184513244397573,0.5110376159496353,0.8745662919757666,-0.06693010902142293,0.3455268015569127,0.21115698523733625,-0.49884495324235684
13.299999999998068,-0.8526791189192628,-0.9475972847826686,1.0348655342491901,0.7177081739506903,0.5846936967145464,0.8914911353427645,-0.018038459903725476,0.39718276810213393,0.12398364287864666,-0.5952579475008648
13.319999999998057,-0.8409289972800721,-0.9306439951113201,1.0253725051161486,0.7176310777776754,0.5653290153051861,0.8705808799445842,-0.007047097947281441,0.37373206748996285,0.3231711288562148,-0.39938456781512977
13.339999999998046,-0.8288391116023519,-0.9139354009648841,1.0140557544296993,0.7168231945618498,0.585595665806619,0.8591707161546988,-0.09006176423684492,0.2802300012195851,0.45596104960389666,-0.747159101837903
13.359999999998035,-0.8168855110457861,-0.8975249703507451,1.0068429225139537,0.7132932979515695,0.5508382722819958,0.8755697436066944,-0.23617415561363878,0.47096186249901617,0.410003768939949,-0.2921545859656365
13.379999999998024,-0.8050291305077627,-0.8817247135048941,0.9974498479160475,0.7089207059217502,0.6494435916977794,0.8306170352777493,-0.12180233981266887,0.21950959157574462,-0.37667956381794954,-0.7006261677399165
13.399999999998013,-0.7925142900834728,-0.865635447451759,0.9837473405869402,0.7077921354389177,0.6683711274938008,0.8347250135012197,0.015081196772807143,0.137313789014126,-0.389346563715766,-0.6371605853625106
13.419999999998002,-0.7798615916655862,-0.8495381515078934,0.9723541738727413,0.7094753272530046,0.6446769789758061,0.7933344162051005,0.1352163624004584,-0.14890947073061694,-0.16084133665271433,-0.4691126421042455
13.43999999999799,-0.7672323152310906,-0.8336444458631341,0.9633083428365868,0.7132243658636322,0.6373258371089066,0.7693395205798337,0.2150532985377965,-0.3679393930812926,-0.060329781572982244,-0.3816560339492313
13.45999999999798,-0.7545459493830544,-0.817647656409497,0.9551146246321203,0.7180824919912129,0.639636750644159,0.7746045145917982,0.24341673390744986,-0.4478464526649304,-0.04835913033208808,-0.36587131497014913
13.479999999997968,-0.7418050119613598,-0.8013516627428955,0.9468780757330342,0.7229468751059679,0.6418280915833433,0.7896773086303364,0.2160215018100129,-0.4470365735549802,-0.059842047993440985,-0.3894793584164948
13.499999999997957,-0.7289814232936378,-0.7848429366775007,0.9384894504220843,0.7267553360779664,0.6551248485761569,0.799059640376681,0.14263130481853228,-0.3897534371906558,-0.13232962542875934,-0.3775870269033861
13.519999999997946,-0.7160457429898628,-0.7684336348497538,0.9289763265536267,0.728595480838895,0.6838208080339787,0.8042559612726083,0.028887882162373094,-0.2499041069734432,-0.2667948290100011,-0.4186736942139543
13.539999999997935,-0.7035397029572598,-0.7523387341006774,0.9186714750563049,0.726747263277335,0.6433925541533426,0.7950369547217307,-0.2099191202228848,-0.08175953696893264,-0.19675086254856997,-0.5307272718504344
13.559999999997924,-0.692190400005184,-0.7375208808147077,0.9134282283215098,0.7213856204828611,0.5295948348601943,0.7124200285266495,-0.247285447864021,-0.03795838919512615,0.26329132188917986,-0.05297586059397057
13.579999999997913,-0.6805328278906974,-0.7227045771711155,0.908419290947671,0.718421861725368,0.627879591086682,0.7905760946866282,-0.06864643242229151,0.36897335191641845,0.1649739858810747,-0.48259570687092973
13.599999999997902,-0.6670338049985157,-0.7073715397301176,0.8966936638401053,0.7176717136763798,0.6932399790229908,0.8033894737375429,-0.016862891665997453,0.4187727956178665,0.10060319586819001,-0.6646867948650437
13.61999999999789,-0.6530681464107194,-0.6922412059143691,0.886890886012304,0.7176459992148845,0.6847896466182855,0.7820141203507383,-0.0037027596584091656,0.427445147573773,0.25200310978683466,-0.392962082193165
13.63999999999788,-0.6387319986569076,-0.6774269769874408,0.8755128853662161,0.7168870315847128,0.7011286208648474,0.7667699891785633,-0.08811207683118157,0.3411244087541723,0.4069673391866082,-0.7554039860956788
13.659999999997869,-0.624583866046396,-0.662872886918625,0.8681785659724802,0.7133964463974485,0.6677383495802494,0.7907186124730385,-0.23464319531175276,0.5312922497733606,0.3431403539116758,-0.3002565596298023
13.679999999997857,-0.6106405520563877,-0.6488696675137372,0.8586432651397545,0.709030088712043,0.7588627750992273,0.733013024843164,-0.12189033549503428,0.16924356270091362,-0.4004657584250822,-0.7049368706813067
13.699999999997846,-0.5959976943588916,-0.6346746700365926,0.8448779381875074,0.707887353447746,0.7785150304528075,0.7335537072332321,0.014073532646432775,0.0808857538806804,-0.40181445715874436,-0.635961328411323
13.719999999997835,-0.5812122811252992,-0.6204932914569227,0.83349237448271,0.7095488382215415,0.7494573713944491,0.6956806582420396,0.13410819253823883,-0.1738963568476557,-0.13557926745642387,-0.466890675020815
13.739999999997824,-0.5664742041160985,-0.6065087630053732,0.8244749188913688,0.7132777198179084,0.7391057367690139,0.6728347060057839,0.21410852015877746,-0.37965791496140894,-0.005995743632496171,-0.37979959189664925
13.759999999997813,-0.551659414660286,-0.5924280827387168,0.8162936408169099,0.7181214043496674,0.7424977775339884,0.6776674085154097,0.2427600382726274,-0.4593067381932836,0.01638457396093751,-0.3656012147991631
13.779999999997802,-0.5367434627275613,-0.5780570632779426,0.8080343088762623,0.722976418469994,0.7470308640746146,0.6922950046801505,0.21553327270407327,-0.4612791745731633,0.004588015893229595,-0.391056773524763
13.799999999997791,-0.5217088970914552,-0.5634873057956222,0.7996709648085142,0.7267795165814496,0.7621266416277329,0.6996911681046508,0.14243043365398683,-0.4140141918493713,-0.0781261222116808,-0.37270328264637387
13.81999999999778,-0.50656886344617,-0.5490297538894805,0.7902717257654398,0.7286246602860698,0.7918439875372382,0.7010956980512489,0.0293799046109169,-0.29328167736714333,-0.23367924093794099,-0.4104759411225651
13.839999999997769,-0.49187219538390164,-0.5348279021443362,0.7801772605058594,0.7267976140299773,0.7510262907857451,0.6976668842742892,-0.20863837788234652,-0.11698138967641018,-0.18983580263927133,-0.517804667975885
13.859999999997758,-0.4785270255112596,-0.5217365201782198,0.7750397255898354,0.7214524779380428,0.6258961982541841,0.6298451146347547,-0.2471239125712597,-0.016808032370285695,0.2591196140121572,-0.05463744702004432
13.879999999997747,-0.46491824830191364,-0.508685005690035,0.7698394996804383,0.7185027001436409,0.732052719449236,0.6953589641864748,-0.06763292225915583,0.37481741723053597,0.10880008846586088,-0.49605623378005803
13.899999999997736,-0.44937254802344057,-0.4953655338440568,0.7580049617188149,0.717791498227897,0.8082990410099987,0.696558510270075,-0.01468145460547515,0.41543935430226164,0.011824234286449006,-0.6361133955219265
13.919999999997724,-0.4333803493449497,-0.4823065082015107,0.7479449953018875,0.717806524007174,0.7873364306710746,0.6808437851135325,-0.0019175887362431407,0.4479902790042229,0.1961359481397864,-0.418531895176363
13.939999999997713,-0.41708028677804876,-0.4695979320736182,0.7365713477071133,0.7171149820238397,0.8049399699501172,0.6628052613994505,-0.08407796766301752,0.39138182784370457,0.3488584392737931,-0.7498450974614095
13.959999999997702,-0.40097983661815106,-0.4571386641000578,0.7293351105818654,0.7137042185262233,0.7722132631282609,0.6891509459677665,-0.23482314987822234,0.5724696763274624,0.27387906032621967,-0.26907622547106924
13.979999999997691,-0.3852123584550757,-0.4451496269074182,0.7200939830078078,0.7092472088479045,0.8541050969637127,0.6224816561048662,-0.12784579244464936,0.11711001676421623,-0.41667565835945136,-0.7064421478989252
13.99999999999768,-0.36870678115874866,-0.43312301322084956,0.7065133757145506,0.7079878472785522,0.8767063161176037,0.618100154744497,0.009079596222529683,0.025435393651031216,-0.43079450641074846,-0.6279099094646001
14.019999999997669,-0.3520475373053459,-0.42113162754946065,0.6951900602670341,0.7095780810402494,0.8428841503882777,0.585468801682331,0.1315518074753303,-0.18699706772379499,-0.1349399307369632,-0.4672040477845542
14.039999999997658,-0.3354786747971391,-0.4093261414614144,0.686141263607543,0.7132696495161461,0.8275765258098913,0.5640820536205071,0.21270576703605307,-0.37309070623102814,0.029920001952822323,-0.3834425966474874
14.059999999997647,-0.3188432313073537,-0.39743789459314427,0.6779038564102131,0.718093755642125,0.8302653045974471,0.5685450881306504,0.24221359958703154,-0.4470453338347966,0.06825925297551882,-0.36886225658881755
14.079999999997636,-0.3020828629106987,-0.38527267601798487,0.6696266725412846,0.7229460879862745,0.8358646770771974,0.5829279513589096,0.21592470712914275,-0.44772734775654516,0.05977299106426172,-0.3909198208310895
14.099999999997625,-0.285193616769868,-0.37291589862829233,0.6612677761943802,0.726760296116134,0.8502637139601056,0.5887624918537804,0.14322733664475598,-0.41201173468856694,-0.02192860506241772,-0.3747179945576048
14.119999999997614,-0.2682302107165041,-0.3606715599378319,0.6518320786768875,0.7286347713844384,0.8786960384504442,0.586564114947122,0.0316143559923548,-0.3164126518721243,-0.18807301128306206,-0.4161888159452765
14.139999999997602,-0.25171107846893587,-0.34860350358202047,0.6417741779124331,0.7268842523963819,0.8407670330290196,0.5909149356762607,-0.2040834955219223,-0.1301623425273356,-0.17805473895331086,-0.5146649911021614
14.159999999997591,-0.23667563643083628,-0.33743356354009413,0.6365292547068953,0.7215608352901797,0.7088081185374375,0.5388490784724762,-0.24917854450495638,0.019778889685460793,0.24461926843851267,-0.05862892263161748
14.17999999999758,-0.22143828096800608,-0.3263581069535721,0.6309832359206168,0.7185565804113138,0.8172752224869702,0.5881590500916474,-0.07029955982132023,0.3788561006567114,0.05987952097484664,-0.515369078364267
14.19999999999757,-0.20424977125706628,-0.3153082427126465,0.6189769737121393,0.7178333230023888,0.8953619253298004,0.5769415499296928,-0.013597077799818901,0.4048529901700784,-0.04680488010265456,-0.6379311610225828
14.219999999997558,-0.18661988121499776,-0.3046092538322166,0.6090630131528325,0.717907787810514,0.872942800591926,0.5635575381280142,0.0029621908387567307,0.46739260807943517,0.13357851730256576,-0.40697223689375034
14.239999999997547,-0.16875661122512575,-0.29429350399115806,0.5982077771056976,0.7173504734928311,0.887828087010159,0.5428232231731396,-0.07676685314533119,0.43363729691381,0.29159480454289616,-0.7314340985968848
14.259999999997536,-0.15108530197402295,-0.28420273993649764,0.5906426778604266,0.714102190537506,0.8599839337872884,0.5752665241794026,-0.22729973959417266,0.6026634531567524,0.203516276012497,-0.2961275856730458
14.279999999997525,-0.13380029606418192,-0.27447203310633167,0.5816249442202321,0.7096842687628129,0.9313796104305639,0.5017302696574273,-0.12986233520756346,0.0718375869135973,-0.41756037547232944,-0.7001602568797624
14.299999999997514,-0.11578600113967182,-0.2648066690373802,0.5679592726178622,0.7083263647918076,0.9533324683996426,0.4926673043989328,0.0028311809816179614,-0.03520870148751298,-0.4167821395342139,-0.6410351432417448
14.319999999997503,-0.09761321957007967,-0.2551881114500821,0.5564130005128626,0.7097768924538809,0.9162472545089541,0.46625078491508803,0.12440470554721293,-0.20230919000455225,-0.09821648117165076,-0.47436402319756776
14.339999999997492,-0.0795491219941872,-0.2457257156064493,0.5472755542088954,0.7133218930815767,0.8981949625995214,0.4476035856355671,0.20566951993093327,-0.36515250072355754,0.08979144613866648,-0.38421278919525703
14.35999999999748,-0.061403432101297624,-0.23618374643604997,0.5390330411400345,0.7180123405498039,0.9017738352804819,0.45150460437627654,0.2361086355721732,-0.43655473658902144,0.13717126071669353,-0.3676080568750242
14.37999999999747,-0.04308878230329165,-0.22638295612367537,0.5307757257770179,0.722753677346063,0.9096993297537526,0.46479717852084745,0.21087779352454253,-0.4413937622841854,0.12788115072710893,-0.3888791513671978
14.399999999997458,-0.024612486934168697,-0.21640981165150822,0.5224980181327232,0.7264777126891383,0.9253808494797344,0.46842985407224086,0.13915982249961406,-0.41941354343529474,0.03879459722990049,-0.36757622311631155
14.419999999997447,-0.006070725566739195,-0.20655901472249374,0.5132113886695986,0.7282796934867094,0.9539494848594468,0.4621184232985619,0.028295637644064595,-0.34971077014302204,-0.14265943331662836,-0.4067993772101619
14.439999999997436,0.011993881498911,-0.19681583300284997,0.5033311561572459,0.7264600062394889,0.9164933991063445,0.47082298092359254,-0.20800275374100147,-0.16798993451742464,-0.16144377407939609,-0.5049236558281532
14.459999999997425,0.02846586620005841,-0.1877581778891797,0.4985093161691036,0.7212477571382042,0.781809010742452,0.44196883460394737,-0.23943103334119156,0.06734319699545345,0.23705054167375822,-0.08918902331047661
14.479999999997414,0.0452016700355395,-0.1788051232638007,0.4922802026522858,0.7183792335228016,0.897023423910588,0.47229347432270563,-0.06640369751242267,0.3665362192168664,0.0015438377716051749,-0.544607715965703
14.499999999997403,0.06385181319298336,-0.17019082456511606,0.48033251640807156,0.7177581971259523,0.9698098392933773,0.4478336793613773,-0.005243177911587717,0.3855418894597415,-0.10010898781713513,-0.5948709418427797
14.519999999997392,0.08285783351765653,-0.16200090169901743,0.4711550624594427,0.7180190946734022,0.9435629116923118,0.43817251004193597,0.012053700492290079,0.4721629572237074,0.08090094568432998,-0.37979443149402525
14.53999999999738,0.10205733391450987,-0.15422401037447456,0.4602778302015619,0.7176015201263892,0.9582032246763341,0.41670984591287585,-0.0712293159831554,0.46277349964392045,0.23386615484343998,-0.7265352080404084
14.55999999999737,0.12102071995131342,-0.1466153877453324,0.4531249536324001,0.7144610390583265,0.9321651939657049,0.4536750479757658,-0.22524926345570462,0.6289611867174628,0.12017712147401491,-0.2445728599797269
14.579999999997359,0.13951869267123482,-0.13930617004354806,0.44453037088630776,0.7100142094445727,0.9925488769701094,0.37092336871750786,-0.1332364482694835,0.012914265927964463,-0.4226086163964599,-0.694733744717668
14.599999999997348,0.1586895890511092,-0.13217249150772717,0.43113653974676597,0.708589322617281,1.0117872460927189,0.3592668401820364,0.00014678409814155788,-0.08911672859283998,-0.4140009325188795,-0.63145944024775
14.619999999997336,0.1780089862300589,-0.12509932128975243,0.4198036143322286,0.7100132967429214,0.9728565060797174,0.338830691470794,0.12436112656228775,-0.2066151853400221,-0.08722810761153617,-0.46585948889433293
14.639999999997325,0.1971988871542809,-0.11816140059189895,0.4107820997106504,0.7135713248125226,0.9519229651495938,0.3227936608063705,0.20696161890295756,-0.34247484601195677,0.12184821658421495,-0.38093874914953213
14.659999999997314,0.21646660648918195,-0.11115557408072489,0.4026051233551614,0.7182901783093382,0.9550987901679722,0.3262549149149404,0.23778886728738213,-0.4067911601864908,0.18068867710910738,-0.3651434697650706
14.679999999997303,0.23592567799707853,-0.10391083379385262,0.3944204483094195,0.7230644247446946,0.9643261577268676,0.33890854635211753,0.21267495829689392,-0.4110213346641503,0.17249646265685625,-0.3847371224270426
14.699999999997292,0.2555589761826786,-0.09650322282484962,0.3861892483434184,0.7268180049438341,0.9792919698075874,0.34137119599390897,0.14044982277251425,-0.3993235182131454,0.08626368913712867,-0.3680355224763059
14.719999999997281,0.2752305201105539,-0.08921121735004066,0.3768658665464213,0.7286474870233204,1.0057720540275599,0.33186504431263475,0.029907657701356425,-0.35619231319010713,-0.09808472067267442,-0.4130276885054715
14.73999999999727,0.2944214102925863,-0.08194599441753621,0.36690197037703726,0.7268746042645216,0.971996786902029,0.346574054669766,-0.20556656955265143,-0.1757819145409417,-0.14750974951032242,-0.5083397569800022
14.759999999997259,0.3119755691623553,-0.0751755805221215,0.36170001701484344,0.7215020866307434,0.8334520734027586,0.33059523956933545,-0.25202588146548605,0.07806012981509894,0.20841535298543867,-0.04715240189242682
14.779999999997248,0.3297081887162052,-0.06857125165635489,0.3561871216019308,0.7184512022344293,0.9494294277753184,0.3474776505828629,-0.07211942938973497,0.37230363380402093,-0.05436745246686582,-0.5264779780059647
14.799999999997237,0.34929813399365467,-0.06253600474764985,0.3440657422008497,0.7177365816666407,1.0225230324229888,0.3127722530155778,-0.00994349894012647,0.3755161928966212,-0.16854087348201352,-0.6088007745330077
14.819999999997226,0.36921308528696595,-0.05699745502583285,0.3346917341533396,0.7179260367827143,0.9934158445868616,0.30743066749065584,0.010031017794718926,0.4930308121002276,0.004443364473516405,-0.3862287920520323
14.839999999997215,0.389220504468089,-0.05187849647381019,0.3240283415449211,0.7175154794736599,1.0027704662630808,0.28348235272579186,-0.06959111760104382,0.5031514803563216,0.16519560792438182,-0.7271198895747379
14.859999999997203,0.4089971436413403,-0.04692518489206526,0.3164221964780303,0.7144055316223701,0.9853511902121901,0.3222694620536221,-0.2210044740499541,0.6405912711402434,0.03341932229813166,-0.2932507895616326
14.879999999997192,0.42829079471006776,-0.04220497009858235,0.3078687837099859,0.7100971947794076,1.031644340337369,0.23479592594569787,-0.12593851400713246,-0.02862502187076972,-0.4183422817610888,-0.680218629966868
14.899999999997181,0.44823630502899564,-0.037706257984997014,0.29435028355689336,0.7087774568665817,1.0497437511957088,0.22097197714846223,0.003590287364412666,-0.13484172222022345,-0.38622270368490697,-0.6443510548347201
14.91999999999717,0.4683225792619054,-0.03328610331395034,0.28279128316980434,0.7102158596500813,1.0079499271439387,0.20557294299429255,0.12297826993109263,-0.21122606194987448,-0.04210249979709245,-0.4748405605104997
14.939999999997159,0.48826435781694305,-0.028984384661757213,0.27368345260627747,0.7137131909109928,0.9855009565809831,0.19236349602574523,0.20272524070366194,-0.3200167704287714,0.18048204383710897,-0.38150462747302555
14.959999999997148,0.508300058436352,-0.024626049528368835,0.2654985997427611,0.7183308898246538,0.9895989197241029,0.19508019736471516,0.2320926801039305,-0.3784146086823302,0.245542005584314,-0.3640956580506203
14.979999999997137,0.5285627951343791,-0.02006227283292495,0.25730108606415647,0.7229818073584904,1.0006236981360725,0.20569712820897457,0.20604590761640384,-0.3869674862122258,0.2378457146436979,-0.3856710404266632
14.999999999997126,0.549023518311366,-0.015376534462884353,0.2490584018221127,0.726601101585144,1.0166731939348965,0.20481135958059804,0.1337238330364477,-0.39090921887725844,0.14567757688734667,-0.36607382705541536
15.019999999997115,0.5695074404261513,-0.010833582640207923,0.23980897581921704,0.7282719588259531,1.0421360600470806,0.19034728081647626,0.020889908017281696,-0.3728459542203064,-0.047380585333887545,-0.4032019318903937
15.039999999997104,0.5894556086144613,-0.00625527253981873,0.22985050562237047,0.7262703870435299,1.0049775323764933,0.20790864653495805,-0.21827289121073357,-0.20811361402004627,-0.10469301392117861,-0.5100186076441746
15.059999999997093,0.6076988990196073,-0.0019382102697212905,0.22540393358912744,0.7209696605240881,0.870603019521912,0.21850105390961155,-0.23869943246478847,0.14375249678145746,0.20993610010900027,-0.07723351381051943
15.079999999997082,0.6262696605510494,0.002184114946180351,0.21956104372892496,0.7181623113981085,0.9967627537772304,0.2151916440034779,-0.06250808690339033,0.3707533393654439,-0.12269872359958273,-0.5405763896585387
15.09999999999707,0.6465907085112269,0.005474800848907713,0.2077128686405766,0.71760359421805,1.0555773089249638,0.17338444193736563,-0.001481932450297034,0.3696310464901034,-0.21226829279609188,-0.5795906975487006
15.11999999999706,0.6670842093066217,0.008278850732258269,0.19876896064978547,0.7179141676317148,1.024484441556608,0.1710662917071928,0.013045356034610312,0.4946329747878111,-0.048877036039340245,-0.37166538260839405
15.139999999997048,0.68762504629329,0.010645076490544362,0.18780598813355165,0.7174589805770315,1.0323230773722625,0.14681619083794356,-0.0753560530373458,0.5187415112859124,0.09967105080257292,-0.726740893821966
15.159999999997037,0.7078634833895444,0.012908527737363578,0.18110764907641883,0.7141893387274791,1.0183857627913457,0.18736165960156945,-0.22878800404387128,0.6307342359541577,-0.06986627417681382,-0.23758714049470986
15.179999999997026,0.72758188776473,0.014990038882395258,0.1724436676720321,0.7097598696744034,1.0523846546436035,0.0919924515255752,-0.12956547466555388,-0.09981634452799776,-0.4098486134861645,-0.707915346808126
15.199999999997015,0.747937415353249,0.01674235642156716,0.15891009927142247,0.7084667046490299,1.0703137814067702,0.07580133401608596,0.007518605410170021,-0.18962748489975328,-0.381208458829968,-0.6301501026963157
15.219999999997004,0.768408628974084,0.018385445524536727,0.14760482178795117,0.7100178531691076,1.0251006179696354,0.06563459733895669,0.12946394033636294,-0.22238171143502847,-0.025474292965698836,-0.46487387858990714
15.239999999996993,0.7886983575357507,0.019931191808372505,0.1385823791559992,0.7136523302998083,1.0003151721840926,0.056099294116962024,0.20949612165397266,-0.2979581775782872,0.21138896671323076,-0.38223932768055735
15.259999999996982,0.809075972602261,0.021529911656624583,0.13038495894919888,0.7183975252116177,1.0044158388653757,0.05928805869328299,0.2379174354994904,-0.3409095504586539,0.2817873594003471,-0.36631089689018625
15.27999999999697,0.8296962691559732,0.02331158672746843,0.12219359001030537,0.7231513561838845,1.0164203768485478,0.06912613012355408,0.21065812989236687,-0.3452970413445811,0.27345573646289156,-0.38545185795033804
15.29999999999696,0.8505179826185816,0.02519913115865947,0.11389438635784617,0.7268473314277347,1.0313568175888177,0.06707109065819618,0.1369890640972904,-0.35692147935012897,0.18606906637804677,-0.3739902841887553
15.319999999996949,0.8713305116858704,0.02695187931784984,0.10448909348708453,0.72856389630474,1.0536011846892073,0.04999074022054179,0.022532872169997744,-0.36107749637451036,-0.0034609408122844576,-0.4140682472581973
15.339999999996937,0.8916155693605265,0.028808916629950714,0.09429325195855671,0.7265867522356098,1.0195186347727951,0.0729204750769791,-0.21704253008976185,-0.20293604402921775,-0.08057902438106637,-0.5214389716824195
15.359999999996926,0.9102103803287749,0.03065936023170648,0.08975357015749388,0.7212979499495341,0.8903894083432569,0.10173846123483696,-0.23877901141856087,0.18357968411938458,0.17696617998517555,-0.07566624139277134
15.379999999996915,0.9290937338086551,0.032267003188802094,0.08388585739737395,0.7184542360059981,1.011660498711608,0.08011418379180332,-0.06524496898129356,0.3587000672068586,-0.17222467356215482,-0.5320332540576539
15.399999999996904,0.9495628769846367,0.03281397228665907,0.07207178746867449,0.7178122915430954,1.0632882407168673,0.031104601964701148,-0.007800549968134085,0.339527314996181,-0.2544372277983342,-0.5899423748562459
15.419999999996893,0.9701414146562519,0.03285836799540369,0.06291605372108526,0.7179856718716231,1.0334567086946154,0.033031889418045454,0.006311366959733652,0.4860518048968476,-0.11580809530275041,-0.3785972198044085
15.439999999996882,0.990709912639226,0.03246472133196712,0.05188565525246133,0.7174118847352664,1.0370326090179203,0.008337690899119631,-0.08062576731019755,0.5323212118363017,0.02952057813179919,-0.724362394373664
15.459999999996871,1.010959501583777,0.03201584569316159,0.04505915609542099,0.7140496660341651,1.030502545124096,0.04968084590343076,-0.22907290005041914,0.6091712991549275,-0.15260818272302312,-0.2727811147863153
15.47999999999686,1.0306658812721587,0.03141610356524938,0.03617060591508315,0.7097228349966536,1.0504109969546018,-0.05140243290236968,-0.12268113731516733,-0.16483573828844864,-0.39149522220153987,-0.7022490805163459
15.499999999996849,1.050995587425828,0.030427790190204387,0.022457895990864066,0.708543224546661,1.06621363495822,-0.06788270427626097,0.011373596399713847,-0.2387321946588002,-0.3382530421046597,-0.6425249197426568
15.519999999996838,1.071425730278049,0.029319924825258532,0.010968488558752475,0.7101274668626505,1.019510104554773,-0.07197831246518821,0.12918436177224457,-0.22035327324329954,0.023767261448991786,-0.47358508186721204
15.539999999996827,1.0916738183230639,0.028131906889093165,0.0018481069546561644,0.7137336358670865,0.9950574142456403,-0.07855784720343582,0.20704488019794298,-0.2639166117798514,0.26268169233355726,-0.3850574213594355
15.559999999996815,1.112032539196875,0.026976382914612684,-0.00640596300743983,0.7184173865555972,1.00037655628455,-0.07649523602094843,0.23420089918388792,-0.29901391510120884,0.33553092112651733,-0.36868132723844765
15.579999999996804,1.1326645022972617,0.025960298213989576,-0.014670909544539555,0.7230884062133685,1.0138632371636476,-0.0690822192657852,0.20601768834806153,-0.30695478360175216,0.3276060073112317,-0.390023722882668
15.599999999996793,1.153513441052168,0.025007745480406525,-0.023085299445710698,0.7266885736006063,1.0290248038532326,-0.07422954510689615,0.13201898812855323,-0.3331524313311586,0.23905508288649785,-0.37938021256752935
15.619999999996782,1.1743329506263467,0.023905884303380445,-0.032574316935131506,0.7282849099838966,1.0489591172902057,-0.09519956167762986,0.015521665669417054,-0.3622096726322328,0.04766535165816906,-0.4139197194452551
15.639999999996771,1.1945989971602722,0.02299585986413992,-0.04289058709921326,0.726127908357579,1.0133009503429407,-0.06767354027936258,-0.22704668149458843,-0.21756710319477282,-0.03427739469094537,-0.5287687595691457
15.65999999999676,1.213187926068582,0.02232797202187773,-0.04700447497149437,0.7209473273963787,0.8970881598608403,-0.015506099798696315,-0.225912454396149,0.24235622098952356,0.14545141035963843,-0.10467045811574602
15.679999999996749,1.2321693614833231,0.021319572179650883,-0.05315253278488928,0.7183007462564799,1.0171070337910169,-0.0615630592949659,-0.05868883702925554,0.32886863565471364,-0.2288994872816171,-0.532861472303238
15.699999999996738,1.252545303236469,0.019045683275730262,-0.06488119327085118,0.7177289426345941,1.055678736293778,-0.1113440026117045,-0.006898143836863317,0.30690725856841994,-0.28484554296902004,-0.5960392152307901
15.719999999996727,1.2729332822767379,0.016301658961215937,-0.07382013974325444,0.7178998476451206,1.0277845322368002,-0.10823001332279318,0.005203346081169532,0.46142309314548696,-0.17616302956219437,-0.36122806206606756
15.739999999996716,1.2932670385504172,0.013102022997309328,-0.08509014183756979,0.717258046255617,1.0280701245144361,-0.13160896640215541,-0.08538597679079173,0.5298734865584221,-0.03488019127793085,-0.7267046197606579
15.759999999996705,1.3132372812728939,0.009941425674743517,-0.09145039556462556,0.7137885577953123,1.0251024071027837,-0.08994220395298556,-0.23358998706932182,0.5733862193295286,-0.23346520565667883,-0.2455956011601057
15.779999999996694,1.3326370365755136,0.00666998894079483,-0.1003158972280191,0.7094101468647379,1.0318429008754408,-0.19539144668113756,-0.1233972055941415,-0.22899681808808064,-0.36508071644903184,-0.7093168795577363
15.799999999996682,1.3526146625239606,0.0029102037822451537,-0.11396111189853772,0.7082725369336216,1.046338114969025,-0.21370123313512795,0.014976721154263134,-0.2900085580913995,-0.3127391778545628,-0.6346423794041598
15.819999999996671,1.3726671059368454,-0.0009829894708212746,-0.12531387824395987,0.7099465954005353,0.9984320079114518,-0.21122142641996097,0.13407121811421296,-0.2212164596807368,0.04669950743501418,-0.4695817257439993
15.83999999999666,1.3925155073659938,-0.004928051378133453,-0.13439741354633783,0.7136534286021994,0.9729281523794526,-0.21400463512505616,0.2119656851409269,-0.2288882492673592,0.2896774562816981,-0.38610259363958893
15.85999999999665,1.4124713523535146,-0.008850950321643425,-0.14265816473326637,0.7184303965746603,0.9783967912588184,-0.2121424481067976,0.23854356465457532,-0.2502800594920727,0.36471541620662445,-0.3699247824578196
15.879999999996638,1.4327120044443968,-0.012667622423186881,-0.1509136797705666,0.723181111927026,0.9926222437455184,-0.20623110240055773,0.20977295904299256,-0.25680990819919697,0.35663720405540855,-0.38976998352412145
15.899999999996627,1.4531721880651773,-0.01644303137450088,-0.1593749950821896,0.7268486875093696,1.0065638737692737,-0.21262112267471156,0.1350937188097459,-0.2911223669840032,0.27484699928299927,-0.386111255380058
15.919999999996616,1.4735790787664629,-0.020353706337146497,-0.1690145395009452,0.7285004452081163,1.023073873260737,-0.23544067921363582,0.01812891457473455,-0.34296516364445645,0.09166477361562914,-0.42463547460867007
15.939999999996605,1.4934715653283992,-0.02400670962426359,-0.1795371874005926,0.7263974345547723,0.9928964553018178,-0.20333336379152264,-0.22403603505266187,-0.20876835270163793,-0.012229391774477502,-0.5361675474335172
15.959999999996594,1.5117293678128394,-0.027202753688304254,-0.18403629934822022,0.7210582460416823,0.8785685398091082,-0.1373653232119358,-0.2371135091607641,0.24915475941619614,0.12446273966015332,-0.05982419958342727
15.979999999996583,1.5302829485104126,-0.030793395059753745,-0.1893111197320207,0.7182665146040009,0.9948589311002598,-0.19862450159105952,-0.06257269112091615,0.308837979370813,-0.282922660666974,-0.5009777035740726
15.999999999996572,1.550071141248367,-0.03579262706140733,-0.2009573775211229,0.7176063258025936,1.0281785626489588,-0.25075187377558883,-0.012498350416269914,0.28113336146061135,-0.3366875092418634,-0.6205500098337423
16.019999999996596,1.5698195264008952,-0.04125497751917323,-0.21033745135869958,0.7176501768952873,1.0013845367138543,-0.2456109793349272,-0.0015474512176243647,0.4386332033115715,-0.25401342476620603,-0.3825855445906512
16.03999999999662,1.5894434880460266,-0.04716951839308416,-0.22195036368141807,0.7168850893073666,0.9967253065364288,-0.2680458176201221,-0.09078621844733492,0.5290484924275327,-0.11521794136278626,-0.7434651576782098
16.059999999996645,1.6087085843655666,-0.052999453692428554,-0.22864129611145273,0.7133107755866721,1.0006966145568439,-0.23057533075451925,-0.23399886759429425,0.5239779891126829,-0.31724896407479847,-0.27673198760382645
16.07999999999667,1.6274039249005872,-0.05891009201058611,-0.2378082707354866,0.7090442375385776,0.9930202343202559,-0.33575608090439196,-0.11550204580715848,-0.28596455135922205,-0.3392009749985466,-0.6989882545390556
16.099999999996694,1.6466246543551317,-0.06535604997451795,-0.25142259831716945,0.7080612816813615,1.003221513463571,-0.3536661132900008,0.021745607143815356,-0.328536203443878,-0.2612185998469815,-0.6307557743969219
16.11999999999672,1.665880488833261,-0.07193273897845191,-0.2627149671505483,0.7098365610902552,0.9544131357956132,-0.34457367512662546,0.13750634745706347,-0.20947246407482278,0.09649140846046875,-0.4669381560151122
16.139999999996743,1.6849275576099842,-0.07853992719544751,-0.27173169846664896,0.7135930487965391,0.9297213109140542,-0.3444631281112407,0.21334726953342642,-0.18510182933682107,0.3349904089006285,-0.3822545791470356
16.159999999996767,1.7040950614630963,-0.08514963598607928,-0.2799449932398487,0.7183858569319933,0.9359176796352879,-0.34386275065188276,0.23849777891295598,-0.1966038241203881,0.4109330604573345,-0.36810197437123454
16.17999999999679,1.723561512658611,-0.09170248943550398,-0.28821783427024394,0.7231265961813963,0.9506910825825958,-0.340645770064555,0.2086430317292766,-0.2052351488178947,0.40471971821925534,-0.3917663126585783
16.199999999996816,1.743247101071237,-0.09826557348649827,-0.29666746670740946,0.7267676063539691,0.9638011933297607,-0.35057030924449306,0.13339719386472865,-0.2544849144938657,0.3241227880197351,-0.38013465916483435
16.21999999999684,1.762855346989867,-0.10497724772114317,-0.30615703943261785,0.7283676753502837,0.9770681318047784,-0.376619054038261,0.014530551494792543,-0.331277686321729,0.1448687225367118,-0.4109063022528949
16.239999999996865,1.7819638577725183,-0.11133736604114233,-0.316460524174994,0.7261595428100585,0.9481424450842222,-0.3395379999142656,-0.23017083683310424,-0.21114252325136862,0.03504324737118494,-0.5199978146323427
16.25999999999689,1.7995230226937895,-0.11700962969140016,-0.32023752106238523,0.7209730868058939,0.852599341127678,-0.25547324322106685,-0.22375816921310493,0.29332413256996676,0.07797850473257797,-0.08588833421911553
16.279999999996914,1.8174300780970825,-0.1231867000136583,-0.3255124096435684,0.7183660886284837,0.9587993022398161,-0.33784818048857546,-0.057110128010669794,0.26190306655028095,-0.32178404123728355,-0.4841112961530332
16.29999999999694,1.8363361043417916,-0.1308743590051793,-0.3369624749944606,0.7177593984568643,0.9810290729529728,-0.3812568400064427,-0.012076739072550722,0.2513805500309763,-0.3465899645197863,-0.6473302990226774
16.319999999996963,1.8551435724616587,-0.13899442694597586,-0.34582569800050295,0.7178106149641285,0.9574000652219876,-0.3842243349155947,-0.001467228484725011,0.3843539069015956,-0.30531705453018276,-0.3391691650348205
16.339999999996987,1.8737796330087433,-0.1475653502208952,-0.3571983430608744,0.7170039716363752,0.9499893112400831,-0.4021693427959717,-0.09451307157467621,0.5027392011006644,-0.1711654514234548,-0.7424671497060925
16.35999999999701,1.8920552951264578,-0.15595884830040568,-0.3634179883177242,0.7133593883343234,0.959172353358082,-0.3648018824383387,-0.2369577235966258,0.46919798444767546,-0.3824163787366325,-0.2579790415153567
16.379999999997036,1.9097527396319909,-0.16436986555642952,-0.37265936690338763,0.709028896876871,0.936715577384595,-0.46884023975898304,-0.11843556233881805,-0.3324665536704316,-0.287069364965608,-0.7156764263476214
16.39999999999706,1.9279029963799346,-0.17339429661450254,-0.3864117966180181,0.7080163080664728,0.9451589370653947,-0.4880294540347801,0.021134394599392738,-0.3585640329626061,-0.21213760651383629,-0.63443334631959
16.419999999997085,1.9460722690338241,-0.18255792230977688,-0.3977419879850588,0.7098005253544425,0.8982277817786207,-0.47242303823239346,0.13886129526516627,-0.1910285603015624,0.12365125883840548,-0.4686740810666981
16.43999999999711,1.9640323888071345,-0.19172543212406382,-0.40681380728655814,0.7135981216754106,0.8740188279244312,-0.4691333035256699,0.21611869657920887,-0.13512391878456878,0.35532553244521364,-0.3858616439898859
16.459999999997134,1.9821139947931494,-0.2009139761086973,-0.415079606019987,0.7184548500348449,0.880439853920536,-0.46953649674927384,0.2421875054446968,-0.1370582284246079,0.4309235666688446,-0.37084207138400865
16.47999999999716,2.0005027122565413,-0.2100872128036113,-0.42337316802243613,0.7232752678802954,0.8957773219678533,-0.4682951824039832,0.21301569699668096,-0.1467442367577019,0.4249336871673862,-0.3926568854434192
16.499999999997183,2.01911498899081,-0.21929315727341067,-0.4318751551760712,0.727007991325381,0.9077228074389506,-0.47903599249905404,0.13821238626139554,-0.20366178757855322,0.3531918215426534,-0.3869940585823304
16.519999999997207,2.037644232137762,-0.22862571444660554,-0.44153439945433876,0.7287288290508914,0.9181070356248929,-0.5059693633742286,0.021734434768011002,-0.3043851867622265,0.1871503202256536,-0.4240664021453095
16.53999999999723,2.05574780282143,-0.23759770225702043,-0.45204664643096243,0.7266975141747393,0.8982984254661535,-0.46691590958472784,-0.2200859880735725,-0.1975010850562358,0.04663282624994185,-0.5366506090749942
16.559999999997256,2.0724123103846597,-0.2456512073234142,-0.4567012995890364,0.7213982998474334,0.8057513982446987,-0.37047572999330314,-0.2368370912952949,0.2817746731357617,0.05400497787892279,-0.06630257756707943
16.57999999999728,2.089238143280232,-0.25408501389082405,-0.4620152516457542,0.7185744322680976,0.8992451511565529,-0.4568766848641439,-0.0647206271975135,0.23350809300635778,-0.3442628978923603,-0.4868930541959567
16.599999999997305,2.106881087924762,-0.26422542323331544,-0.4734903440262825,0.7178589777197353,0.919720750424618,-0.5194536193588271,-0.017110787304678132,0.1762004411459158,-0.38813853007666155,-0.6281751785824716
16.61999999999733,2.1243974232039053,-0.2748228124372966,-0.4831703126507536,0.7177891272647011,0.8973739308045363,-0.5087178950387516,-0.0074440405986687715,0.34430507382011977,-0.3564874812973764,-0.39639427320446263
16.639999999997354,2.1416884638926783,-0.2858404940084205,-0.49481489053293326,0.7169347600761473,0.886953174852281,-0.5287750313475695,-0.0934132537851466,0.47367797400848227,-0.2504611820826936,-0.7454070017535592
16.65999999999738,2.158681094377449,-0.296685749469359,-0.501740335460079,0.7133438437767904,0.9031064944148219,-0.4934905342092122,-0.23475786319183875,0.4242541583256353,-0.44666078969148415,-0.29384003655600877
16.679999999997403,2.175084103401492,-0.30748192375095884,-0.5109929490871867,0.7090278722166159,0.8646955157103405,-0.5940653018183267,-0.11889224813060371,-0.36346453041506055,-0.24131513724821516,-0.7016818287499194
16.699999999997427,2.191841537213362,-0.31892958865807525,-0.5248437952595792,0.7079573401669577,0.8700423714408099,-0.6129820201526478,0.017250013815012868,-0.37374898615456065,-0.15313448005749453,-0.6471489687137081
16.71999999999745,2.2086117025726493,-0.3305166713940747,-0.536375031857649,0.709656673170647,0.8267129611683189,-0.5915491023656227,0.13475339185098614,-0.1611937619110689,0.15150336019585084,-0.474542635570651
16.739999999997476,2.2251810420686358,-0.3420922042077995,-0.5454894590346248,0.7133789361015422,0.802994305006077,-0.585811340046116,0.2129341236173349,-0.07606893869900996,0.37432144903384057,-0.38375640052196514
16.7599999999975,2.24186602338803,-0.35372022141894005,-0.5537215427425396,0.718186154074889,0.8088026265794928,-0.5880126311394178,0.2404169597615458,-0.07024337178273896,0.4537342605871292,-0.36769550904040776
16.779999999997525,2.258855679501968,-0.3653879137327985,-0.5619982283441902,0.7229862304001038,0.8238871109304517,-0.589603307652426,0.21253662622151226,-0.08270873066592027,0.45265780056656657,-0.3916920896693467
16.79999999999755,2.276060736208915,-0.37713245376999227,-0.5704378016532917,0.726723581491752,0.8341070951559595,-0.6029408714583793,0.13888450467424962,-0.15338518374923216,0.3898159469436848,-0.37986572719840445
16.819999999997574,2.2931675633688346,-0.3890030910339131,-0.5799800119230617,0.7284751439152839,0.8409284908270928,-0.6318899839310593,0.02375926542245711,-0.27990984265794955,0.23891956281916668,-0.4168852317527382
16.839999999997598,2.3099068767556608,-0.40046365549855606,-0.5903533102070984,0.7264940514095749,0.8267930353346178,-0.5906650836451519,-0.21730696571721758,-0.1943849876811198,0.08325633466606071,-0.5323542227878344
16.859999999997623,2.3253232583580066,-0.41080602492192736,-0.5951410363592843,0.7212303028743271,0.7461060688489343,-0.48110748641432427,-0.23599991362628905,0.2860733292544461,0.03080055131991633,-0.07698232598378908
16.879999999997647,2.340840888377331,-0.4215298908464831,-0.6006512519594829,0.7184227592978994,0.8278902305465382,-0.5790732383259083,-0.06395475246146554,0.18629462641584416,-0.3582663619857155,-0.49786225270652185
16.89999999999767,2.3569538389969438,-0.43406531148044875,-0.6123798528883775,0.7177250777599453,0.8416623715722495,-0.6422170640050718,-0.016082859019498554,0.12634823259275202,-0.39864223770106344,-0.6532363911293562
16.919999999997696,2.3728891482078267,-0.4470498707754153,-0.6220851115683607,0.7176931139509132,0.820582319086491,-0.6332635936844141,-0.004960483331395849,0.2829536614915045,-0.39723640270404464,-0.3872464903511091
16.93999999999772,2.3885444720840434,-0.4604165218052336,-0.6334093555693419,0.7168984593809434,0.8073953233113954,-0.6507903194869944,-0.09059500447080275,0.42960828326480344,-0.3065465817192895,-0.7499517435948029
16.959999999997745,2.4039037753539287,-0.4735920282389428,-0.6402367721093875,0.7133534246934756,0.8265442049624291,-0.6162578887802992,-0.2368985408610579,0.36769518401579726,-0.4987959272315033,-0.2719529112480276
16.97999999999777,2.4186849981602005,-0.48662467455288716,-0.6495932443755781,0.7089636835000124,0.7759868696355665,-0.7118521708829282,-0.12226214782867696,-0.394895397671125,-0.18855206596501262,-0.7087944433321658
16.999999999997794,2.433718373532294,-0.5003488837871729,-0.6633403636678438,0.707834622375382,0.7786407821911467,-0.7311711566354462,0.015335033111103616,-0.39795123853935926,-0.10729878790987539,-0.6366806989154838
17.019999999997818,2.4487487490988884,-0.5142143645384982,-0.6746966301630183,0.7095295513413818,0.7390025418184483,-0.7042195548140986,0.13610790421767852,-0.14623652239265936,0.16224195963295596,-0.46644942313738375
17.039999999997843,2.463578980199682,-0.5280425573604519,-0.6837043755482253,0.713302238828983,0.7156485117399332,-0.6951955779468827,0.216498293214091,-0.029088795523355915,0.3744365983392851,-0.38012925228556654
17.059999999997867,2.4785097158176916,-0.5419394159972148,-0.691872414337893,0.7181942177827956,0.7207439811065521,-0.6981566786648623,0.24528307155439813,-0.01147639494436909,0.4543001696260581,-0.3651163652638789
17.07999999999789,2.4937366927662374,-0.5559170324311348,-0.7000953976150747,0.7230999808170825,0.7356803953628567,-0.7016617388738523,0.21821909140741505,-0.02329824280942005,0.4549894479576104,-0.38920682045457167
17.099999999997916,2.5091738636121157,-0.5699952788764151,-0.7084852345647621,0.7269560123701898,0.7442683933337974,-0.7155676797202961,0.1450564597062244,-0.09934914352753452,0.40356844408112136,-0.37867259013140586
17.11999999999794,2.5245121012801697,-0.5841794101389556,-0.7180335801452488,0.7288593728151401,0.7478677604879963,-0.7446681332252877,0.03260966048160092,-0.245355201016395,0.2741280215687856,-0.42124949860642125
17.139999999997965,2.539562659824282,-0.5979783872004324,-0.7283124599739844,0.7271088253173023,0.7437238957044868,-0.7054364352878344,-0.2042512137281153,-0.1904794967349736,0.09320206303265118,-0.5271430419090917
17.15999999999799,2.5534648955709267,-0.6104698423923755,-0.7338415087768585,0.7217853107509457,0.6679030103306526,-0.5849345756725655,-0.2490477823357651,0.2565018084898441,0.026562375161203786,-0.0656574765247312
17.179999999998014,2.567325161529845,-0.6231575025039576,-0.7395697603739938,0.7187585052490706,0.7376056806509224,-0.6810856594560727,-0.07229038011102175,0.1459155882357557,-0.35991091754363763,-0.5183217036492147
17.199999999998038,2.581549366396281,-0.6377677485896451,-0.7516001868685777,0.7179603407627388,0.7434000956621174,-0.7611541883111664,-0.02014736126151815,0.03658020168588674,-0.404056930116813,-0.6532551374551622
17.219999999998063,2.5955447995318903,-0.6528837190721759,-0.7619928967464662,0.7178610469492899,0.7268909691379527,-0.7429376896419889,-0.006961741607561658,0.21894223560609488,-0.42990890782918084,-0.43022913861492895
17.239999999998087,2.6092084425647797,-0.6683441922383012,-0.7733574954980095,0.7171119083508503,0.709267821226996,-0.7615783452548317,-0.08525492245545982,0.3719379870024403,-0.367502026696108,-0.7430600502246091
17.25999999999811,2.6226064698949463,-0.6836309061865529,-0.7807371904661591,0.7137047489822868,0.7336653379266251,-0.7273846391727208,-0.23413457148715738,0.31606490580278246,-0.547370691644319,-0.2827535694250624
17.279999999998136,2.6355106606829874,-0.6986424246932055,-0.7898807304183161,0.7092526654202679,0.6730653310738145,-0.814846701753638,-0.1281098966076328,-0.40799909376833643,-0.14466952757570978,-0.6965156946391616
17.29999999999816,2.6485132650409784,-0.7143750031454148,-0.8034380191101363,0.7079583330520127,0.6703909083431228,-0.8358925464479818,0.006876008586055686,-0.41794320689080616,-0.05006928113128899,-0.6333111767500382
17.319999999998185,2.66150131893635,-0.7302598569795368,-0.8148118386695813,0.7095009197671894,0.6363061319461587,-0.8044790550699636,0.12946728062636978,-0.13523844638604576,0.1771425772435316,-0.46762439953116525
17.33999999999821,2.674302502466189,-0.7460772080035383,-0.823833403634662,0.713157042090915,0.6138904813024825,-0.7912516729920274,0.21148359929468766,0.016109491932254,0.37404984481396797,-0.38011042813340035
17.359999999998234,2.6871881529345494,-0.7619685991948664,-0.8320088225487478,0.7179671912621749,0.6180408433742551,-0.7943778491720348,0.24206570287527956,0.04825813536317396,0.45380055843989753,-0.36539372683762117
17.379999999998258,2.700355028929151,-0.777978237715805,-0.8402420283145562,0.722826883990435,0.6324065370344585,-0.7996381922568355,0.21667503276429706,0.038657546151096435,0.45708829075290214,-0.389057230533145
17.399999999998283,2.7137190280020422,-0.7941152908191673,-0.8485459883535218,0.7266648703998089,0.638904280002943,-0.8143231529610263,0.14461634170609422,-0.043089358096602325,0.4178065470628973,-0.3703005099812381
17.419999999998307,2.726976647192832,-0.810342511192656,-0.8579331707129283,0.7285811347842601,0.6386360786211873,-0.8434598747619276,0.034099820773405905,-0.20561330902494734,0.31301174197325776,-0.4140468191505197
17.43999999999833,2.740025672386824,-0.8261545568781172,-0.8679263939404969,0.726892503577749,0.6410008932408303,-0.8065436932936113,-0.2007344088461118,-0.189050499326531,0.12260519395048139,-0.5090482648917718
17.459999999998356,2.752094955375926,-0.8405308730558506,-0.8733047981832907,0.7215938867655884,0.5805746375101555,-0.6765238918103981,-0.24961613296881124,0.24663671782262744,0.0012802015914694861,-0.06363418827314338
17.47999999999838,2.764083272451575,-0.8550833829839964,-0.8789644413761512,0.7185616341491823,0.636457458233061,-0.7800161158856248,-0.07216769871833525,0.09097012709130026,-0.36627323884171675,-0.5176276468630236
17.499999999998405,2.776166995174356,-0.871586347315919,-0.8909457335524574,0.7178045586443949,0.6307741114112195,-0.859658059943165,-0.01507396419801534,-0.01855321137062206,-0.40223231713197743,-0.6372356025154143
17.51999999999843,2.787938570210195,-0.8885608558451878,-0.9009145364499669,0.7178490003023883,0.6166549449624601,-0.8389057802081321,0.0014721859768110114,0.1612832099704012,-0.4549598149044668,-0.41201054550513344
17.539999999998454,2.7993549162767,-0.9058031430730038,-0.9119078120115014,0.7172765183842108,0.598206286878924,-0.8557547436934076,-0.07668531321936878,0.3207483022864476,-0.41182381819870284,-0.7530993453585453
17.559999999998478,2.8105217083956564,-0.9228911974895949,-0.919798727589986,0.714035044360487,0.6256755290165705,-0.8246130669096446,-0.22989856662879385,0.25620507147690674,-0.5859435867183079,-0.2955422034449271
17.579999999998503,2.8212826068905077,-0.9396004788349341,-0.9287440191848468,0.709541568536525,0.5565360984506509,-0.9018843585464404,-0.13342459240061397,-0.4167108141320403,-0.09935862530335057,-0.6850702086906459
17.599999999998527,2.83199133698814,-0.957018099355508,-0.9420457367538693,0.7081180614786486,0.5483980289497696,-0.9233552001861942,0.0008469574101378514,-0.43145501623488974,0.007374173146541166,-0.62600773095253
17.61999999999855,2.8426680390570516,-0.9745935648744877,-0.9533615171872387,0.709563671103452,0.5203511320879515,-0.8886444925092281,0.12576825043777212,-0.1282034808295863,0.1886102523052361,-0.46665225035109226
17.639999999998576,2.853178006628421,-0.9920699527123915,-0.9623850167231917,0.7131594691490184,0.49992316119964203,-0.8711778053914931,0.20914592468316542,0.0539399555402634,0.3635890854490227,-0.3811397136936206
17.6599999999986,2.8637603206601283,-1.0096160376434282,-0.9705649806406096,0.7179338533588264,0.503449073355294,-0.873891898270874,0.24090370463711086,0.10084817706447245,0.43908678488415576,-0.3656801187903324
17.679999999998625,2.8746073386391573,-1.0273089931724921,-0.978777319057795,0.7227817941945346,0.5172925917177014,-0.8805497161201266,0.21670046907075355,0.0940501778105167,0.44292208864264904,-0.38695823752424063
17.69999999999865,2.8856429426704224,-1.0451469184112527,-0.9870323869543193,0.7266273199460755,0.522272533037812,-0.8949362090010619,0.14528210639319428,0.012704141843584572,0.4154806243371401,-0.3681872824158472
17.719999999998674,2.896573930751482,-1.0630529895432665,-0.9963750229477968,0.7285763293711148,0.518462511579856,-0.9230806096647052,0.036620546133583606,-0.15979003883043322,0.33741405883679776,-0.4147459509034192
17.739999999998698,2.9073571719049376,-1.0805464671461287,-1.00631584349733,0.7269938994377337,0.5271305168069501,-0.889974928560533,-0.19422547347470914,-0.18146457672972738,0.14350532508260802,-0.5007588348042304
17.759999999998723,2.9173590353376078,-1.0965065355149228,-1.0119727397875617,0.7216114110224817,0.4793043695281743,-0.7520638551950696,-0.2598510187755198,0.21884161679451386,-0.0068152804606995965,-0.022011008767230618
17.779999999998747,2.9272139820949157,-1.112524027258424,-1.017149752119446,0.7184422559105753,0.523876958308706,-0.8572044712646737,-0.07548863623279489,0.032152408977878674,-0.37987907238780144,-0.5085925650209537
17.79999999999877,2.9369290348338986,-1.1305076065273083,-1.029149987366966,0.7176746080791224,0.5062385221216086,-0.9424222064163617,-0.013336412493573849,-0.10142991690773247,-0.40464550217796613,-0.6263988439869952
17.819999999998796,2.9462333026520593,-1.1489709784934554,-1.0389299176982794,0.7177848902325288,0.49583961841886504,-0.9163072435070004,0.006003447247793983,0.08472431905649377,-0.48383847402012975,-0.41219692009623954
17.83999999999882,2.955147029696395,-1.1676158748040382,-1.0497514043313958,0.7173299921401648,0.4733546460551381,-0.9308858221071815,-0.07015830135491365,0.24969434621582226,-0.46003089383376017,-0.7421730122906623
17.859999999998845,2.963831366701804,-1.1860998091970771,-1.0577309019594836,0.7142165292906011,0.5050652220869637,-0.9045475319584675,-0.2243172426597912,0.16805505105551682,-0.6206682801412164,-0.2972794994739788
17.87999999999887,2.9721826974674426,-1.2041398884090813,-1.0662908004762512,0.7098255335784022,0.42858406482911854,-0.9686260163359278,-0.1293985507460726,-0.4244698662296182,-0.05718399098578275,-0.6641206542190585
17.899999999998894,2.9804106018048557,-1.2228383376437033,-1.0793777978478079,0.7084518536826908,0.4178094076546409,-0.9878234745061647,0.0026539548688862477,-0.4212499636350562,0.05772618570539858,-0.6249734257322316
17.919999999998918,2.9885927092822326,-1.2416846249481297,-1.0906603604570497,0.7099104334832128,0.394757905591288,-0.9501842457707279,0.1257113356534663,-0.10041721962000723,0.1985115660084253,-0.4661838094595274
17.939999999998943,2.996625718387201,-1.2604083687623548,-1.0996499189417146,0.7134874121429446,0.3768050695430758,-0.929805577851877,0.2075680888450518,0.10339235589407471,0.34935246724369723,-0.3791455237221023
17.959999999998967,3.0047219922744515,-1.2792024298333404,-1.107802063308765,0.7182167641490691,0.3798602506611645,-0.9324041730755053,0.23814724042754357,0.16151042147490788,0.41947384746822425,-0.3646686165997052
17.97999999999899,3.013060481530807,-1.2981701640493009,-1.1160144655992048,0.7229990374994868,0.39254974327774145,-0.9405404572713127,0.21300991615538434,0.15604134175499373,0.42508437686029904,-0.3875424238159052
17.999999999999016,3.021560243421467,-1.3173036780126028,-1.124261274494155,0.7267613190793132,0.3950215087146402,-0.9555770589011423,0.1407860849996622,0.07020848922269918,0.4095989161761615,-0.3657688024667354
18.01999999999904,3.029934904003269,-1.3364865441207843,-1.1335461658063284,0.72859757253174,0.38666561256157994,-0.9828356099340575,0.030059065792177094,-0.1114531800930473,0.3549944785293829,-0.4091394574775877
18.039999999999065,3.038249195979748,-1.3551949208125944,-1.1434118399673043,0.7268251815045191,0.39889998962769135,-0.9482977070306541,-0.20565636235531062,-0.15122049072529894,0.17302478323704493,-0.5000307761273015
18.05999999999909,3.0459606867609357,-1.372277324007284,-1.148461036606729,0.721458563667808,0.374904841311976,-0.8084889764158341,-0.25103624606932273,0.2280153560454463,-0.06154712202667369,-0.049493992556108056
18.079999999999114,3.0535302926469745,-1.3895529957386115,-1.153956899977768,0.718446366656086,0.40019395445330214,-0.9265806858864205,-0.06947125483151417,-0.03005479754981563,-0.3777633342251446,-0.5234639961569233
18.099999999999138,3.0606585559472825,-1.40874732121383,-1.1660301472657795,0.7177748933759953,0.36999166784442195,-1.0021309150331172,-0.008228486529886165,-0.14294224185604046,-0.38347350985992934,-0.6090908200029497
18.119999999999163,3.0673289211574777,-1.428288955197971,-1.175542853014106,0.7179830824257036,0.36389359548557826,-0.9726290242132452,0.010236077145201597,0.038331169189126636,-0.4875131841006969,-0.39450785192939875
18.139999999999187,3.0735916604097953,-1.4479581570232305,-1.1862719718496475,0.717566595295745,0.34046320323659796,-0.9845670706689839,-0.0703270310096831,0.19708645978908174,-0.4855998503038398,-0.7320547879755788
18.15999999999921,3.079670546911296,-1.4674156475001816,-1.1938226170405928,0.7144381086263482,0.3780338399895916,-0.9650099041311708,-0.22198622749141572,0.07218370998965787,-0.6343383020893427,-0.2877343665377894
18.179999999999236,3.085495703149881,-1.4864032677507135,-1.2023515661857633,0.7101091934075028,0.29434230159690705,-1.0162767731109794,-0.12664991998177197,-0.41656648712561617,0.0048365080055922105,-0.68151112340877
18.19999999999926,3.0911423387493593,-1.50605872376467,-1.2158524227045848,0.7087792335906126,0.2814515050811323,-1.0351993391188465,0.003301999005816174,-0.38929143201899585,0.11223366256589859,-0.64319633116416
18.219999999999285,3.096719410155905,-1.5258626490673153,-1.2273987644785895,0.7102194980735663,0.26373978309530777,-0.9945647961141711,0.12344881209867856,-0.04998432914010255,0.20881799580697963,-0.47478884515174896
18.23999999999931,3.102171979035765,-1.5455347445509753,-1.2365116779650933,0.7137338562052054,0.24927970087303852,-0.9733359464976452,0.20392369320793655,0.16474169707660727,0.3310312755705271,-0.3822381355761433
18.259999999999334,3.1076872395339077,-1.5653028996468907,-1.2447098618110655,0.718381393690863,0.25215369657815834,-0.97754168786341,0.2338100823560495,0.22574712844787165,0.3940769803789526,-0.3653464429625936
18.279999999999358,3.1134212064347917,-1.5852893222466207,-1.252928752042967,0.7230710611381599,0.2634061772122057,-0.9880804423167234,0.2081257647000228,0.217407872338979,0.4026979871680226,-0.3872678869124188
18.299999999999383,3.1192914015758384,-1.6054693258483317,-1.2612011527349625,0.7267364168723169,0.2637113767228639,-1.0042898102984554,0.13617507359191267,0.1250088121812344,0.4010840289157828,-0.3684353466315826
18.319999999999407,3.125027077012382,-1.6256868270319726,-1.2705058824395927,0.7284711481649107,0.25128086100080016,-1.0309894832273383,0.024706740939375013,-0.06810042047074705,0.3718528868477823,-0.40712956162980235
18.33999999999943,3.1307696059569996,-1.645383211711012,-1.2804569669265595,0.726565112717507,0.2667309120610951,-0.994771904691801,-0.2130175741982854,-0.12298247041401243,0.20143919274709599,-0.5063092577023692
18.359999999999456,3.1361484234227706,-1.6633922742045244,-1.2853021723456866,0.7212959417641435,0.26840829361037005,-0.8581650414028469,-0.24019918815561053,0.21343981288901437,-0.11979142264221267,-0.08365422293632105
18.37999999999948,3.141342313347364,-1.6817102996858808,-1.2911735831335354,0.7184266311431373,0.27072829717031044,-0.9822318484233158,-0.06627814561098452,-0.09360431765437423,-0.36034376573537774,-0.5290183029445171
18.399999999999505,3.145844470495786,-1.7017942833184363,-1.303257960856571,0.7177878887717737,0.24296961649859894,-1.0372959958961678,-0.006605173969850858,-0.1607849237630651,-0.3791437286422877,-0.6516206446109817
18.41999999999953,3.149895199388225,-1.722091069502455,-1.3122931773972137,0.7180531763894543,0.2293228499834868,-1.0170675083384477,0.01346970033843211,-0.03996087774645135,-0.48346233887962275,-0.3458111869725408
18.439999999999554,3.15345477064489,-1.7425101795407942,-1.3230303627661444,0.7176432395843274,0.20582815102964694,-1.024817911554418,-0.07194562985411752,0.12841856467254417,-0.5027086758788571,-0.7282963397710693
18.459999999999578,3.1569076114808725,-1.762653178962273,-1.3301436650381693,0.7144721779516504,0.24714165787371492,-1.0096839735048557,-0.22391279931217276,-0.028059163524434355,-0.6354890485184834,-0.25385252272448633
18.479999999999603,3.1601539468081086,-1.7823004456263567,-1.3387126906027866,0.7100925195566248,0.1552042513001102,-1.0486550368108156,-0.12962543282403008,-0.4101869505629037,0.06772718701259153,-0.6986017849567749
18.499999999999627,3.163115569661805,-1.802578875028226,-1.3522776693666654,0.7087381403732932,0.13991066541173627,-1.0655396733411686,0.0028771973581906366,-0.37326363294498943,0.16298369057883477,-0.6385688843623585
18.51999999999965,3.1659801071121225,-1.8229829873918142,-1.3637155740554332,0.7101857331732457,0.12757664285508102,-1.0222915051733807,0.12435026472855723,-0.02468839322598823,0.21337785300267154,-0.4684955309920045
18.539999999999676,3.1687382078263497,-1.8432301958171424,-1.3727668164749731,0.7137245833949288,0.11629678832813445,-0.9991091027021829,0.20540956323023357,0.20372897744085638,0.3045975524498669,-0.3804659672986993
18.5599999999997,3.1715489150885148,-1.8635750731560843,-1.3809382295687613,0.7184016353776526,0.11899860114107484,-1.0035173986851764,0.23533447864894724,0.27120449089376564,0.3562528125063005,-0.36393950264543956
18.579999999999725,3.1745510129191215,-1.8841608202558375,-1.3891141017671707,0.7231183195294851,0.12907388201204048,-1.015352712365502,0.20945805480036586,0.2626153745673466,0.3637231385507542,-0.38433512244825646
18.59999999999975,3.177666038295176,-1.9049512890647713,-1.39734115071431,0.7268044402599958,0.12747496930366237,-1.0311058952122718,0.1371104979880108,0.17133254657671854,0.37315358394363246,-0.36654541867903767
18.619999999999774,3.180645661890088,-1.925752967777781,-1.406612508618871,0.7285468654691363,0.11170081617972304,-1.0552761508153548,0.02479138188391089,-0.021844561739952945,0.3692835014781746,-0.4064332538097175
18.639999999999798,3.1836720188236374,-1.9460472643291102,-1.4166212085007799,0.7266307846542706,0.13286524248106044,-1.0213378983265604,-0.21348233899124966,-0.09564817416652832,0.20201786165077676,-0.5116356911780948
18.659999999999823,3.186623795983322,-1.9646246753815355,-1.4214033693927115,0.7213576293349825,0.15345065188883067,-0.8875800065423904,-0.24049357880706024,0.1898214614641748,-0.16221414431867695,-0.08964451792430171
18.679999999999847,3.189382843820494,-1.9834469249310795,-1.4276780310106436,0.7184677229503216,0.1416692008549504,-1.0078294723152148,-0.06773335771070058,-0.14222958137492397,-0.35904838225954083,-0.5490977839941528
18.69999999999987,3.1911675846945267,-2.003945066237881,-1.4395892535836654,0.7177993395418139,0.09355389378290943,-1.06585266996017,-0.008278877695054376,-0.23844122830073872,-0.34019777216912717,-0.5863975894127664
18.719999999999896,3.1924390798944957,-2.0246060679183646,-1.4486662810699156,0.7179886259046846,0.09383159101173995,-1.0362329515180098,0.008212991139413858,-0.09005637286309479,-0.4834764575397685,-0.3738647328511824
18.73999999999992,3.1932600423965294,-2.0452918967680485,-1.4594832081133398,0.7174775812840939,0.06837349810673578,-1.0421600658469157,-0.07666103025573875,0.05783200511166005,-0.5237301880270879,-0.7215739355758857
18.759999999999945,3.1939983586929537,-2.065690326015776,-1.4664667379301262,0.7142083393819133,0.11044420498019962,-1.0318970476110116,-0.22840966231509,-0.1129122322538049,-0.627928620023435,-0.25230900076543183
18.77999999999997,3.1945781921208085,-2.08555276924785,-1.4750388727489603,0.7097733721904864,0.012188436351006169,-1.0580895625021003,-0.13060319463249126,-0.3980887885204537,0.12673070615369872,-0.6984818138565205
18.799999999999994,3.1947855867151844,-2.106017554598562,-1.4885536595633713,0.7084377533199955,-0.004927222500968213,-1.0741634837492713,0.0050528101086816345,-0.3560913908631134,0.21471274860541087,-0.6355574557962184
18.820000000000018,3.194878814473389,-2.1265959900186626,-1.4999431436467254,0.7099393671547473,-0.011552555811700282,-1.0291074325237837,0.12726513160216615,-0.0017945547027500702,0.21906689264536838,-0.4683257058318359
18.840000000000042,3.1948860889160278,-2.1469970504835714,-1.5090102773446483,0.713535608240974,-0.01952403463398381,-1.0042262283282013,0.20800657737817352,0.23812604449383046,0.2775923097730218,-0.3833055600570779
18.860000000000067,3.1949334934249336,-2.1674965477132058,-1.5172311702896684,0.7182580137186321,-0.017149896315862237,-1.008793321156281,0.23714177838748204,0.31143804362166977,0.31725057517074196,-0.36729943957800903
18.88000000000009,3.195139129284027,-2.188255815082864,-1.5254542903135713,0.7230021468702535,-0.008630165765129299,-1.021660077889993,0.21037956145138903,0.30354382092779064,0.32407100526546045,-0.3872472150074622
18.900000000000116,3.1954298069627805,-2.2092267625252022,-1.533780204349782,0.7266982347090908,-0.01222006677585883,-1.0367181512950547,0.1372294882921475,0.21559136414012414,0.34432540207188456,-0.37446841654758206
18.92000000000014,3.1955835398813086,-2.230181507969379,-1.543206018770613,0.7284245677894837,-0.03115359251402523,-1.057939306863499,0.023199529041357223,0.025207260716373248,0.36413085702198905,-0.41509667001745604
18.940000000000165,3.195874065529916,-2.250611636632997,-1.5534484014515064,0.7264577991133057,-0.0055233219380928684,-1.02503342252245,-0.21650779205478116,-0.06384193753011515,0.20989878661088546,-0.525228283243997
18.96000000000019,3.1963041262034744,-2.269336628875151,-1.5582496321456374,0.7211832920107055,0.034229983959743825,-0.8973655827174973,-0.2380760033530795,0.1643110283706466,-0.1990172004633588,-0.09128484862742173
18.980000000000214,3.196473876430103,-2.2883314795627703,-1.564291325604928,0.7183514514595816,0.002844795022967188,-1.0175180202872602,-0.06481769089364788,-0.1999558493953403,-0.3438247034718659,-0.5359974391837748
19.000000000000238,3.195464343330815,-2.3088369919319174,-1.5761705154358965,0.7177141601029902,-0.046898200214732975,-1.0642983794098466,-0.0076418143034973265,-0.2754737307919791,-0.3244667616895285,-0.6059828720381321
19.020000000000262,3.193949346977383,-2.32941505773691,-1.5852644493434658,0.7179001479607466,-0.04706782351088512,-1.0366521298286708,0.007287138485417665,-0.15875961579020179,-0.4708225791011317,-0.36690837076441885
19.040000000000287,3.191973034255893,-2.3499512493495143,-1.5961431090695661,0.7173374880863909,-0.07188030128908628,-1.037341699354513,-0.08036240420970699,-0.012723555297462663,-0.5289264185249276,-0.719642532514083
19.06000000000031,3.189976751240723,-2.370174048426547,-1.6029170743539949,0.7139875850409269,-0.028812784917582046,-1.0353707523513642,-0.22845304113046877,-0.20698829953898656,-0.5963228599919286,-0.26390489478346346
19.080000000000336,3.187864491222843,-2.389845551964135,-1.6118260987193125,0.7096502394901655,-0.13216097074809857,-1.0464064450551744,-0.1240362426746458,-0.37341454320769907,0.19323429388379804,-0.7098479370083647
19.10000000000036,3.185309667571591,-2.410104438510058,-1.6256744522029776,0.7084455447379344,-0.14961899684303687,-1.0607801443336913,0.010233333534028485,-0.31306879053228776,0.2590083694981774,-0.6477223991717299
19.120000000000385,3.182624459286048,-2.430456337729421,-1.6372351095337676,0.7100137301974271,-0.15032750151546573,-1.0141852637299082,0.12878118063119035,0.04481595927545508,0.21277737864198687,-0.475138467217674
19.14000000000041,3.17986818529091,-2.450624927532711,-1.6463926511848748,0.713618235158792,-0.15542716395856496,-0.9895910091455741,0.20735077372028932,0.28527177441492907,0.23952377354925616,-0.38622661937037045
19.160000000000434,3.177130141069935,-2.4709100198485854,-1.6546733031817884,0.7183130146309261,-0.1541611033384266,-0.9952374377412903,0.2350094869389109,0.35999271786107545,0.2704661887852706,-0.3696778060731112
19.180000000000458,3.174505798506694,-2.491480676140145,-1.662962941807507,0.7230033800975231,-0.14805000828846437,-1.0093946351120646,0.20711225903001396,0.35214599622502474,0.28014423107280123,-0.39120132390254836
19.200000000000482,3.171926052297629,-2.5122737772312753,-1.6714120170898414,0.726629968040451,-0.15453317443990255,-1.0243440319526562,0.13359882603706172,0.26465153793679486,0.31460713905099785,-0.38120131612385966
19.220000000000507,3.1691993549696718,-2.5330288936924696,-1.6809322504770425,0.7282642035750745,-0.17702380063370657,-1.0428642842303486,0.017732625960847306,0.0747236960948324,0.359488272740818,-0.4156257378005473
19.24000000000053,3.1667001116674416,-2.5532455184596086,-1.6912761187879575,0.72615310589694,-0.1466062466343972,-1.0095310517660825,-0.22451089136990707,-0.020705636484009707,0.21881858727360046,-0.5310394325174755
19.260000000000556,3.1645888113087564,-2.5718069151829046,-1.6956291964533747,0.7209934055075632,-0.08487690575545136,-0.8971986260659692,-0.2261797781135439,0.12369203795581005,-0.25043093489458523,-0.10099230547924481
19.28000000000058,3.1620951079137147,-2.59073270797446,-1.7016106472809909,0.7183201409415413,-0.14179448061625785,-1.0123236280458217,-0.060831147350101075,-0.24970439254503876,-0.3042399983668454,-0.5213597611394749
19.300000000000605,3.158254946794492,-2.6109339717751046,-1.713261599050154,0.7177007514346413,-0.18839174145506246,-1.046041599169522,-0.00935342300702566,-0.3003228734777837,-0.29201400850989223,-0.6115775078673308
19.32000000000063,3.1539710991467595,-2.631113091016705,-1.722172135615332,0.7178347599045655,-0.18768375873951795,-1.0203638617516484,0.0038540126300367367,-0.21688258044315417,-0.44186052888065064,-0.35271222037191174
19.340000000000654,3.1492023579249713,-2.6511987720631165,-1.733252288721022,0.7171674394556572,-0.21149667606353353,-1.01733187411471,-0.08643089321944195,-0.08111931066632205,-0.5206537281976149,-0.7112111413683943
19.360000000000678,3.1445108242002564,-2.6709263114514736,-1.739454293348016,0.713689166269938,-0.1685844907466847,-1.0192158206570698,-0.2339940782627738,-0.28680097772459656,-0.5512471095507473,-0.23849373053039266
19.380000000000702,3.1397488295319627,-2.690091404192742,-1.7485955417638026,0.7092715644814563,-0.27498541157540335,-1.016924795704817,-0.12615348567419288,-0.3410846817145996,0.2572783885723388,-0.7288597864232405
19.400000000000727,3.1344448394151336,-2.7097809453109325,-1.7624411613588649,0.7080911126415655,-0.2944547343712449,-1.0291253820761563,0.013219722672326977,-0.2833760371948124,0.31127489094463606,-0.6369759300618688
19.42000000000075,3.128997655342279,-2.729527904492749,-1.7738233061171131,0.7097453967421453,-0.2884261153065471,-0.9814412280446289,0.1337517220985202,0.0693858396730817,0.21507571343809864,-0.46815179765049825
19.440000000000776,3.1235118419865655,-2.7490684374686185,-1.78291508016293,0.7134575272008352,-0.28943568076184895,-0.9560373339616762,0.21278518398265295,0.3114671104309036,0.20468521225367434,-0.3860438946280763
19.4600000000008,3.118036442934932,-2.768721207084374,-1.7911865639411455,0.7182595685759794,-0.28822114721252284,-0.9618734099438149,0.24018694051805345,0.3868975842155089,0.22077925177062568,-0.36999409586506576
19.480000000000825,3.1126421064067307,-2.7886691014738783,-1.7994473728034672,0.7230489422160895,-0.2835447318720178,-0.9767203381713487,0.2119435055163179,0.37831532799951617,0.2283210532402791,-0.38940162039101534
19.50000000000085,3.107269853275324,-2.808841509877031,-1.807866216077054,0.7267642617618794,-0.2911533814691002,-0.9902716122810142,0.13767800520017032,0.2980470564050677,0.2699833011149526,-0.38169743968387376
19.520000000000874,3.1017671363017842,-2.8289550988993355,-1.817414985730885,0.7284790022802262,-0.3151351464027494,-1.0052660355473242,0.02176197358507239,0.11884685404457548,0.3374270260592208,-0.42012923048788603
19.540000000000898,3.0965543959782043,-2.8485846584535977,-1.8278275359812486,0.7264608034772022,-0.2807146301401099,-0.9789209104992868,-0.21940521062359344,-0.0011022299588025752,0.20874753177841568,-0.5339732815448814
19.560000000000922,3.091932405407137,-2.8666316520051325,-1.8324144232359538,0.7211689560692608,-0.20659566382855576,-0.8698653405711924,-0.2369972735975235,0.09849286178157844,-0.2537880058312216,-0.06784848248361137
19.580000000000947,3.086943648809886,-2.8849050641220746,-1.837729501204215,0.718347076993776,-0.2730937909961766,-0.9774674021999679,-0.06486270622456576,-0.29708539935960687,-0.2858479431404765,-0.49320231139731563
19.60000000000097,3.0804449418409723,-2.904294334406993,-1.8491691306978824,0.7176569186939591,-0.3297304754104212,-1.0081578534930324,-0.013387863224583194,-0.3534531469949472,-0.24871092529632682,-0.6073232859678988
19.620000000000996,3.0734560614863424,-2.923628633878773,-1.8583138237989691,0.7176915661313723,-0.32377656507703245,-0.9827888228015976,-0.0015038385330028142,-0.2847197453129315,-0.4128008020806205,-0.37402383700845315
19.64000000000102,3.0660192063788503,-2.9427931225326613,-1.869571513417659,0.7169390617670054,-0.345823165023592,-0.9751689330114329,-0.08940910071234494,-0.15674278092336866,-0.5150207343629132,-0.7238003524219402
19.660000000001045,3.0587114795024224,-2.9616326229266985,-1.8761080180436163,0.7134263468142688,-0.30605156806028083,-0.9860053968855035,-0.23106376859360664,-0.3655006924585226,-0.5026418057424347,-0.2720279698070536
19.68000000000107,3.051371389485522,-2.979900330024474,-1.8852511762289121,0.7091672471431287,-0.4110588507440504,-0.9672708681847374,-0.11730417395843669,-0.3060059899035262,0.30368959166323245,-0.7109095169728155
19.700000000001094,3.0434557543125185,-2.998639692363079,-1.899216726137421,0.7081190293246882,-0.42936052536592206,-0.9764446746680715,0.01775014013461309,-0.22406247194228338,0.333999618964558,-0.6513654472147877
19.720000000001118,3.0353979468876044,-3.0174198220028714,-1.9108087973458576,0.7098151924491407,-0.4172858755104599,-0.92997551901472,0.1339432307930316,0.11462499083319702,0.18834298740828392,-0.4769094950629666
19.740000000001142,3.0273121186311056,-3.036001721234493,-1.9199727594293623,0.7135080733392047,-0.416214349819793,-0.9056884576847979,0.21088944792719946,0.3490127536381604,0.14956182339381857,-0.38608528333910364
19.760000000001167,3.019201966494909,-3.054707771187512,-1.9282498126903613,0.718262252042782,-0.41697520680657757,-0.9119095982126061,0.23728610561934566,0.42689967845566607,0.15943919151208144,-0.36950899452804115
19.78000000000119,3.0111162584140008,-3.073720405732309,-1.936555852212494,0.7229891745089791,-0.4154230190952539,-0.9270818836296036,0.20846650553703838,0.42218890904352724,0.17151775054235807,-0.39286628659670586
19.800000000001216,3.003001123830025,-3.0929563588009366,-1.9450487545402537,0.7266385352699319,-0.4265636910200551,-0.9397528978219238,0.13443504910092427,0.3458033762063785,0.22974604447481692,-0.3829195755043312
19.82000000000124,2.9947431118395897,-3.1121124125162143,-1.9546012511049091,0.7282802235413851,-0.4537855624207704,-0.9515246077336437,0.017563681516653728,0.17254943425427582,0.3238596949482763,-0.4151592348004698
19.840000000001265,2.986864359388987,-3.130802298950982,-1.964986005681008,0.7261479436224854,-0.4149046095210511,-0.9262839065994191,-0.22584993514065774,0.04794011252754092,0.21062711218473865,-0.5332531851513671
19.86000000000129,2.979797736343176,-3.1480032259429165,-1.9691967168309283,0.7209918879669013,-0.32375125268668903,-0.8361040850127424,-0.22462557001439143,0.05479667680250133,-0.29004036939082456,-0.09497713991605237
19.880000000001314,2.972238620735132,-3.165481187160986,-1.9747048259931863,0.7183420560133014,-0.41148995811403266,-0.9328538249412343,-0.05991681900314243,-0.3259766909786901,-0.2353857365668218,-0.4935753709630676
19.900000000001338,2.96309351433156,-3.1838280341655887,-1.9862911939404462,0.7176951742100467,-0.457309925931544,-0.9537481392376125,-0.013360196344117488,-0.361146352263094,-0.22007361875838924,-0.6471877951134481
19.920000000001362,2.9535160858114375,-3.2020576351598224,-1.9952094986598745,0.7177380897924115,-0.4590749013523661,-0.9301600845105978,-0.0008470980066200701,-0.33332217158771804,-0.35695243611584937,-0.34391953082987187
19.940000000001387,2.94348436868051,-3.220077271435429,-2.0066004934424426,0.7169685430949557,-0.4775270058067213,-0.9213790108839147,-0.09144679737065671,-0.21039378270192202,-0.4857409911504843,-0.7482183126234917
19.96000000000141,2.9336408055257466,-3.237782201113125,-2.0132217087394375,0.7134059623799328,-0.44026137492542344,-0.9364550454002492,-0.23341815500000648,-0.42347405426783896,-0.4461073261578469,-0.277299805464036
19.980000000001436,2.923817049828215,-3.2548979462898378,-2.0226089600866777,0.7090928057102643,-0.5425241296947068,-0.9023115428611065,-0.11993976632014915,-0.25242170997940405,0.34477906195595037,-0.7204265645579113
20.00000000000146,2.9133528592575804,-3.272393687067018,-2.036664892455831,0.708010585031302,-0.5617799043292501,-0.9091240395482981,0.016554679258407156,-0.17358370505692466,0.35992622750430364,-0.6506280595950943
