time_s,world_x_m,world_y_m,yaw_rad,base_height_m,world_vx_mps,world_vy_mps,world_vz_mps,world_wx_rps,world_wy_rps,world_wz_rps
0.0,0.0,0.0,0.0,0.74,0.0,0.0,0.0,0.0,0.0,0.0
0.02000000000000001,3.4113154948895433e-05,-0.00016937754371210308,-0.00409135062311797,0.7440638387895662,0.20120885503932656,-0.013981368745779196,0.32449562231599155,0.06612913029512595,-1.174867814674068,-0.1982633429849236
0.04000000000000003,0.0020596398855422865,-0.0010586948365287172,-0.00413827013244149,0.7500594724107965,0.19108754657931376,-0.06878140850424216,0.28688527060808494,-0.19688669316349716,-0.9794600971000983,0.13921400381296123
0.060000000000000046,0.0036720389216297125,-0.002162806722747624,-0.0033663428871943983,0.7545461237552056,0.09679264402976553,-0.0625056035069741,0.18552670149196854,-0.22892375112186333,-0.3914893926118845,-0.11116467198755307
0.08000000000000006,0.005171653678547712,-0.002734240075253056,-0.008601877893555565,0.7572793626128943,0.12747883479410893,-0.018550099320040536,0.11067680111305557,-0.1346190497941302,-0.42643164472584016,-0.5024937530331534
0.10000000000000007,0.007076577939143741,-0.0025344153145672654,-0.017041321411103955,0.7587317076391542,0.14514529442694446,0.023935037329614713,0.0611584211417066,-0.0939837010900999,-0.42439743157356224,-0.5130642585890572
0.12000000000000009,0.00920951800384901,-0.0015622756166714978,-0.025471200043370373,0.7593710675909616,0.13890010001805092,0.06185730722167129,0.027964142739695212,-0.0661686745759058,-0.2798568405540327,-0.4432216945002195
0.1400000000000001,0.011651814348566531,8.389974383745019e-05,-0.0325096033078752,0.7596877738797906,0.14558776893228934,0.09484115386510324,0.015693858617244084,-0.05704126618941885,-0.1488523284290828,-0.2684844088839919
0.16000000000000011,0.014686118378928225,0.0023670186711307363,-0.03561858056265983,0.7599770072041219,0.16684217162549092,0.11341297514413996,0.010905656614006847,-0.12621560330951326,-0.06271516436304711,-0.06035677529426699
0.18000000000000013,0.01830374610595012,0.004862289332316184,-0.03722964884303195,0.760064857777362,0.18742064522730661,0.10633464129613103,-0.014722657083895158,-0.23240828115595946,-0.010345257402423567,-0.031513750250137196
0.20000000000000015,0.022442573723204903,0.0072708032805831315,-0.04020744258160937,0.7591113023897296,0.2098370142510609,0.0899532171137139,-0.09935391373880789,-0.27680655912740215,-0.029755117044493403,-0.1481842894328045
0.22000000000000017,0.026683255701630503,0.009153335668369152,-0.04692643475042666,0.7555540919711065,0.2066157498338711,0.03687001913108236,-0.2775287171829838,-0.3253921467941068,-0.023103047970289507,-0.26218408358397965
0.24000000000000019,0.02918699452927196,0.010283551948512482,-0.04994212142415992,0.7480626204436911,0.10095480215614391,0.03585706930613166,-0.3328400912447983,0.10757885776271811,0.17222988982423898,0.43721746182005367
0.2600000000000002,0.03125799728999695,0.010644772450568938,-0.05185556793638325,0.7433551560358238,0.17797982198240897,0.044107875253477986,-0.10211815672475966,0.7592743581327686,-0.31375187590848047,-0.3521564050029558
0.2800000000000002,0.034417418886910696,0.009716712106883707,-0.05834595798506457,0.7429970991679199,0.18263783834912975,-0.028802220834580602,0.061339111841395066,0.6753678770519346,-0.20430292526037758,-0.27700228927768267
0.3000000000000002,0.03804076312838343,0.00774965787758091,-0.06066052628200576,0.7456952901234092,0.1821697347028406,-0.06358151904989531,0.17816341740173003,0.6326430451632826,-0.04002925778369212,-0.003589587472995759
0.32000000000000023,0.04219419682818481,0.0053032124665962415,-0.05686331340220997,0.7501722843434973,0.20900188977092657,-0.07461574492146035,0.22734701907087557,0.6594521905043389,-0.02880010219951186,0.2913023111483976
0.34000000000000025,0.04673704091975091,0.002701473444208498,-0.049123218997511334,0.7541861460281095,0.2167355558182929,-0.07409413120386743,0.1412971401761345,0.6456489350957165,0.017848457880935028,0.45011431125289436
0.36000000000000026,0.05124971678532535,0.0003298724862878772,-0.038936445415606494,0.7551929913799336,0.2144014501554495,-0.04588713708840793,-0.058560185944789116,0.6240689003305773,0.0455647411308413,0.3198759081116399
0.3800000000000003,0.054757578731218684,-0.0009799792982050548,-0.035736540410905696,0.7510572013048067,0.14296968900120635,0.015585024401659221,-0.26211248905099044,0.6689236312339558,0.2966002245550482,-0.7974281506388209
0.4000000000000003,0.058408607125969,-0.0021301752917480946,-0.042401479856519105,0.747406457265055,0.28646732296424054,-0.08592795829093462,-0.05212204326948517,-0.1873765951024188,-0.43846634161665643,0.04266016519073258
0.4200000000000003,0.06380210714670617,-0.003446586758891877,-0.04135312499309021,0.7486275070011215,0.31945609410498227,-0.08571405452249344,0.16933376328744176,-0.42042098153574836,-0.3989182123346938,0.23643263906301412
0.44000000000000034,0.06930838481160385,-0.00436041754261962,-0.036698157288084086,0.7531536695943738,0.2482910116807871,-0.07541524257100182,0.27111164635233115,-0.4750469226804625,0.1578802829387511,0.3489778100581732
0.46000000000000035,0.07476729742329186,-0.005038305115005864,-0.029506849761225584,0.7594385959092579,0.2610625589513642,-0.05088490226723934,0.3317512356140831,-0.5019401718882872,0.36189015514481837,0.5238212498622815
0.48000000000000037,0.08128357709295712,-0.00501518321227592,-0.018351782785970272,0.7662582382770946,0.29675452547383774,-0.03172262088838597,0.314412954830209,-0.5344483855543619,0.4888061772186352,0.5803258351021899
0.5000000000000003,0.08826981519750948,-0.004864148231976295,-0.010080690499595068,0.7717613901866525,0.30186354574536345,-0.031065320427016374,0.20687703703359459,-0.49146482425295407,0.5719248246942322,0.32890264568035515
0.5200000000000004,0.09554241333835828,-0.004860652059551526,-0.004891990346637965,0.7744148644132635,0.3360452320507657,-0.043070942930900684,0.03443797814381299,-0.4173445466139406,0.3778921372888444,0.2892602897785539
0.5400000000000004,0.10279819561268276,-0.005686380069349365,0.00037865280107539313,0.7732967915381082,0.36288032012961574,-0.12925725673896146,-0.1589705710289274,-0.5721333665159981,0.1139576004130583,0.4198160020683972
0.5600000000000004,0.10836573315229346,-0.007712649622786876,0.005047320075210781,0.766248177863241,0.21669762536856688,-0.2096108279101605,-0.5057757572335063,-0.7056483065594504,0.6647412872186527,0.6606370986732644
0.5800000000000004,0.11161904367341123,-0.010550974590177824,0.03219711003526336,0.7560082596591915,0.08953391907884417,-0.11033363119988052,-0.3953079129642383,-0.025482863186057924,0.9186766924457385,1.5048774481834406
0.6000000000000004,0.11541591902540355,-0.01248966442440676,0.05497727312498445,0.7521142228397304,0.22006132983129664,-0.055085788709077585,-0.018710961733273676,0.5384206738335823,0.24457936625258575,0.6213682478868883
0.6200000000000004,0.12072441798002531,-0.01462074825097224,0.06517636399703634,0.7544289364919605,0.2850281321348554,-0.07537402241483541,0.20673052601625827,0.5593069421255941,-0.0005037189677547594,0.2679923585035044
0.6400000000000005,0.12713943915504336,-0.017083308112888385,0.07120174653491505,0.7597879132967081,0.34135422023389483,-0.09498446653599243,0.2784009083180498,0.4229114524052829,-0.1447887760031077,0.26997892334946844
0.6600000000000005,0.1342295207140686,-0.019639412391207072,0.07960048013781065,0.7649356807173338,0.3587464139509502,-0.10047445380039023,0.19631863186906268,0.3133720739562667,-0.12695507223977603,0.4996364035678501
0.6800000000000005,0.14128746348823767,-0.02197425966069185,0.09301859072107589,0.7670266997586397,0.34331995643088015,-0.07678829329634496,-0.007823271411296543,0.29397514039796985,-0.053379369313166385,0.6694866225159636
0.7000000000000005,0.14784825694618928,-0.02359573948099925,0.10707100561200945,0.764297066722051,0.3358226319927746,0.0010202099169845588,-0.2619196381877113,0.464237936389844,-0.06346477002787007,0.22978863590838683
0.7200000000000005,0.1531843787142647,-0.024222909214349227,0.1007894252874988,0.755786303185241,0.2363536848997573,0.0009150567316940708,-0.4338008305230916,0.31540703768566175,0.22203394498238793,-1.2982064970870082
0.7400000000000005,0.1590625882698534,-0.025105574702537024,0.08552574412244353,0.750319443539177,0.3905586943667954,-0.08219990601751978,-0.11674960392884827,-0.289099516485353,-0.6261653872874977,-0.1315738441545945
0.7600000000000006,0.16602081374480998,-0.02619033864933184,0.08615654045371214,0.7504234910524525,0.3924367718342304,-0.0720197126580592,0.1069347142899932,-0.4367411550166901,-0.5204882666193633,0.2651579608499705
0.7800000000000006,0.17303820771636194,-0.02654087676264753,0.08976234264863285,0.7537970939791094,0.3507988493047034,-0.02645427690810241,0.21123521943954152,-0.4086987164978356,-0.0849162885947507,0.14250580711368577
0.8000000000000006,0.18025670970391064,-0.026016768841299404,0.09131067826925283,0.7586390066342702,0.35648316572538885,0.0116611069675641,0.24565548367562073,-0.4298675731507479,0.12979253383893058,0.1528232302727371
0.8200000000000006,0.18825118936037388,-0.024673020077166204,0.09709160078058031,0.7632604670448354,0.38841608674494965,0.038016953794556343,0.19016781279100003,-0.4696437357512619,0.2101189296495845,0.34345491476973883
0.8400000000000006,0.19662467580818926,-0.02321591433159785,0.10168757856245912,0.7658426882097163,0.39475964076397574,0.029563788257564803,0.04747220088259609,-0.4533294668136787,0.23100023804070868,0.19305395518978466
0.8600000000000007,0.20507360239441133,-0.022284742895703147,0.10695206625422238,0.765049789365361,0.4250761747385698,-0.021058902761434795,-0.141069129134487,-0.4982065757243957,0.028711351214516297,0.42437521237925235
0.8800000000000007,0.2127487417926509,-0.02242852136126719,0.11356501433062538,0.7591226685300901,0.3727043806831015,-0.11380579237669061,-0.43165170552919324,-0.6758585497086906,0.21574084491042655,0.6915115487901143
0.9000000000000007,0.21863930604996185,-0.02352529601164695,0.13380789527265613,0.749737272879172,0.25516092444687144,-0.02689791442128266,-0.3783695241178012,-0.013880875854060835,0.5641139964564913,1.0869222350615213
0.9200000000000007,0.22516131723293262,-0.023789501730329645,0.14774545690408897,0.7454316807886714,0.36149350185301804,0.02735653580244849,-0.06676224495127882,0.4911196261526672,0.162055584208742,0.213656306305845
0.9400000000000007,0.2332457238830551,-0.024080502086657636,0.15139446012115187,0.7464652836115162,0.4135447717519448,0.015602552243462145,0.13125230005108063,0.4891518124868706,0.10933781121602605,0.04425569722491422
0.9600000000000007,0.2423155186593607,-0.024608043700192664,0.15696995763579302,0.7503379610557319,0.44713031714258084,0.0017526366945433917,0.2099798734056003,0.41813995992715264,0.14559144375116398,0.3411408486334696
0.9800000000000008,0.25193663619309276,-0.025172513210050346,0.1679553259284907,0.754394993400736,0.4575247851864749,0.006075723185233625,0.15749887441725882,0.409466345357742,0.22950693410396386,0.6048279865542877
1.0000000000000007,0.2615725691820985,-0.0256094644202232,0.18350939371094854,0.755888294601267,0.4449399804843641,0.017514201793433864,-0.031146067388983897,0.3695302284860469,0.29306896838216806,0.7704874943377095
1.0199999999999985,0.2705605199393925,-0.0254471292470353,0.1989863848752862,0.7525695683032195,0.4150763869154005,0.09508548782045674,-0.2955961310819945,0.5064970776287824,0.35012588971222913,0.207611725383423
1.0399999999999963,0.2781524120686806,-0.024627939475023505,0.18864581556536905,0.7448940115555917,0.38321803038750274,0.04684759695331207,-0.3333434291538642,0.027865431643336276,0.2989955738053501,-0.9237409097072011
1.059999999999994,0.2878486554741388,-0.023718234948495516,0.18049161111745238,0.7411691308983129,0.5951489925350254,0.03601570069238604,-0.055670585150001874,-0.2631687201514787,-0.5192472264382011,0.1285276903243988
1.0799999999999919,0.29883773765860344,-0.022808791915784686,0.188362744976682,0.7414979420801702,0.5613791747466648,0.013291986705275167,0.07789264768281336,-0.4558731499570463,-0.1644102511934681,0.6964172184776324
1.0999999999999897,0.31004133666368744,-0.021293012760124998,0.1989777644749351,0.7438813151617786,0.5570235755640314,0.08310500280662383,0.14412681333714508,-0.39813768416164713,0.20153870920239395,0.6410933032440251
1.1199999999999875,0.3220672900866497,-0.018415978731652967,0.21088354849176036,0.7469209116964195,0.5802579190287757,0.1168660834760977,0.13838777977741124,-0.45633910852993936,0.4293954898843332,0.6859101752904626
1.1399999999999852,0.33472009726249885,-0.015163919993329578,0.22044379610641837,0.7489678236307302,0.5958423964177938,0.12122460108503683,0.05793273139496838,-0.5038893179149561,0.5182098543220864,0.44109068559635267
1.159999999999983,0.3476613147439135,-0.012046469924556479,0.2265466301592753,0.7487523597212813,0.6143684746306755,0.10167462883881928,-0.08832092685631315,-0.503263492317746,0.43135853834020166,0.37493767391097493
1.1799999999999808,0.36005997201555845,-0.009708108550712136,0.23236338231124734,0.7451005853609521,0.6104641625180074,0.026888142141151386,-0.2810099352099493,-0.6187147698815709,0.28478045719183465,0.5050932990753029
1.1999999999999786,0.3711733182178905,-0.00876328497191653,0.2462472205879107,0.7362072304462496,0.5102489068906377,-0.014700285948968071,-0.4817828232711602,-0.4004143354245364,0.6000921178636923,1.7146705617770601
1.2199999999999764,0.3822354915481323,-0.007720751538757739,0.2720126682928331,0.7283913446700102,0.5912525477815799,0.09643698682248456,-0.2649104590102046,0.19756544965947231,0.32817278301601727,0.7895711628691614
1.2399999999999742,0.39524601105703866,-0.0057457430231446,0.28217840182631454,0.7253230651218354,0.6791019170767463,0.12445861769535962,-0.056891591612293846,0.2552243865856228,0.18764129061088883,0.18851253227787634
1.259999999999972,0.4097758160411369,-0.0034177040182912285,0.29174126760776364,0.7265077253995899,0.7259069199817828,0.15153503794628553,0.14410981221681873,0.37101910732778176,0.2825819203673832,0.5372786099221935
1.2799999999999698,0.42496228890108595,-0.0005663125844140666,0.3056902934538937,0.7306945609398728,0.7246771569145608,0.1873160470419594,0.23958652099651082,0.5303584601792309,0.4971797749863231,0.5837880999906907
1.2999999999999676,0.4404910410524569,0.002511561964258552,0.3198385077241523,0.7351341726284698,0.7410544202965991,0.18694514523876507,0.18121505980589075,0.5223080017010202,0.47952479160919315,0.6063866872794629
1.3199999999999654,0.45600558921307816,0.005276206453520754,0.34025740404387333,0.7375150551429354,0.7501731487301566,0.16725138447354598,0.047491035008232485,0.4821175071387745,0.3407546730517068,1.0918870513209968
1.3399999999999632,0.4711501448090428,0.008222347326033963,0.3586041215610926,0.7361221051885365,0.7546838762793017,0.2209179178471265,-0.1897373290839262,0.45353697409239285,0.11366586279039932,0.5625390184192033
1.359999999999961,0.48544069585419547,0.011457590614652588,0.3557392273966523,0.729862655683285,0.7145589947559354,0.17806959775907938,-0.31590846066085226,0.13046927885888918,0.10087982727310711,-0.7555256773354915
1.3799999999999588,0.5006997640902667,0.014789987007876256,0.34914609125775053,0.7259285083763415,0.8242780610735503,0.17815112516759385,-0.09226653197674775,0.03445945470015338,-0.3138817517015723,0.22000242855386432
1.3999999999999566,0.5170088398873356,0.01834442077165042,0.36051135705033277,0.726244247638505,0.8578913933875812,0.16947948244141814,0.10142780835067577,-0.11586086326181233,-0.3513959061912049,0.8400198957767818
1.4199999999999544,0.53363982922975,0.022582906673840723,0.3740241069170407,0.729797940634081,0.8416948875608448,0.2193508469701807,0.2265576661161327,-0.28737209885015713,-0.07408744409335677,0.8196366644922594
1.4399999999999522,0.5505111763962414,0.02807410636650866,0.38727764642869844,0.734787700301693,0.8317603378732963,0.2459918379779436,0.25289914397923546,-0.46371627594735765,0.18255626645440046,0.6857196892255562
1.45999999999995,0.567619610014057,0.03408021072478367,0.39660115710776506,0.7393207675520468,0.8402727347328007,0.26365167064845135,0.18704316589343611,-0.4975516469066308,0.27170560706595126,0.3832305919376537
1.4799999999999478,0.585048419999876,0.04032259644242582,0.3997103191456407,0.7420227316824164,0.8662089070305,0.2733517271982464,0.0818231938465724,-0.48762218011182834,0.19385439089173656,0.14707362854213102
1.4999999999999456,0.6024284130005458,0.046160733927260306,0.39976980603353196,0.7421825209881768,0.892735117546891,0.22890769779527814,-0.062173079189709046,-0.5400695329993622,-0.06788819847523488,0.06279336438593293
1.5199999999999434,0.6196179528801933,0.05111564535775297,0.4030742737722599,0.7377992927502328,0.916141495588228,0.18051625926134698,-0.34535930409198545,-0.4254425378822505,-0.2514866119525626,0.4018897822054595
1.5399999999999412,0.63656583152651,0.054922846319748676,0.41692003537528577,0.7294391673554229,0.8378255979283519,0.16310031012397652,-0.39567481785531666,-0.3624230219522679,0.05385163734425481,1.1964003809116268
1.559999999999939,0.6531147072751354,0.05963423830620871,0.43397269087580864,0.7233566063087561,0.8391923020562226,0.2646744882998145,-0.21204427880957333,-0.025239640138534504,0.14923681754788112,0.43943963766343674
1.5799999999999368,0.6707931264890117,0.06563746527729176,0.4439142750502653,0.7214643313119233,0.9040189558181051,0.3338720769380825,0.007828243634738434,0.22215664625485798,0.0765183365146368,0.5166282765966191
1.5999999999999346,0.6890628461438653,0.07242240730284523,0.45830911226671744,0.7236544801187696,0.8927059250998568,0.3771341597714684,0.17335288255761985,0.4357797434501848,0.33140204956826913,0.6230446248275106
1.6199999999999324,0.7075931094103213,0.07954969262308746,0.47296398788713273,0.7274867283872545,0.9048130363222453,0.38762757283543503,0.17932902815777096,0.4928103195699881,0.35432713503943025,0.5832262353623359
1.6399999999999302,0.7262860454319441,0.0863818347881136,0.49129068767852224,0.730191250974868,0.9209231452631602,0.3621650504919463,0.07719224681043631,0.4901786370147897,0.2494433153118774,0.9819770623563908
1.659999999999928,0.7447674740173051,0.09296970311178215,0.5111943588081697,0.7299933553896566,0.9276481293810813,0.37341841693369826,-0.10780085713764288,0.4674831248040944,0.01697514720151648,0.9175148915117027
1.6799999999999258,0.7627817474159928,0.09977815044493152,0.5209110199837004,0.7245690881465671,0.8791598386478602,0.39104506253615395,-0.3669827078115457,0.3985189007070147,0.014284904841522566,-0.2218104727184939
1.6999999999999236,0.7805217114058779,0.10654858083876269,0.5128956782915907,0.7180149328047297,0.9191286582056136,0.3574231696541316,-0.2574039960120808,0.2184324524692402,-0.16934674800012306,-0.40218236816241865
1.7199999999999214,0.7987120987223654,0.11307768170899919,0.5161341516972233,0.7160872996483324,0.9449502621289211,0.3235738832774944,0.03857126272914818,-0.06777688604400225,-0.322977252405283,0.4882701358194249
1.7399999999999192,0.8170764010486432,0.12035644144422374,0.5213512015120194,0.7192951365643165,0.928279645994692,0.35328646539020336,0.24838676548568542,-0.36872424338498977,-0.24808537057564062,0.47114101747769727
1.759999999999917,0.8351102725434638,0.12865217241079044,0.5338550394855941,0.7252046035458128,0.9156387622838719,0.4104628281103559,0.3147294350598045,-0.4184462538655421,-0.1809499400536777,1.0198253519987979
1.7799999999999148,0.8533028952548778,0.13818913671698502,0.5522526634569717,0.7311314086133374,0.9182447456300785,0.4367784322488604,0.2611016271805283,-0.5057577204231237,-0.07746701456015836,0.947964881744256
1.7999999999999126,0.871413878994027,0.14797563096598287,0.5636577947140314,0.7353819576099507,0.9165723630189268,0.44860074277110196,0.16225117300625588,-0.522023743592171,-0.09474942057086559,0.408102345734597
1.8199999999999104,0.8893336851429188,0.15755295926769183,0.5681089230231755,0.7370063330099795,0.932203974024945,0.43173438089834776,0.006381976936620846,-0.45194852618737325,-0.29689405371098027,0.14692609528387512
1.8399999999999082,0.9072236987332499,0.1664727031087338,0.5733009209948485,0.7341165835790601,0.9643492852450216,0.39482263943805845,-0.26565062850055454,-0.3412001315548686,-0.45253115061486193,0.3845049631412284
1.859999999999906,0.9251674853766538,0.17435353440249182,0.5836959460064008,0.7270657812365081,0.9008336708571306,0.35308747291270753,-0.35715305935501573,-0.4311013596267417,-0.17739084426363233,1.0474945345445477
1.8799999999999037,0.9423301814755667,0.18286362903728054,0.5998682586472176,0.7213634381632951,0.8591126078710588,0.44693501055102597,-0.20586439269521167,-0.11560260316758608,0.0727632985528594,0.542711644598529
1.8999999999999015,0.9597275104435983,0.19264001517902185,0.6143914313649884,0.7198459347129095,0.8631694470712694,0.5234007036812088,0.031380290737923366,0.189021785793974,0.24847199827511246,0.6987453838012827
1.9199999999998993,0.9773206022336131,0.2032474871073659,0.6310786983757394,0.722380599577972,0.8505874824132805,0.5616164219040978,0.1858831102007465,0.36072516014743633,0.45513253630634376,0.6753333615629749
1.9399999999998971,0.99515363334801,0.2141849170612048,0.6466205434625902,0.7263990251313068,0.8679027744937745,0.5732938007327824,0.18566356270451576,0.4247241465790528,0.42180725008101144,0.6212970478002751
1.959999999999895,1.0132012686075103,0.22484466077475274,0.6652277934932351,0.729277389270662,0.8866981692596797,0.5506366466443957,0.0865291541123507,0.43753726823281613,0.3153013984067635,0.9877430217562229
1.9799999999998927,1.0310892863636936,0.2352029078239449,0.6847342755605863,0.7292981850146768,0.8878683258076319,0.5603931813128163,-0.09519979010823378,0.45584119999124717,0.10643935320900472,0.9189358655107823
1.9999999999998905,1.048458499443472,0.2457171225231401,0.6943400630216658,0.7241628581629851,0.8356708139116241,0.5759731077232929,-0.3629666000841663,0.44135736435883444,0.11176264232387625,-0.12890119999903707
2.0199999999998886,1.065451939679598,0.25610374206266034,0.6871448872384043,0.7173748364081514,0.8658409447500289,0.5405507272506286,-0.27925819525849377,0.2632969272301663,-0.041247543538058665,-0.41397746243923766
2.0399999999998863,1.08261599509949,0.2663750701654801,0.6911508362982413,0.7150688149735768,0.8907447217209858,0.5241276748691304,0.021773077242381145,0.05821591237327134,-0.33065830706920873,0.5613457102360898
2.059999999999884,1.0997213994109796,0.27723772620513404,0.6983024270220575,0.7179107788653206,0.871163697828252,0.5369547780160279,0.23081333893557293,-0.3358238551699257,-0.26958082239917786,0.3268519172991489
2.079999999999882,1.1167238642156658,0.2893394264852931,0.7049335809776072,0.7234055743022098,0.8692133657458705,0.6109075429044525,0.29176353529849647,-0.44884349434623555,-0.17230801782506197,0.7272422334534677
2.0999999999998797,1.1335839516746418,0.3027386483278768,0.7184474749049513,0.7286913849930359,0.8395900319525549,0.6128410018456819,0.22682067872605324,-0.5983128182615927,-0.07316521685621823,0.9063081213187749
2.1199999999998775,1.1500732083022234,0.31606887842376025,0.7294955493982616,0.7322690432120201,0.8514246793272147,0.624991721819748,0.13257907457758564,-0.5463312535060287,-0.23380654753486724,0.4341778536844273
2.1399999999998753,1.1665463209959146,0.32908515391026877,0.7368816651404698,0.7330610850977096,0.8864659250232544,0.6084607254347606,-0.04494082355855578,-0.38667120789578013,-0.45405358555961345,0.40612216971855286
2.159999999999873,1.1832818442359094,0.3413224486156005,0.7443286183172583,0.7290995641447974,0.912441036591513,0.5599460218164877,-0.3171227700173627,-0.39371531043782887,-0.568057450185971,0.46112562796547074
2.179999999999871,1.1997714835326916,0.35277487506243976,0.761455402991486,0.7221240201916833,0.8306075989460288,0.5624737221557958,-0.3161345224446535,-0.3104991512779621,-0.18235929344384347,1.1261428202728017
2.1999999999998687,1.2155164376311391,0.365243883483289,0.7782302702166964,0.7174993305440022,0.7814834215685286,0.6435251524346528,-0.13364049914596152,-0.07955632937682613,0.06524387630042919,0.6986332472583006
2.2199999999998665,1.230870860452933,0.3787883251743278,0.7951094924800421,0.7174076142500139,0.7369200228305921,0.7031124455305972,0.09830559708547904,0.11805099980926051,0.4140073128120316,0.7280056521239558
2.2399999999998643,1.2462095084861562,0.3931543251772679,0.8119644962936204,0.7210736170348072,0.7389817038770307,0.7464274114123781,0.23221933661610378,0.271318704282554,0.5066124976176938,0.6697924665438899
2.259999999999862,1.261878482363058,0.40792963661352744,0.8276612818313264,0.7258571888441864,0.7642455023959827,0.7588579787248505,0.21576075764213482,0.32762840597998283,0.41664584643043945,0.6545853760791223
2.27999999999986,1.277818724560484,0.42243243099284494,0.8469988777709384,0.7293416374476154,0.783832081329098,0.737564245360568,0.11687981113960118,0.34639056533568435,0.33143435543469146,1.037839896348635
2.2999999999998577,1.2936766242298547,0.43657809411863024,0.8675487001464164,0.7300742401368903,0.7852639930673839,0.7461870787578078,-0.057409723475540936,0.40715890640744784,0.12876664175275745,0.9876275730801388
2.3199999999998555,1.3090620942800832,0.45080698913850914,0.8798194850050065,0.7257366835295566,0.7355256066518973,0.7632186209891317,-0.34582512433045937,0.468563043536875,0.1532116381381621,0.24731076870228716
2.3399999999998533,1.3238504049725088,0.4646864734986798,0.8737340004509553,0.7184749063229648,0.7381816042687559,0.7157202781867132,-0.33609092237712257,0.2633080454253211,0.0819147555445652,-0.48984534587342
2.359999999999851,1.3388202998538468,0.4785746682292544,0.8766826934398998,0.7148319239958487,0.7750536217167194,0.7138243208362224,-0.045785289138873,0.18044058709229305,-0.25828816017299694,0.5043766985673521
2.379999999999849,1.3536065869546534,0.49292087876986135,0.8840589344049136,0.7165335585276338,0.7575881769610223,0.7162581575666118,0.18316728972804094,-0.22964277740356628,-0.34103806865327646,0.3554654190114889
2.3999999999998467,1.3679965205807318,0.5084039800002149,0.8899397302927963,0.7212712032207179,0.7381623401498321,0.7863430254617505,0.2635206269350072,-0.3962833306240239,-0.2941661742528399,0.678847835466182
2.4199999999998445,1.3820452314863831,0.5253379117187461,0.9021300058301487,0.726052854666412,0.7116381632583001,0.7984223789989556,0.2037958540800177,-0.5466194261354498,-0.22393794302918185,0.8262108206260229
2.4399999999998423,1.395601294656447,0.5421159880418438,0.9129824946873805,0.729121356612356,0.7144546858556474,0.803185874100457,0.10715042447536707,-0.4742356671378456,-0.3749974553565736,0.4550596877118892
2.45999999999984,1.4092484998748618,0.5585578659629882,0.9208183555312297,0.7293755001374177,0.7525477635896602,0.7970301522122987,-0.07286171869419075,-0.2624287380480246,-0.569750236469222,0.3846663955392434
2.479999999999838,1.423217012884487,0.5743437107454143,0.9274942344546692,0.724862745513351,0.7779228571258741,0.7503323078561648,-0.33424203578633105,-0.25496320287284535,-0.6369124915247567,0.6008639430200312
2.4999999999998357,1.4369633995726372,0.589533394459726,0.9450805829333762,0.7180979649932837,0.6998053996917318,0.7662524049275359,-0.2947488145466779,-0.1798533114957559,-0.2570529862869524,0.9777023747128705
2.5199999999998335,1.449884631379419,0.6056404694873202,0.9623366751538102,0.714430661487596,0.6312834792578979,0.8274700085953497,-0.06905282028276755,-0.03266087729216796,0.09632163376666679,0.7588241029749822
2.5399999999998313,1.4621389652438952,0.6225614575250968,0.9800275751925152,0.7155452718096686,0.5733289337272804,0.8601475606077867,0.15254548631428652,0.032281996557783174,0.4862601210959999,0.7270754415057199
2.559999999999829,1.4742402584499976,0.6401443511676848,0.9970131497883732,0.7201121482331317,0.5718809063122214,0.8998522701122714,0.2699265483274288,0.15329129914042472,0.5783612730324209,0.6777328660746033
2.579999999999827,1.486619857911014,0.6581637623594597,1.0129727021074655,0.7256066517282993,0.5963233548744565,0.9145111531030672,0.25005848819642285,0.20765657673055,0.4867785575039497,0.6736744888530266
2.5999999999998247,1.499326774287272,0.6759757499222349,1.0326216515373845,0.7298196262294582,0.6195177024076145,0.8956974261985979,0.15554118471641934,0.21692076079150363,0.40971835312588606,1.0591676112586845
2.6199999999998225,1.5120410881806061,0.6934127850691763,1.0547484219416106,0.7315607410549139,0.6233052189461272,0.9023736089980162,0.003916328276217759,0.3221109556851316,0.2331589630131151,1.0627915474271772
2.6399999999998203,1.5243300655658665,0.7108852149188801,1.068536044270281,0.7287081006940924,0.5803524843752446,0.9307364002484779,-0.274707827527183,0.45853353572966526,0.1956751444634401,0.521499761121513
2.659999999999818,1.5359983775848942,0.7279388646879963,1.0673423038413032,0.7214678141077088,0.5625363730155377,0.8593335696656001,-0.37334714678275643,0.2268997120831978,0.20535084002155915,-0.549242729938561
2.679999999999816,1.547780957643036,0.7449086293812923,1.0670447189558006,0.7164612177192937,0.597817411299461,0.8626978886441697,-0.13295626536878533,0.19369897337152975,-0.07751979631142929,0.3542085550798601
2.6999999999998137,1.559473446105609,0.7621762483453444,1.0744657528530104,0.7165744954109932,0.6075920513340005,0.8755763409743168,0.11120355388861496,-0.07299501273090506,-0.3209779318703456,0.40509320834245766
2.7199999999998115,1.5706943599180867,0.7804382804874149,1.0797506047508776,0.7202502863682029,0.5755788962904349,0.9276865640003937,0.227023695042696,-0.3065200577861337,-0.3709494906730151,0.6087501863747853
2.7399999999998093,1.5811865433818704,0.8000207372256705,1.0949371554394143,0.7244705971473981,0.5495907579091635,0.9401642552834342,0.18453972648774644,-0.4613232520810928,-0.3521129451792193,1.048194390578368
2.759999999999807,1.591284742303956,0.8196064422476271,1.1070252177907995,0.7272361220462049,0.5463309036328338,0.9536045386358897,0.09491398547849379,-0.3954325759307412,-0.4831017649827212,0.4515114982122654
2.779999999999805,1.6013633090504098,0.8388854061791896,1.1133791948646194,0.7272976445819225,0.5708153821290387,0.9499547328758067,-0.07778150839291582,-0.17073525067894613,-0.6277802985502656,0.2584429526218244
2.7999999999998026,1.611851660349721,0.8576197424299936,1.1198868591514486,0.7226649453274644,0.6159529510322986,0.9214067607018481,-0.3404089260143605,-0.0738465618475361,-0.693528848577422,0.6250244713950502
2.8199999999998004,1.62238694888319,0.8758091954947888,1.1375441713772145,0.7157681295354965,0.5444780224860073,0.9222446926740637,-0.3006966707468491,-0.07202149029168649,-0.3475200271473512,1.02006370292683
2.8399999999997982,1.6318181510144647,0.8946049148884511,1.1564977858032397,0.7122517525530672,0.44889451516739876,0.9589926935339873,-0.055003451944064516,-0.03180829553379197,0.10116169125097244,0.8126209853762616
2.859999999999796,1.6403698073764825,0.9140269759489889,1.1747446312128451,0.7137049636545943,0.3879946221066008,0.9789986014272094,0.17105923181224375,-0.04073804322306349,0.4715925717326164,0.736875077793541
2.879999999999794,1.648649071856339,0.9340601954149568,1.191917849192201,0.7186768719067925,0.37913737153643157,1.0177405581817411,0.29077564570441305,0.06076314966220411,0.5776821489691409,0.690120726100659
2.8999999999997916,1.6571027803401102,0.9545802861948778,1.2080520863687954,0.7246511647345003,0.3991209717787901,1.036638225338922,0.27563042487792805,0.12519801379877143,0.5021727585773456,0.6851337491823425
2.9199999999997894,1.6659200152934812,0.9749640637897683,1.2279257017908194,0.7294096816536023,0.42642017797171866,1.0203845656148605,0.1833829703298025,0.12778375324026708,0.4309005203304259,1.0832755680679529
2.9399999999997872,1.674849550246095,0.994974738380586,1.2510522432806552,0.7317907748800214,0.4308560439556562,1.0249653426948138,0.041778629710125824,0.25448589344993233,0.29601007881044367,1.1509071735683694
2.959999999999785,1.6833573628937684,1.0148821913046013,1.2667112680651846,0.7299209174735597,0.38262631755333093,1.0451530192166543,-0.22174918816762476,0.3990715567021463,0.25824623329219043,0.6475652840074094
2.979999999999783,1.6913523354882793,1.0343560627328345,1.2708076154571746,0.7230860217200398,0.3719584553504674,0.9713144105530457,-0.3796387801463867,0.20236901091904985,0.2982057899181306,-0.41558768702095794
2.9999999999997806,1.6993842725500008,1.0535592618211613,1.2705152107940578,0.7176381362863787,0.3991247758457561,0.9700477071622586,-0.17275603586040078,0.16924753538777,0.04578874069941151,0.3441598304392947
3.0199999999997784,1.7073072697444123,1.0729979231571778,1.2789268812090373,0.7169148821479338,0.41455410150540134,0.9933918771815166,0.06903847270625937,0.031123173858523145,-0.2572486450357998,0.44403151158908416
3.039999999999776,1.7146200450782099,1.0932914918678334,1.2843407444363868,0.7199293630552333,0.37475874652511587,1.028865099046029,0.2029539424398659,-0.2181639240353273,-0.40320554332801317,0.5671795942191338
3.059999999999774,1.720893249636672,1.1146818349106804,1.3001730099766997,0.7238099055251831,0.34414414039926516,1.0404735491768295,0.17437108194582404,-0.37520019214886763,-0.43620198197908183,1.0888425972577114
3.079999999999772,1.726724086352698,1.1360674399993056,1.3132106110857376,0.7264028690075414,0.3374016096498871,1.0521357319118658,0.08773426308356941,-0.29761318256163,-0.5541760041599159,0.5031751728968625
3.0999999999997696,1.7325631885210162,1.1571647904232853,1.3196831078855449,0.7263815006938698,0.3646410951860504,1.0559629435970153,-0.07859276528680736,-0.05146050533107182,-0.6645440573914133,0.3008220343102716
3.1199999999997674,1.7389944110916304,1.1778994624026913,1.3277008060940725,0.7217430766205688,0.4144576567882317,1.0452985037133635,-0.3412273466785954,0.09329806578755626,-0.692692329764421,0.6778888493234452
3.139999999999765,1.7455898856974204,1.1981841682800445,1.3455409265034914,0.7147360697096132,0.3458894555400531,1.0306826783906402,-0.30609180325040836,0.024771527391460095,-0.3641006150876789,1.0586168636943283
3.159999999999763,1.750916241501239,1.2187003068696425,1.365030585553885,0.7111309956517327,0.23650268485701234,1.0364228021822826,-0.058111203133416875,-0.06729101190929164,0.11907578139907252,0.8147423420612208
3.179999999999761,1.755228319166004,1.2396198155019342,1.3832583282418274,0.7125486615432751,0.17524313817688658,1.0469979230035822,0.17044359366815937,-0.13755831169562158,0.4592441130839682,0.7352681498710453
3.1999999999997586,1.7591480547248717,1.2611167842206883,1.4005112474364185,0.7175355008920099,0.15833187046089545,1.0844246448866721,0.2924014453889824,-0.05727996610143032,0.5789923628196155,0.7003589453617178
3.2199999999997564,1.7631127998361045,1.2831423605399135,1.4168351189019308,0.7235875793648711,0.1721483562334952,1.107315269271478,0.28093657399271854,0.019067663731600414,0.5233112774510426,0.6976447922371909
3.239999999999754,1.7674439891967477,1.3051200377268857,1.436932072651717,0.7284851252672999,0.20177034574500124,1.0972964486996177,0.19118230308970469,0.03263038494008409,0.4565262012682227,1.0987349536175846
3.259999999999752,1.7719614004342383,1.3267582254683445,1.4604529936497872,0.7310475076465339,0.20542809937550516,1.1023365810787373,0.051925829914822266,0.1812738474590044,0.3537421685712011,1.1777841344948197
3.27999999999975,1.7760918240628374,1.3481820129789142,1.4769556883723574,0.7294290653670001,0.15477192305477405,1.109800709434665,-0.2082055392352462,0.3249791143302165,0.34273701554927655,0.7071028209136727
3.2999999999997476,1.7798195200684228,1.3690688485023224,1.4831786051454001,0.7227429373137217,0.15767759918640598,1.032260118539549,-0.37826070285209473,0.11906436766281053,0.35735426877474474,-0.3390629421420048
3.3199999999997454,1.7836144694801648,1.3896199865351666,1.4833267288231504,0.7172774648700342,0.18351239720281587,1.034304647427625,-0.1770013792995727,0.12767002285842766,0.0998869248516165,0.36616701013838016
3.339999999999743,1.7871919843618842,1.4104383936007265,1.4923151490158788,0.7164958718342592,0.19241289054544788,1.0685986076119842,0.06668885851467267,0.11605789886669252,-0.22215246936059257,0.5005866604500898
3.359999999999741,1.7900434444678406,1.4318968782252337,1.4982778540645891,0.719491759889453,0.15024297127242853,1.0843614042720109,0.20388169565644626,-0.12923070590553742,-0.4439461504083068,0.5438922104111347
3.3799999999997388,1.7916481092274308,1.4541889039099172,1.5144588479071062,0.7233947318886915,0.11499173701031437,1.095327655567035,0.17585885450241204,-0.26741792567790723,-0.5010473909095678,1.1252825414984184
3.3999999999997366,1.7928032063680712,1.4764038701948465,1.5283673971412781,0.7260099602298147,0.10696934615769176,1.1035639467708602,0.08890869538768141,-0.1745140669766588,-0.6048664827926918,0.5489354790951257
3.4199999999997344,1.793988452158039,1.4983504128270457,1.5352818636230676,0.7260069065491658,0.13174122620904882,1.1137454433294787,-0.07701298682994356,0.09006213372904842,-0.665972184001408,0.309635413004264
3.439999999999732,1.7958496601124185,1.5200758620807786,1.543742142075223,0.7214047137060948,0.1822581952582074,1.1153020021910673,-0.3391508607547308,0.23938862743649042,-0.6566622072980697,0.6971155536691077
3.45999999999973,1.797974446682477,1.541420383157704,1.5617552690200043,0.71442128378443,0.11858616705968339,1.0859927689639757,-0.30355834957874595,0.09791084032179923,-0.3500697720286623,1.0763767703988911
3.4799999999997278,1.798798547258889,1.5626731294689917,1.5814487297738906,0.7108680338347965,0.009029616910376417,1.0646212334330403,-0.05526497081921958,-0.10949603894550264,0.10924303666392984,0.8134555308846424
3.4999999999997256,1.7985431816751976,1.5841029772762176,1.599664432812538,0.7123311799845622,-0.05237346523734531,1.0640766573182352,0.17240372458586656,-0.24205847839070693,0.4198171006338387,0.7356332902604963
3.5199999999997234,1.797774463026541,1.606036112796306,1.6169727329770804,0.7173498061784597,-0.07739292427878375,1.0980581906113087,0.293661405869107,-0.18588567763540298,0.5524159605786327,0.7061132810688089
3.539999999999721,1.7969195166146346,1.628504643410434,1.6334133921726957,0.7234325841191984,-0.06982602907522895,1.1235565949747919,0.2825386995017598,-0.09919312020382337,0.5163052555740766,0.7056591359334017
3.559999999999719,1.7964173076704146,1.651009445915403,1.6536567505510416,0.7283710994269469,-0.03976791522308376,1.120653058824146,0.1934141384869047,-0.07025328901556308,0.45753540289391825,1.1058092599430307
3.5799999999997167,1.7961569433654052,1.67322853292637,1.6772934779761304,0.7309871942615628,-0.03819997354935284,1.1267216617350084,0.054771950943512455,0.09896667558390175,0.39271019947776215,1.1831435320376287
3.5999999999997145,1.7955538636686608,1.6951454967502981,1.693992220104761,0.7294330758950445,-0.08924368874617947,1.1220798822053397,-0.2049452444108317,0.2403031959216003,0.41263597595677404,0.7211952010570271
3.6199999999997123,1.7946830925355457,1.7164479273902622,1.7007165484557802,0.7228075043974019,-0.06933223418883694,1.0470701887369513,-0.37624471199264825,0.03741664688033183,0.38460791094487357,-0.3108750604393111
3.63999999999971,1.7939280761498089,1.7374324461997164,1.7011603119413838,0.7173596855346241,-0.052339947275684355,1.0575626972008951,-0.1766554322862664,0.11419640984642423,0.1436330234619112,0.3467888080130782
3.659999999999708,1.7927892192133272,1.7586801584644747,1.710515488616837,0.7165717068579722,-0.04587379485887928,1.0912345832602903,0.06418190964974821,0.18477001913264274,-0.17177144453609727,0.5768000602820078
3.6799999999997057,1.7909399228116234,1.7802846828975072,1.7171678097909016,0.7194981552133547,-0.08616591808633085,1.0903126688175708,0.1999473600978087,-0.04802762931084868,-0.4618814024792844,0.5425673228162743
3.6999999999997035,1.7876891189047455,1.8025275534729575,1.731564494024925,0.7233345967892397,-0.12678487224649476,1.0974346066954976,0.1728902790999624,-0.17986361474181523,-0.5469373156143315,1.047310559622187
3.7199999999997013,1.7840280710790646,1.8245073615367948,1.7457444451699071,0.7258867457279468,-0.13078204785017356,1.1012518237389461,0.08671909549098733,-0.05592790545267926,-0.6337030301701478,0.6036802330881972
3.739999999999699,1.7804516354629536,1.846271293954824,1.7530736869782986,0.7258924059648175,-0.11106101505830228,1.1207171288272484,-0.07392016663791744,0.23022836752026032,-0.6418573252459615,0.3158382451371521
3.759999999999697,1.7775689809908468,1.8679787366997203,1.7619359043739427,0.7213344378563443,-0.06365787221691938,1.1325326031987961,-0.3373554812382248,0.36663287040854475,-0.5900390855369113,0.7044458679682052
3.7799999999996947,1.7750168794847465,1.889371576547329,1.7798547458328526,0.7143457817373264,-0.11918437343216388,1.0896733134668597,-0.3050534352323432,0.1593270826496717,-0.32704484335048567,1.0663455526228236
3.7999999999996925,1.7712150404030609,1.9103827069933512,1.7994374193116467,0.7107440288310453,-0.22140708530692618,1.0441341948325182,-0.057645735353636485,-0.15051041689497272,0.07477543796298236,0.8081926613164366
3.8199999999996903,1.7663110301481129,1.9313393614913905,1.8175404116548866,0.7121526038631973,-0.28212580196798076,1.0313113032262753,0.17020776937389287,-0.3455880932020162,0.35056858358265475,0.7284553150927344
3.839999999999688,1.7607774462747534,1.9526991709626602,1.8347745929821078,0.7171361328521139,-0.3150833020765988,1.0606494055783893,0.29284469862307705,-0.31509792012272897,0.4946775393132832,0.702077942058668
3.859999999999686,1.7550226651923326,1.9745875224945486,1.851190166352253,0.7232258775865529,-0.31444442345431856,1.0887039450724894,0.2839951392964606,-0.21726988397346353,0.4806678275501338,0.7020508759055804
3.8799999999996837,1.7495863178060815,1.9966064193120205,1.8713519385953408,0.7282115667989381,-0.2853611546486724,1.0932310588452545,0.19656070286938884,-0.1734298156565915,0.43227055306385453,1.0973605419529204
3.8999999999996815,1.7444358081128042,2.01841360777167,1.894891623397264,0.7309278775804292,-0.2858439851989678,1.1003892622377769,0.06142608111295475,0.00783410286793268,0.41196858596831143,1.1758959624650203
3.9199999999996793,1.7390182605036524,2.03984998830078,1.9116098578773735,0.7295584978072155,-0.3335410588033661,1.085351738347198,-0.194578217012367,0.15097323871434526,0.4518670202554091,0.7317726983131788
3.939999999999677,1.7334685763464854,2.0606451159439856,1.9193696752022993,0.7230053041480359,-0.30000363227379284,1.014429661584542,-0.3805398569208806,-0.05035271069319124,0.3981200658713474,-0.27918479477760744
3.959999999999675,1.728122558490813,2.081097538175433,1.9188873919881315,0.7173894503258489,-0.27976430193204715,1.022793718262715,-0.1904425277680555,0.030124210224549888,0.15804376087557415,0.32039407164463174
3.9799999999996727,1.7224093597577084,2.101737031708084,1.9278545981549204,0.7163617282543061,-0.2827267772770516,1.064666773351864,0.05468735673851732,0.22180618390644188,-0.1101274791519295,0.5743183317642868
3.9999999999996705,1.7159205403420081,2.122593438214434,1.9344259468895553,0.719169762491725,-0.3183658276174392,1.052252268890639,0.19761272491442525,0.06020829024208377,-0.45854539064814615,0.5034450631289763
4.019999999999677,1.7079023285801298,2.143785039200095,1.9491391969827112,0.7230012548744648,-0.36521717704602574,1.0558663476055479,0.17404302410329603,-0.0467809588409067,-0.5559155987059793,1.0946761293225555
4.039999999999684,1.6994853784320871,2.1646818735092284,1.9636828854446124,0.7256069799835208,-0.3715232711015477,1.0582713596443385,0.09041046878342007,0.0802773392125921,-0.6288945794977342,0.6092935721174909
4.0599999999996905,1.6911668876014307,2.1853828841226783,1.9710854223545795,0.725718209498304,-0.35693734262618776,1.0804594418343565,-0.06658750968003384,0.36402763953957723,-0.5834537314505105,0.3217399060097729
4.079999999999697,1.683521991934806,2.206153710286082,1.9802783778443158,0.721305874182636,-0.3132512628034082,1.1044002975565137,-0.333169632841777,0.5021940734853944,-0.5019609946481102,0.6731114728399497
4.099999999999704,1.6763301214232589,2.226680180220075,1.998351843974778,0.7142850263897471,-0.35395547622683554,1.0469004258631063,-0.3098312269902828,0.2332732572358024,-0.29773033486073897,1.1098217809832258
4.119999999999711,1.6679932456056934,2.246476649919078,2.0185409148849476,0.7105754142133995,-0.4461338575793199,0.9761506861007169,-0.06256529876334685,-0.16179966693569994,0.034870521797284004,0.8296809473959874
4.139999999999717,1.6585677658011262,2.265951761876389,2.0368923109935273,0.7119097649068806,-0.5039024825675148,0.9505765709790073,0.1679248431226942,-0.4042525609817322,0.2653961717949891,0.7333336025464612
4.159999999999724,1.6484214778808255,2.2856877989713458,2.0541812889345876,0.7168856118011409,-0.5436119360877616,0.9728211230789113,0.29398522772132346,-0.3999155932948711,0.41548785174532965,0.702051670892492
4.179999999999731,1.6379255043563592,2.3059023942101793,2.070586452847733,0.7230382042468523,-0.550327021137028,1.0011035109056912,0.2883526343754815,-0.2986436934872949,0.42615862366535684,0.698702327422163
4.199999999999737,1.6277027932083459,2.326325510384665,2.0907403997464082,0.7281274984534223,-0.5223744883750213,1.0121290470586803,0.20194808434469516,-0.24839817412625453,0.3863983059861051,1.1000829025925531
4.219999999999744,1.617810328095532,2.346619363970447,2.114404007723713,0.7309791367611362,-0.5240351416278122,1.0195675937745141,0.06930476009971752,-0.07129922582270218,0.40806881232005543,1.1828861310458612
4.239999999999751,1.6077505573931539,2.366500674774708,2.1314694283962043,0.729832064475551,-0.5657708162765723,0.9957997976457755,-0.18212048464772038,0.06749121777980638,0.468537296573309,0.7612321719012122
4.259999999999757,1.5976940207794832,2.3857614824381237,2.140600779921079,0.7234031606004258,-0.5202805856561717,0.9329971698711269,-0.38352733568235237,-0.12849309683032892,0.3892049398907935,-0.21585328218365496
4.279999999999764,1.5879254547722776,2.4046736991777684,2.1393903499468236,0.7175968074969663,-0.5049680119573124,0.944757107879519,-0.20625074762487253,-0.010208549392029625,0.1806583912288131,0.20495253759981152
4.299999999999771,1.5778508196314365,2.4236960292003182,2.1484904333446457,0.7162326445009337,-0.5068371071046979,0.9808825935394503,0.038448139362447356,0.20441912253007932,-0.058305683813646265,0.5987274730860278
4.319999999999777,1.566960485261863,2.4427426643532724,2.1549260238243213,0.7188058153129516,-0.5386236120789283,0.9605225527624726,0.19085561091502848,0.15171811884815894,-0.4417058480636782,0.44874808770957364
4.339999999999784,1.5545064759005043,2.4617372008636393,2.1706949845201713,0.7225614989800061,-0.5886635676385525,0.9585803945511517,0.1731854257795681,0.09164970071600548,-0.5421942605789891,1.1714654113293386
4.359999999999791,1.541621813361541,2.4804649587160954,2.1853946421034975,0.7251900718073689,-0.6009410238839387,0.9597691098682921,0.09252669203468943,0.2188416266140412,-0.5955643424976954,0.598177055230844
4.379999999999797,1.5288535281969882,2.498976788810444,2.192717944811813,0.7253582796123527,-0.5904444525577468,0.9800909798743048,-0.06261762631287965,0.4734101396381123,-0.49764912292247465,0.32445448961007517
4.399999999999804,1.5167234191787466,2.5176681495776903,2.2023606656358456,0.7210451781207264,-0.5537139471292077,1.0149646448352052,-0.32782367722457256,0.5963077631720994,-0.37682864209441336,0.6998299462354891
4.419999999999811,1.5050827797332074,2.5362404778350265,2.2205325587000555,0.7140641515835253,-0.5799124433537866,0.9504031157013823,-0.3104679476015496,0.29811408408434537,-0.244305134967309,1.12172731338833
4.439999999999817,1.4925046782194733,2.5538127705410765,2.240920085721332,0.7102973882217787,-0.6534391359641759,0.8579265191609986,-0.0665546910032864,-0.16795733014681377,-0.014240519498629096,0.8377177699065386
4.459999999999824,1.4789284230873199,2.5707989276285517,2.259294740841298,0.7115390699416821,-0.7051397208077255,0.8192062789010103,0.1635249987883504,-0.45520989890684355,0.15746148481512537,0.7289649802172036
4.479999999999831,1.464571339427201,2.587872667018631,2.276490886009271,0.7164373811673358,-0.7500438151769241,0.8320546927180507,0.29117931166951544,-0.4838752598695304,0.30733859719528517,0.6945170980900286
4.4999999999998375,1.44974302073854,2.6053410748972055,2.2927593085007616,0.7225684319042708,-0.76440027516537,0.8586566416415122,0.28902722604397046,-0.38664767617877044,0.34409976308674545,0.6894184178539225
4.519999999999844,1.4351102460733618,2.6230861634263554,2.3127138408925987,0.7277020764954375,-0.7404853101834755,0.8762750137398504,0.20548657299178577,-0.3286446212050972,0.317409751319947,1.0877060581196563
4.539999999999851,1.4208152165990022,2.6407976590863376,2.3362767877871957,0.7306754322606728,-0.7439412042564223,0.8842360958668242,0.07773062941351058,-0.16418131127876462,0.3802996697411838,1.1794337492207676
4.5599999999998575,1.4064700444745184,2.658099748399554,2.353535673767527,0.7297751445418585,-0.777959300336664,0.8540070795767218,-0.16797680741632276,-0.02923998372117681,0.46222013868412065,0.7857275801667392
4.579999999999864,1.392234994707841,2.6748033616566866,2.36382831858038,0.7235073561695267,-0.7234664585555398,0.8001596382408003,-0.3843969865806954,-0.21597680728569993,0.36056694012732776,-0.16237380932394266
4.599999999999871,1.3784205527998679,2.691135781883402,2.3620447209951716,0.7175597971442909,-0.6966044243330991,0.8071220328244028,-0.21698674011942087,-0.0972499510582655,0.12876829501285617,0.19979118529283404
4.6199999999998775,1.3644176809283828,2.7074558288296626,2.3714599736786806,0.7160052024407554,-0.7126666756548102,0.8444845188603569,0.032037976196907,0.19125180922803997,-0.023854238771979397,0.597743264536369
4.639999999999884,1.3494821931566119,2.7236975025308627,2.3776231074842427,0.7184785233791066,-0.7412391110108839,0.8226571427864959,0.18801774196031584,0.25432170358425926,-0.38603416618048586,0.36981207332968913
4.659999999999891,1.3330017838429757,2.7395865002969297,2.3934516683071,0.7222130609020485,-0.7977406941456094,0.8121672403012213,0.17274503584337855,0.21162403626650414,-0.4740341283702681,1.2158700854590139
4.679999999999898,1.3160953603167012,2.755126936517755,2.4086113404533314,0.7248697186405917,-0.8088721198852518,0.8103010610495923,0.09491513904207294,0.3528320664567426,-0.5182195292530415,0.6103268129059274
4.699999999999904,1.2993625277740257,2.7704804058387897,2.4158782777793357,0.7251013691740037,-0.8040391913052584,0.8311502193297136,-0.05949975885652659,0.5818656492086174,-0.3648456860331266,0.31673606373443935
4.719999999999911,1.2831909923424458,2.7861519461833217,2.4254406767300245,0.7208608465807713,-0.7784474978086268,0.8771439397053217,-0.32691711841010085,0.6956717483128161,-0.20954789926211212,0.644827902374083
4.739999999999918,1.2675511692168866,2.801860343700679,2.443384965781674,0.7137904188776683,-0.7845796119401837,0.8083157201758027,-0.3181242995461622,0.3682321767886749,-0.15803802883361204,1.1521132298887298
4.759999999999924,1.2512584448349156,2.8163139038598346,2.4642538329112336,0.7098708861232306,-0.8346818133630046,0.6963278486608143,-0.0736333691185812,-0.15530599679922685,-0.038559067172581556,0.8564492092630497
4.779999999999931,1.2341309808027388,2.8299323527153715,2.4828800165490477,0.7110079120549406,-0.8764128480939531,0.6459082506159265,0.15980153720604243,-0.47466691381404175,0.06725559391308371,0.7347837118140604
4.799999999999938,1.2162233768080093,2.843455604772397,2.5001675785733455,0.7158707141709929,-0.9232858853718008,0.6485342334780851,0.29070886029780163,-0.5334930710609327,0.20906480120961352,0.6960553354910597
4.819999999999944,1.1977653069566014,2.857260446421416,2.5164500094711326,0.7220255607954562,-0.9434669443541082,0.6714976818479871,0.2911190466954327,-0.4453200604360176,0.26740332179846693,0.6883513066299622
4.839999999999951,1.179433065244909,2.871380575123692,2.536252466243229,0.7272166756666977,-0.9237507905373139,0.693975255169952,0.20853106599455368,-0.3824508324204761,0.2511697659324331,1.0758686522273953
4.859999999999958,1.161449145841459,2.8855550660672606,2.5597134063387847,0.7302647039632527,-0.9273365154969656,0.7018037627527223,0.08183154729230133,-0.2391125641089552,0.34339865747319115,1.1808301578740168
4.879999999999964,1.1435376314991064,2.8993441968390594,2.577192628343068,0.7294861700788134,-0.9521482760004781,0.6659206616642932,-0.16127928456108864,-0.1263609087476591,0.44859129814305754,0.8064327704129989
4.899999999999971,1.1258461727506157,2.912579163523526,2.5884996168228516,0.7232904704500294,-0.8890054271445246,0.6229927622787268,-0.3871226319267275,-0.3044100157758599,0.31724364938443345,-0.10261137473877646
4.919999999999978,1.108704628926989,2.925482818322435,2.586999619234609,0.7172147844530998,-0.8588724439285321,0.6321902429571565,-0.22721862206892066,-0.14682876037121084,0.10120932591270085,0.23724439720103843
4.939999999999984,1.0914446181407236,2.938285644055624,2.597881526170176,0.715488005904288,-0.882898910930717,0.6658155477253542,0.026051456374937488,0.18750036508215262,0.038759781112457134,0.6693238649070427
4.959999999999991,1.0732493714266822,2.950801923486094,2.6042168286355047,0.7179399882226176,-0.90905912354247,0.6372978272197682,0.19051831255285642,0.3461747943879061,-0.3034305810743722,0.32957360765690263
4.979999999999998,1.0534874711480051,2.9626600494924458,2.617526538546675,0.7217729390224981,-0.9701370015227843,0.6129118151320777,0.17849687639519846,0.3156499556727581,-0.4165069078591781,1.0580471664180238
5.000000000000004,1.0334890194046347,2.973963464268522,2.632299070956256,0.7245025779661203,-0.9678335120084176,0.6059790756189596,0.09821710614038669,0.4589698872990825,-0.43423606207943,0.650416931539992
5.020000000000011,1.013724609037156,2.9851610573586402,2.6398698517734,0.7248535534006686,-0.9741415149112782,0.6302227169204241,-0.05340443780634747,0.6553112915216748,-0.21020649571610392,0.3372917192575299
5.040000000000018,0.994386001102178,2.9968314211187326,2.6497049558202685,0.7207652280251443,-0.9603189886774989,0.6830328173104787,-0.319441464990619,0.7384946016363976,-0.03236123446822524,0.6506239839595385
5.0600000000000245,0.9755289454939577,3.0086771112454382,2.667270669244915,0.7137741365742517,-0.9513706574525261,0.6155181475596677,-0.3171066365066353,0.4115056657709106,-0.056510307152758565,1.1280472633564547
5.080000000000031,0.9563433088442771,3.019171941187543,2.6878961213272095,0.7098297523619851,-0.9722698187914818,0.4948498032438199,-0.0765171036343984,-0.13552293475117336,-0.07015588191785851,0.8544799909076622
5.100000000000038,0.9365648037335603,3.0286552478481785,2.706499260527726,0.7108893555249775,-0.9996206948417261,0.43501173449730546,0.15554321517089165,-0.47908880231475665,-0.04805691841272274,0.7367627521048896
5.1200000000000445,0.9160682904039558,3.037856522454886,2.723821100385239,0.7156667897993102,-1.0447074239659888,0.4260239655566065,0.2870686485104479,-0.5742767232633407,0.07134561709168157,0.6983606636910998
5.140000000000051,0.8949747426775596,3.047199649944949,2.7401463462885998,0.7217734840130635,-1.0698739831814996,0.44329155359491396,0.2902848612167346,-0.5047633545978435,0.14832100968868023,0.6886555517273228
5.160000000000058,0.8739183258748411,3.0568754523679136,2.759844867015883,0.7269678235864164,-1.0562251638683944,0.4696549694216856,0.20968205874323867,-0.43775473687744815,0.14629834232874758,1.0678933673890298
5.1800000000000646,0.8531836335788882,3.0666893429965927,2.783335812525479,0.7300704357781068,-1.0610810512430275,0.47718343158430016,0.08624343421235264,-0.32172234738854305,0.2659578416256909,1.1866082835200882
5.200000000000071,0.8326203860587391,3.076151075257156,2.8011598128794537,0.7294383715732167,-1.0769710696273764,0.43847032158349386,-0.15256131835130657,-0.22223148836608936,0.3939593628542332,0.8280658882270003
5.220000000000078,0.8123818981050768,3.085125786814352,2.812861842954197,0.7233766498549125,-1.008686937813318,0.4100069625221559,-0.3826255376582047,-0.361864262669721,0.24055962296234734,-0.08144697654098672
5.240000000000085,0.7927434480077752,3.093889251232268,2.811069198339187,0.7173179421500862,-0.9802408329809414,0.42388000142838556,-0.22868509642643703,-0.17309886581393652,0.05111289689858561,0.20559445342731145
5.260000000000091,0.7730532849815863,3.1024792350057444,2.822562888203475,0.7155301627107327,-1.0073095346327445,0.4501210266857501,0.02281578984171092,0.16935368301767462,0.08867520354978613,0.7592653777727196
5.280000000000098,0.7525594738435929,3.110616993836485,2.829793032836793,0.7179282403198558,-1.0230626901876265,0.42029877334575716,0.18842842828569067,0.40547021841056385,-0.21990907887329578,0.27025977631846054
5.300000000000105,0.7306315990825173,3.1178029847387103,2.84184377749271,0.7217745154540931,-1.096175730674549,0.38096511764490015,0.18143289870716364,0.38283387139898234,-0.3257366943596045,0.8651507680618586
5.320000000000111,0.7085238734100542,3.1243536175152284,2.8555562726512322,0.7245217017158556,-1.075254415002827,0.3745538118512629,0.09935252409856304,0.533335420060355,-0.3404647903993442,0.6902474168196718
5.340000000000118,0.6867486017627799,3.130887981029521,2.8632467798714303,0.7249460505443844,-1.091576106831389,0.39815917404948337,-0.04588842132185038,0.694121339211152,-0.05926302570684762,0.32581929856186137
5.360000000000125,0.6652173222498542,3.1379750752064144,2.873623542561862,0.72097259546101,-1.094719660320173,0.4542236444005619,-0.3145905965506331,0.7309776424753179,0.14911779182742266,0.6701498812678243
5.380000000000131,0.6440849044983294,3.1453608916103466,2.890778942936684,0.7140115968776698,-1.069972549619269,0.39206345011437765,-0.31865425771097494,0.436210235935206,0.0428456234794231,1.103163775224582
5.400000000000138,0.6229695490645171,3.1513715940185114,2.911209211860454,0.7099912667780495,-1.059749243397459,0.26951150856851935,-0.08147215516254898,-0.1031740806022658,-0.11479682564849125,0.8554622752134011
5.420000000000145,0.6015225765276573,3.156260761118884,2.9297479989923456,0.7109278357185995,-1.0727105700558484,0.2043796716998457,0.1494659441301579,-0.4479798600202168,-0.1749400692659181,0.7349082072727876
5.440000000000151,0.5794271137658409,3.160705942636873,2.9470005977045264,0.7155874573322433,-1.1157157660407517,0.18472510777695894,0.2822857704479625,-0.571702419168584,-0.07812633912017986,0.6952652473972667
5.460000000000158,0.5566937457499014,3.165145053040089,2.9632548295372816,0.7216294541636289,-1.145770350304145,0.19509417825403982,0.2888670563268475,-0.5245102241409313,0.017023445480822033,0.6841379195600081
5.480000000000165,0.5338939269205711,3.169905047203164,2.982776685156539,0.726821620405932,-1.1397238923132307,0.22326622131258742,0.21079166004053262,-0.45987791536783407,0.03380065718289541,1.057144703202977
5.500000000000171,0.5113601749619466,3.174869175277833,3.006224378613068,0.7299834696048415,-1.146790682398323,0.22961277764356083,0.09096234004033203,-0.3783298938509831,0.17776508341411834,1.1877510616866467
5.520000000000178,0.489081256454334,3.17952957133999,3.0243063678602042,0.7295002051438829,-1.15363714091587,0.1900291369819431,-0.14387936603827495,-0.29639265834597855,0.3287735896529961,0.8476690234894767
5.540000000000185,0.4672027073939215,3.1837992506575556,3.037028904846017,0.7235336674079141,-1.0824033659248096,0.17532217639529163,-0.3849951110968936,-0.41393453906716393,0.1567064430143234,-0.016381606401449277
5.5600000000001915,0.4460244593733673,3.1879700698181686,3.0348079693626877,0.7173260266491691,-1.0539698705532803,0.1947750837287305,-0.2405381026286096,-0.19218477776575793,-0.0092175220086088,0.17399974772147803
5.580000000000198,0.4248017320770298,3.1919546500831766,3.0467823199782886,0.7152794097585002,-1.087745512980698,0.21472194753358417,0.010424459347656661,0.13537767704383796,0.14150814941977496,0.8279048401887591
5.600000000000205,0.4029754104651118,3.1953663099915595,3.0553673285808087,0.7175095406786388,-1.0948178876837624,0.1850655188785358,0.18286771083273162,0.4469579402777102,-0.10815297957202205,0.30206124842131366
5.6200000000002115,0.3799840098286775,3.1975464152802404,3.0667416472383757,0.7213296993998958,-1.15892920746042,0.1279576535956758,0.18325683104825435,0.45170588998277966,-0.2217536562459903,0.8221461155773468
5.640000000000218,0.3566929341223746,3.198974112194724,3.0775651593526936,0.7241284024113934,-1.1377983406687922,0.12164376790501301,0.10168461019143539,0.5927606011491999,-0.22973534170368928,0.6259287076939256
5.660000000000225,0.3338364861201943,3.2004271780177067,3.084291783356106,0.7246466421994716,-1.1605580020246302,0.14145157057829658,-0.038864547775322895,0.6929291843820945,0.08931629844416537,0.29575554087711814
5.6800000000002315,0.3111047647664286,3.202479483173952,3.0945921706727715,0.7208558644783325,-1.1795345686643208,0.1964590244166094,-0.3063459460997011,0.6796650900818905,0.32158131938750034,0.636628779880606
5.700000000000238,0.2886590120181378,3.2049710673698453,3.1108337861913316,0.7138920276264868,-1.1425138343561292,0.14614478083541504,-0.32538244510980585,0.43913535367981804,0.16759983073518922,1.0709654256633416
5.720000000000245,0.26657043617637755,3.206139815245795,3.131034860292109,0.7096926738827612,-1.101388381865385,0.02815776211306438,-0.09061611216495143,-0.05990215251005751,-0.12353318829376667,0.8587817195506021
5.740000000000252,0.24446483226252003,3.206128837854537,-3.133649314399886,0.7104821896871069,-1.095281104052358,-0.039696545047885265,0.14465072154160913,-0.3938997641391755,-0.27771890300718494,0.729201414607334
5.760000000000258,0.22184946824404508,3.205531979569443,-3.116490882692327,0.7151011127844438,-1.1323183188500592,-0.06931413141100909,0.28336027564774086,-0.5432664092473226,-0.2164102469704262,0.688195485652396
5.780000000000265,0.19859399124013827,3.2047784794983265,-3.1003040974032587,0.7212293214531704,-1.1657881317470415,-0.06666532221361762,0.29619458177428365,-0.5222604914041103,-0.10991168643615337,0.6772281519753168
5.800000000000272,0.1751661782480555,3.20431371363076,-3.081052958964002,0.7265987466994772,-1.167294591556766,-0.037749342583928605,0.22070187633537694,-0.45861295650439493,-0.07858521837983608,1.0368790401143424
5.820000000000278,0.15193095488122088,3.204111621138992,-3.057793658272209,0.7300041859130516,-1.1759180561072529,-0.03229478177227682,0.10539482160739116,-0.4150928691357988,0.07471311309531581,1.179038738939123
5.840000000000285,0.1290022210928272,3.2036922577543474,-3.0395217881872783,0.7299123828636062,-1.176283516242505,-0.06824240854905789,-0.1217024032935393,-0.34255360537087476,0.25337402670576736,0.8651047214796788
5.860000000000292,0.10650377946896933,3.202980777639116,-3.0255360480912485,0.7242710928255764,-1.1074294764293715,-0.07301377591677438,-0.3830294546658677,-0.4522282577735384,0.06859772926106972,0.11974135049305976
5.880000000000298,0.08484150280061824,3.2023132033473427,-3.0286260840926653,0.7178156689402003,-1.0811414418329004,-0.04903061443844279,-0.2617914771703544,-0.20023610407034348,-0.06826615689377036,-0.03975352442414442
5.900000000000305,0.06302574120875341,3.2014848491853867,-3.017354981830129,0.7153204318591619,-1.1272274398051865,-0.034365335887288184,-0.009308050142995903,0.07041018253084905,0.20340051282765798,0.7923498623549305
5.920000000000312,0.040825557873259005,3.2000613426530258,-3.0076613712237226,0.7172221822882503,-1.1133760534468862,-0.05583478169426083,0.17014150135638953,0.45390232627709187,-0.01741751676598738,0.3814602207755857
5.940000000000318,0.017893454250559812,3.1972371801224724,-2.9968064668550736,0.7209308288053771,-1.1627730286085096,-0.128205013598365,0.1830507076126144,0.49757193580536696,-0.1271131339322045,0.8287183181517045
5.960000000000325,-0.00532991730215217,3.1935004657123525,-2.9854303890141165,0.7237739338800407,-1.1456407778801114,-0.1315208826465056,0.10561520959166922,0.6337836853884337,-0.1198253370284389,0.6741059454068264
5.980000000000332,-0.0281676355449213,3.1898131701221573,-2.978592497295872,0.724441718243515,-1.1716989362380466,-0.12169155391773484,-0.02758643981387364,0.672214999591069,0.21550940366292268,0.29503366747276005
6.000000000000338,-0.051002793241630484,3.186702385432395,-2.9675226008194904,0.7208978221679013,-1.204577983087805,-0.0731633347135281,-0.29312133506492144,0.5824339076172136,0.45028890977164876,0.687601827606106
6.020000000000345,-0.07365699365624018,3.1841672115619186,-2.9516095115321663,0.7139203548134855,-1.1545049913130834,-0.10534927630049132,-0.33343350427812696,0.4211600974985503,0.24780222928833492,1.0874386832690748
6.040000000000352,-0.09557885922524244,3.1804508041383217,-2.9308473225010636,0.7095040615924254,-1.0844828117729457,-0.2141328769091084,-0.10122829648263448,-0.017566505244121358,-0.15746971800096907,0.8876848141309288
6.060000000000358,-0.11724605454598666,3.1755431303378487,-2.912092483945706,0.7100891852972118,-1.065357788759457,-0.28122081084222245,0.13645467697934052,-0.31165053910530505,-0.3678587253362584,0.7307220794652062
6.080000000000365,-0.13931022135485113,3.16991049425499,-2.8949086908520463,0.7145983360691653,-1.0968521106991258,-0.32072059740271397,0.2809869614605696,-0.4743477978824569,-0.3338474733255145,0.6855119102981555
6.100000000000372,-0.16200127918151822,3.163937182419241,-2.8787308549691892,0.7207640693657399,-1.1324774050418,-0.32831206788595124,0.30166540952613646,-0.4839304487180481,-0.2192574080954578,0.6735658000597645
6.1200000000003785,-0.1849680768335864,3.1581664619237664,-2.8596791804523103,0.7262890181224466,-1.1422239189860506,-0.3018123656884952,0.2297244728518011,-0.42968372368049146,-0.17134683747264434,1.021883886394841
6.140000000000385,-0.2078332550846031,3.1526856435350092,-2.8365207932856906,0.729925106193284,-1.1525018559907902,-0.29823786015331005,0.11907503913131538,-0.42708295147276887,-0.01815030339277353,1.1724843212454847
6.160000000000392,-0.23036045008189218,3.1470776042878614,-2.81790426917562,0.7302375548762413,-1.148109841378777,-0.329195280786463,-0.0986334159656976,-0.3742948377115091,0.19093904469209055,0.8860039935599908
6.1800000000003985,-0.2524681888216009,3.1412930681815485,-2.8027902021229267,0.7249968827554751,-1.08817571398305,-0.32515009325773964,-0.37736869114559396,-0.47326145177345486,0.007301524704196073,0.3063453492893693
6.200000000000405,-0.27364244607639937,3.135757363421227,-2.806058529518614,0.7182599112081051,-1.0487032774298513,-0.29183547810678995,-0.2846361076973221,-0.17240208898115544,-0.12803108667657212,-0.2440485049958067
6.220000000000412,-0.2949723926274204,3.1301348998891623,-2.797964873934156,0.7152108258563833,-1.096675106730507,-0.27980278342399,-0.036480175715977906,0.016407309236137563,0.16993172239647608,0.6930864463993398
6.2400000000004185,-0.31655525325276457,3.123866300110087,-2.7895563354368984,0.7166544871379156,-1.0861282808883241,-0.30165543114762516,0.15149258075017508,0.4244900857741645,0.06740367963220852,0.37195154721765766
6.260000000000425,-0.33851518449451756,3.1161115628007523,-2.7791490990882974,0.7201606754941937,-1.1174935175790213,-0.38000434975498254,0.17824673312316897,0.507837136196867,-0.009452736899720274,0.9328294900789954
6.280000000000432,-0.3605157006693171,3.1074085247413716,-2.7633464390070825,0.7229985342314851,-1.110773628953004,-0.3831651332497769,0.10892975205348064,0.6317361043747826,0.05586478474505416,0.7972254902914532
6.300000000000439,-0.3823029586116057,3.0986915415839924,-2.7551933514523386,0.7237453550024486,-1.1314507760987165,-0.3815552682989939,-0.022625874436843177,0.6161181342802315,0.3717804346176518,0.33013555113568505
6.320000000000445,-0.40417733206736967,3.090499792282811,-2.743175774917537,0.7203017868249797,-1.174735259611693,-0.3436255247825164,-0.28784130605926583,0.4627895199910808,0.5815105970643779,0.7367448512263899
6.340000000000452,-0.426001116601471,3.08296957961235,-2.72683899691933,0.7132614265217818,-1.116470698045503,-0.35614224135449385,-0.34139267248801786,0.3800849629334141,0.3427623907556958,1.1528331260538789
6.360000000000459,-0.44674095025571353,3.074439180253353,-2.704815208569809,0.7086877028760775,-1.0187545535466445,-0.4533265882832647,-0.10766214231373102,0.016377942347735,-0.15770752557203543,0.9380800239158548
6.380000000000465,-0.4669291145112256,3.0647379345077086,-2.685428506907576,0.7091836625356657,-0.9855914498934454,-0.5173815287512108,0.13378376204999268,-0.2307810848319225,-0.41095083665025145,0.7439239560606369
6.400000000000472,-0.48734061109888444,3.054212271139162,-2.6680138847188766,0.7136832449195021,-1.0079863372665243,-0.5640828259657547,0.2818253918197314,-0.3988262928913662,-0.4049255331235758,0.6905751928810341
6.420000000000479,-0.5082878780585751,3.0431999262797675,-2.651766893758099,0.7199072451418929,-1.0412712973907565,-0.579968390427851,0.30546052598324747,-0.4335651328081482,-0.29189659391904493,0.6744950056993908
6.440000000000485,-0.5295539575475465,3.0323217391728274,-2.632658819314031,0.7255351937323392,-1.0568194017314039,-0.5558026078202609,0.23510321173148405,-0.3891656786933535,-0.23616784840317245,1.0261354222477157
6.460000000000492,-0.55079450348407,3.0217564401690984,-2.6094548060380833,0.7292969183388969,-1.0675720657551977,-0.5539174341110963,0.12552682020258266,-0.4192959177658304,-0.09184898714772605,1.1757350234944326
6.480000000000499,-0.5716920240443968,3.0111500438883514,-2.590652316165185,0.7297710120600241,-1.057384013546029,-0.5809614056894182,-0.0898384002813543,-0.4070946639297194,0.12310068383151129,0.9076398155160198
6.500000000000505,-0.5921637365417186,3.0005005756400895,-2.574777606455554,0.7247232694595144,-1.003340668682846,-0.5644116197742034,-0.37315368963034334,-0.4705691759640776,-0.08120381326072733,0.43218149484558377
6.520000000000512,-0.6117284303310104,2.9903346687498935,-2.577299788987521,0.7178871835687933,-0.9604496566892612,-0.5180149807152289,-0.29471499435098747,-0.12384784328735068,-0.17744155575168583,-0.2644861414727664
6.540000000000519,-0.6313534015612453,2.980059610516211,-2.5691185598369777,0.7145590168270495,-1.0082509872335588,-0.5200449503938174,-0.05090452855515354,-0.025145762979871283,0.14468178770965057,0.6855704109905117
6.560000000000525,-0.6510653453332085,2.9690671375085573,-2.561088408996615,0.7157728597845351,-0.9940818989115774,-0.5407337669685636,0.14301487895432588,0.39548205710532364,0.15371154684541594,0.3520285669437192
6.580000000000532,-0.6707990236586168,2.956481096280166,-2.55047418986813,0.7191690061550756,-1.004913512767354,-0.6237635959833252,0.1761180469987359,0.5089209299765879,0.1033002798013945,0.9526447706874145
6.600000000000539,-0.6903145563181252,2.9429760719135833,-2.534760387767418,0.7219947594149072,-0.999212263409502,-0.6273717950748124,0.10942897304615612,0.6085885207953206,0.21007723629849112,0.7846448814684515
6.6200000000005454,-0.7096242522311871,2.9294816852362477,-2.5268465717512285,0.7227508987933623,-1.018977777039157,-0.6324098464236966,-0.022119838406563716,0.5148233202558002,0.514233067020103,0.31843482238950005
6.640000000000552,-0.7291342241165765,2.9164585231100104,-2.5149388564589317,0.7193404043593798,-1.0712972198012292,-0.6049730783364022,-0.2858059504282267,0.320411253668705,0.6839541105462921,0.7400030332298719
6.660000000000559,-0.748763938365393,2.9040257594417835,-2.498136643322327,0.71246712919101,-1.0100557238733077,-0.6107719972034945,-0.327410133021062,0.26839067065660915,0.41402867869128435,1.165681340688964
6.6800000000005655,-0.7670789066731717,2.8908921260695246,-2.476339594848061,0.7081504249707079,-0.8895925208513553,-0.6755342123303356,-0.09669076658600585,0.06455378171620901,-0.17093784525200284,0.9116875172243233
6.700000000000572,-0.7846007225322584,2.8767818287610094,-2.4573826896889024,0.7087959544535666,-0.8458305186407896,-0.7306240196530261,0.13869935298595393,-0.11037588600502499,-0.4610924098270194,0.7300062524922618
6.720000000000579,-0.8021759850455917,2.8617910041640675,-2.4402400394145123,0.7133371050933445,-0.8580673314199981,-0.7827141786921819,0.2820859729686714,-0.2740667334102505,-0.4879629807148932,0.6824511833205905
6.7400000000005855,-0.8201620581222505,2.846173279785938,-2.4241725781713828,0.7195503760947907,-0.8863648983877441,-0.8072750316960446,0.30473422754521345,-0.3354162225056908,-0.3874855118008194,0.6692481169539847
6.760000000000592,-0.8384813072429329,2.8305858564654955,-2.405128247931909,0.7251773744544528,-0.9067489239998796,-0.7890642516986168,0.23609969651479026,-0.3102720135519599,-0.3259102702736252,1.0257920496203183
6.780000000000599,-0.856849565765341,2.8152784620724622,-2.381963420388718,0.7289923104223255,-0.9179664270403739,-0.7918284792912437,0.12974404382533902,-0.37942929299641315,-0.1916566785759278,1.1730506667589882
6.800000000000606,-0.8748945984625166,2.80002470596214,-2.3630674386105066,0.7296019402165669,-0.9018269014074397,-0.8145970420635279,-0.08183965402583103,-0.41637287270771556,0.018575668080918012,0.918677182092478
6.820000000000612,-0.8924873337311555,2.784800916110969,-2.346639120108986,0.7247115735007189,-0.8541210854274367,-0.7911383380024661,-0.36979827434749,-0.45830363513535843,-0.20296831060918702,0.5363698884018238
6.840000000000619,-0.909235231210419,2.7702877158209414,-2.3488908957420582,0.7178050720431511,-0.8120840298864632,-0.7277165184755489,-0.30134689603549547,-0.06265395507626162,-0.236713662886978,-0.30766373047197926
6.860000000000626,-0.9260237889339136,2.755624497742995,-2.3414701067800983,0.7142829003315164,-0.8606590395660763,-0.7456497941009179,-0.06162535480211802,-0.05944563399995008,0.09553543883652796,0.6884748396174296
6.880000000000632,-0.9427596676091283,2.7402934753219474,-2.3323572811119204,0.7152907786969862,-0.8495620490888097,-0.7614496326859599,0.1338426120434805,0.32915791037139996,0.23535225313634967,0.3990787633095094
6.900000000000639,-0.9591822135573139,2.7234569495904712,-2.3222396032834394,0.7185806521477557,-0.8428234834847531,-0.8481338368187912,0.17284531233056646,0.44902792122601715,0.22807969628257388,0.9192465426593464
6.920000000000646,-0.9752300587730548,2.7056139540006594,-2.3066872852595943,0.7213388491835854,-0.8377227816564565,-0.8531729276208869,0.1061794472092336,0.5286354297226716,0.3564548890154792,0.7868886705277918
6.940000000000652,-0.9910787175325635,2.6878411793411776,-2.2985938636875867,0.7219920091637775,-0.8560414652811487,-0.8597093768715535,-0.028412253014771544,0.37378773259968034,0.6393025572246397,0.3345870996821254
6.960000000000659,-1.0072530983399939,2.670510209496845,-2.2863571760635852,0.7184442919412807,-0.9138049328515876,-0.8446327483192617,-0.2928990396865414,0.14499108512557746,0.7614796329721344,0.7623931601208521
6.980000000000666,-1.023646745499165,2.6537115990402973,-2.268882292178372,0.7115081693791583,-0.848689359146916,-0.8375255173521049,-0.3260771262099141,0.14996276452327742,0.46503933273724823,1.2098727731868255
7.000000000000672,-1.0385283231849725,2.636516704661675,-2.246459839668867,0.7073027249235003,-0.7132237912233991,-0.8740380585165515,-0.08891606581174832,0.07809625877962975,-0.15909874578132321,0.9255316357222794
7.020000000000679,-1.0524018879120358,2.618537430119739,-2.2272603530003465,0.7081316474188242,-0.6592651301268225,-0.9189361153157396,0.14765854115689606,-0.03214878364175873,-0.46945576974903647,0.73549779622509
7.040000000000686,-1.066135440455435,2.5996852652623925,-2.210017448564088,0.7128452554809255,-0.6602945090628886,-0.9720886955497828,0.28905395643874116,-0.1841841214974712,-0.523315947999672,0.6852417842358627
7.060000000000692,-1.0801260378689506,2.580149861857958,-2.1939442107226745,0.7191713816807261,-0.6821935549335565,-1.000276879105177,0.30827623680129057,-0.2581307188485661,-0.43666030173864684,0.6705686523531452
7.080000000000699,-1.0944403190197272,2.5606021944185993,-2.1748117658779424,0.7248618214390216,-0.7056922685024102,-0.9854862603591841,0.2387678293153418,-0.2417741543834606,-0.37570069842585774,1.0337690471922034
7.100000000000706,-1.108868820117953,2.541328416105178,-2.151610422664204,0.7287299327148616,-0.7162657281983843,-0.9903177675137966,0.1319760416420671,-0.33608288973192496,-0.2589556815572067,1.1778761134043532
7.120000000000712,-1.1230168139175825,2.5222120513196282,-2.1326118101056384,0.7293759838205087,-0.6939860540729602,-1.0066798502277587,-0.08056855775088367,-0.41537427691066053,-0.07757339214364219,0.9335702465883059
7.140000000000719,-1.1366992716252138,2.503219776234674,-2.115745016272316,0.7245221807495931,-0.6517351550905007,-0.9739147328143454,-0.36798307861195606,-0.4098475119239829,-0.3159763866281321,0.5619499410151896
7.160000000000726,-1.1497136615227144,2.4850998890347036,-2.1174101802019405,0.717660865581672,-0.6241612834485627,-0.9027046680086539,-0.2997785940452637,-0.01699167929175502,-0.26260685749843293,-0.2816809343422441
7.1800000000007325,-1.162658275429855,2.4668999642521556,-2.108106879319293,0.714154084609392,-0.6647823240579604,-0.9247789911117503,-0.06163146765244566,-0.07859598340276222,0.060261164116874044,0.7810511088641553
7.200000000000739,-1.1754134252864297,2.448036833144304,-2.09880511328766,0.7151231820852983,-0.6499731459043124,-0.9422080133800306,0.1315851938109554,0.2639673999367901,0.3018707767942274,0.34465927594430323
7.220000000000746,-1.1875124369656709,2.4277186031783704,-2.0888875185270965,0.7183333212952434,-0.62451596284772,-1.0293854365224342,0.16843581122212672,0.37052693464090575,0.3224128550578349,0.8527395207876433
7.2400000000007525,-1.1990079576488124,2.406528569033528,-2.0749050364688646,0.7209759631456347,-0.6169181042084508,-1.0269254622321764,0.0999200515864944,0.4248947653399483,0.4778481266723559,0.7321961840927043
7.260000000000759,-1.2103398190962513,2.385532786977097,-2.067326654237354,0.7214613148125326,-0.6376368907381024,-1.0384229150078519,-0.03898894160713474,0.19301824507258203,0.7219975050719489,0.31780743831050784
7.280000000000766,-1.2221435316966602,2.364890368941801,-2.0557200350142475,0.7176864401329308,-0.6980644780970344,-1.0347476928935928,-0.303957087417054,-0.041684262216276594,0.7921826865566249,0.7600734097778377
7.3000000000007725,-1.234201107455359,2.3446435408389577,-2.037750707536407,0.710857982653741,-0.628650870350814,-1.0200080224549894,-0.3096117349582617,0.015814106676528293,0.46072622647928446,1.194295098299379
7.320000000000779,-1.2447315599536013,2.3243367215183843,-2.0159233113994977,0.70702445302793,-0.4934629249925309,-1.020675488612745,-0.07150916481376442,0.11013948817146624,-0.1460035218059062,0.8905199351209222
7.340000000000786,-1.2541510937961893,2.3035234619744993,-1.9971826245209852,0.7081313913055745,-0.4330512114433047,-1.0517497790421908,0.1575992736160437,0.07933271789722163,-0.46582247948731603,0.7256443486954739
7.360000000000793,-1.2632492032675946,2.2819027630252373,-1.9801651365802644,0.7129585426125591,-0.42258178432042415,-1.1027264050710772,0.29090527021255297,-0.05205853474266701,-0.5486795995574845,0.6794011992716134
7.380000000000799,-1.2724402830603878,2.2595849163739015,-1.9642756310776985,0.7192521433156039,-0.43721277068868747,-1.1330219592860014,0.30409676463620294,-0.13713459822100077,-0.4818493692871825,0.6665474250811168
7.400000000000806,-1.2819360507476807,2.237211492143471,-1.9451352251229963,0.7248411191163544,-0.4628426884363558,-1.1233361569983893,0.23381312973824392,-0.13538606734163522,-0.4237315980811893,1.0421014543869018
7.420000000000813,-1.2915938243488778,2.2150788374311916,-1.9219141013081409,0.7286066266927808,-0.47140003306539646,-1.1314331991165598,0.12694239016692055,-0.2584642833405694,-0.32783955728704023,1.1803280551349533
7.440000000000819,-1.3009689640893034,2.193174360625062,-1.9030312754846208,0.7291229940512516,-0.4429029564437469,-1.1406720354889197,-0.08745865904231356,-0.3733980933210778,-0.17671701703204495,0.928095958534829
7.460000000000826,-1.3099375193721214,2.1715005953738955,-1.8859340892822414,0.7241242976761744,-0.41153963459188836,-1.0975764577958387,-0.3738928443148529,-0.3109684812771333,-0.41112171854819557,0.5544202043938773
7.480000000000833,-1.318457228382499,2.150844841576843,-1.8878977596470534,0.7172558302505752,-0.4012220967880611,-1.0233661886346115,-0.2967416896766764,0.055280524111484784,-0.25593860763191323,-0.2878746445974412
7.500000000000839,-1.326916302487243,2.1300935538696275,-1.878404789009998,0.71382303759681,-0.4392512018163695,-1.0567256372227962,-0.05766000639801138,-0.09324920643882623,0.057192122169439696,0.7943645765465354
7.520000000000846,-1.3350267944402423,2.108727034494058,-1.8691336599787691,0.7148954572625713,-0.41833531822856374,-1.0720259336855125,0.13591832752725078,0.17681538520961554,0.3731720492699366,0.35341999169866306
7.540000000000853,-1.3421353967662597,2.086042556868786,-1.8586132197462641,0.7181187593610247,-0.3730766142341488,-1.150645084455395,0.16615983563451203,0.2766249614714086,0.41254200561057985,0.8606535070959398
7.560000000000859,-1.3484641127074166,2.062714624376963,-1.845430354877865,0.7206725627245456,-0.3647556462365757,-1.145820433203013,0.09402140422005466,0.2867141669892099,0.5787124619710765,0.6650722768860204
7.580000000000866,-1.3546903732890772,2.0396462125745014,-1.8381321806449458,0.7209619152832151,-0.38479020393136265,-1.160284483647406,-0.05201401862635941,-0.0021521103492757616,0.7501168806825972,0.3246171881389299
7.600000000000873,-1.3614887374979656,2.0168139311525377,-1.8266841400359133,0.7169022791493809,-0.4444059667768822,-1.1673961620863755,-0.3160766979414973,-0.22702936489160522,0.7719495838131453,0.7861400859364249
7.620000000000879,-1.3685760810834153,1.9943343732867902,-1.8079716502754162,0.7100610826937276,-0.3749844627827874,-1.1374378206686373,-0.3013132775826693,-0.08733292985950436,0.4375925852938234,1.2165913408500977
7.640000000000886,-1.374125809427422,1.9721148873555352,-1.7859402890587832,0.706495869466646,-0.24322364441319694,-1.1098045366689928,-0.05585487743843931,0.12753308463876553,-0.1268722437678682,0.890183707506364
7.660000000000893,-1.3784824742241228,1.9496432294342965,-1.7671212606950135,0.707928457076241,-0.17814595010636575,-1.1270127821836284,0.17274400478549756,0.16274064602141053,-0.4393609310753812,0.7320597676470528
7.680000000000899,-1.3823499049884558,1.9264763208508755,-1.7500052212343897,0.7130284985868486,-0.15723184207846985,-1.1727136035779884,0.30197299093911034,0.0553223161955871,-0.5440997510511609,0.6863666277625461
7.700000000000906,-1.3861605956405143,1.9026531962138098,-1.7340352457783186,0.7194877709062164,-0.1656173563296961,-1.2022400390043864,0.30945259127813585,-0.03279009033747103,-0.49452184187244813,0.675413886514397
7.720000000000913,-1.3902722977831259,1.878758909264739,-1.7145790016614375,0.7251498238330317,-0.19379006062885618,-1.1959991337210727,0.23611876255591419,-0.034697756105442054,-0.43787877163085576,1.0704075068082652
7.7400000000009195,-1.394598316127624,1.8550882890459242,-1.6909849382430506,0.7289240706707208,-0.199612229279765,-1.205067805085417,0.12579827294203963,-0.1746223224789116,-0.3689056590067763,1.1998981735830165
7.760000000000926,-1.3986674410623927,1.8317131579841373,-1.6719330220350896,0.7293597312265522,-0.1673313793194725,-1.2065898504673074,-0.0927060119796081,-0.3163087564455733,-0.2586646859199824,0.9334230520618567
7.780000000000933,-1.4024136143204857,1.8086659282119828,-1.654815038960477,0.7242723117763978,-0.1488726964622948,-1.1523076216035693,-0.373110620155605,-0.18580304717396756,-0.4594163348936834,0.4756440566520401
7.8000000000009395,-1.4059739142860257,1.7866549950347856,-1.6566177282683003,0.7175719618910641,-0.15695091664646135,-1.090146964666326,-0.285475477794235,0.09620760601777151,-0.23313099495125827,-0.22657010246805237
7.820000000000946,-1.4094603379776813,1.7645799917149627,-1.6451741019294257,0.7142907620884027,-0.18601696574855445,-1.130081590356151,-0.0529094560810139,-0.11289509132024814,0.037696293344844756,0.8162959011505798
7.840000000000953,-1.4124353187499321,1.7419068528174062,-1.6365500651979639,0.7153462808767641,-0.15891410812985263,-1.1356098630623503,0.13197235070956584,0.10828133774113187,0.40286552465669084,0.30653488420738223
7.8600000000009596,-1.4140877242653662,1.7182229471983648,-1.625659123433175,0.7184075878195141,-0.09797440539198535,-1.194478877431855,0.15529345291067517,0.2070875931007856,0.46283690152051815,0.9421635711239533
7.880000000000966,-1.414890881936057,1.6942741349740014,-1.6113987802257221,0.720755351302095,-0.09206159041981354,-1.1908786892512846,0.08402078745479724,0.14756516604120584,0.6325243978208416,0.666291297372632
7.900000000000973,-1.4156517871354113,1.6705570903679556,-1.6040208381375853,0.720808115189635,-0.11001475810307323,-1.2126312397173764,-0.06771936392573213,-0.17849179049260072,0.7218724960909214,0.3552959800522674
7.92000000000098,-1.4170771269965134,1.646897700805239,-1.5928546840196935,0.71643730603176,-0.16665860178907493,-1.228984189539654,-0.32818451727781345,-0.3771331467881172,0.6995580416595731,0.812496307500979
7.940000000000986,-1.418803550029187,1.6235604202809095,-1.5733497592445749,0.709552377646245,-0.0989356318152975,-1.1824602886647897,-0.2943413106733721,-0.14825285883331057,0.36572589070068884,1.230056526228249
7.960000000000993,-1.419082986663435,1.6007645066592093,-1.551410882877466,0.7061891322062829,0.0209389445254533,-1.1319890459661668,-0.04454022217679665,0.15930272208413374,-0.12313733691377021,0.8686993497599534
7.980000000001,-1.4181665725740624,1.5779322691718385,-1.532761458206436,0.7078346332744906,0.08645886605768638,-1.1368370878582257,0.18153777419816963,0.2532000808872713,-0.4105041670878965,0.7282679035229783
8.000000000001005,-1.416630284975848,1.554525743095578,-1.5156382392891437,0.7130660202889423,0.115826710914064,-1.1760135837477654,0.30566606146449676,0.17253403887770621,-0.5283827937024268,0.6902033084208148
8.020000000000994,-1.4149043787562048,1.5305206366088726,-1.4995689930103542,0.7195378279038238,0.11294898793934824,-1.2044702932336073,0.3071958152383349,0.08047940408610103,-0.49418741133905936,0.6869915138321022
8.040000000000983,-1.4134692161512155,1.506414158257656,-1.4798047317631724,0.7251232405195781,0.08432274227256159,-1.2039361823453216,0.2311160165138007,0.06443858293382032,-0.44118708563455666,1.0872611945244113
8.060000000000972,-1.4122835766503985,1.4824978971958436,-1.456139835363371,0.7287528125462003,0.08162271132962294,-1.2135830444717133,0.11635968401336372,-0.09360224911921795,-0.4010792823346032,1.1997339108356682
8.080000000000961,-1.410880570425735,1.4589389837090583,-1.4374677559913067,0.7288879119557553,0.11650848985078749,-1.2051522240466288,-0.11013037450351276,-0.2448893083332798,-0.34191968296934006,0.9119065844438633
8.10000000000095,-1.409261289194485,1.4358251506672604,-1.4212498747544522,0.7235204880562739,0.11593477772200589,-1.13892788375866,-0.3748486572474887,-0.04955667437544564,-0.4710754574821587,0.2954576608615193
8.120000000000939,-1.4077138666905098,1.4136577290747412,-1.423045353144141,0.7171084153977755,0.09360007038099856,-1.0971596717387184,-0.2649597292421626,0.12429406209634196,-0.20361067755292295,-0.03794759511125423
8.140000000000928,-1.405935551789434,1.3913297829121716,-1.4118065869774648,0.7143736181984858,0.0901848796386634,-1.1575648747574228,-0.027684190994672238,-0.21568673255576593,0.007824040271312296,0.7665397538883454
8.160000000000917,-1.4035300615352506,1.3686213790040505,-1.4024772519520672,0.7158131596165274,0.10520068538859886,-1.1325733034314776,0.1442719470731209,0.029111715541017467,0.43116740803627734,0.37738863798215017
8.180000000000906,-1.3996537861255416,1.345319013824918,-1.3907283284337022,0.7189907517461607,0.18066147141808483,-1.1787627651776773,0.15738843566279448,0.11470962781333516,0.5019773691669466,0.8697330251312249
8.200000000000895,-1.3949522214908703,1.322029794080325,-1.3769298181353489,0.7212994537496416,0.17941770037549237,-1.1655072092583174,0.08062114240886466,0.020134836876620398,0.6552491028061332,0.690005588834783
8.220000000000883,-1.3903207387211594,1.2989649679670963,-1.3688466981677374,0.7212699754230897,0.1659559913728391,-1.1965467709554265,-0.072320632731036,-0.33005204832021684,0.6631008583202274,0.36581722364410285
8.240000000000872,-1.3863622852335833,1.2758306147281557,-1.3579990528152492,0.7167889844522216,0.11541771892641275,-1.2185675739180095,-0.3334688619819541,-0.48656000886687345,0.6050039013133934,0.7955106545350529
8.260000000000861,-1.382746659754152,1.252946897311765,-1.3385919589991064,0.709859439383168,0.1733201820514537,-1.16201212189204,-0.2935609521078097,-0.201068322077511,0.3211656697177886,1.2165688396876821
8.28000000000085,-1.3778285115695628,1.2308370305296885,-1.3168402545471045,0.7065486461064692,0.27861785107216197,-1.0905213216407412,-0.04062284279702812,0.19551753434869365,-0.08877205729085468,0.8594831088890343
8.30000000000084,-1.3717436903021003,1.208911204829085,-1.2982668143637073,0.7082714075887464,0.34292380215530116,-1.0823025792995873,0.18495158908774942,0.34845498257628404,-0.347452838024053,0.7282254431210098
8.320000000000828,-1.3649314046517529,1.186547437254941,-1.2810821736111067,0.7135486442202243,0.3800690526903218,-1.1145381980902778,0.3065515421588437,0.29384317598378706,-0.48023552711964196,0.6970392422682791
8.340000000000817,-1.3578070096549468,1.1636473758364394,-1.2648383737913973,0.7199933551924886,0.3828194137020874,-1.1423560574547604,0.303793946761451,0.1959579253804996,-0.465943470557543,0.7031589887223186
8.360000000000806,-1.3509516517558793,1.1406007736379828,-1.2446722919088489,0.7254825688367027,0.3557130656450618,-1.1481407717519718,0.2251609290913126,0.16376808086812905,-0.4232691608733983,1.1072358134709723
8.380000000000795,-1.3443694985471497,1.1177045301063602,-1.2209011239266452,0.7289400770579411,0.3565916047627996,-1.157463668630667,0.10507124987930763,-0.00832684101513026,-0.419001165905853,1.1988887709304814
8.400000000000784,-1.337617728409158,1.0952255837394378,-1.2025774423618016,0.7287373554959017,0.39222370204844814,-1.1381607582040743,-0.12964517434622982,-0.15410572220880875,-0.4161631215242122,0.8843275623321738
8.420000000000773,-1.3307770393831877,1.0732644770514665,-1.1871345358143168,0.7230545076704276,0.3697694772881545,-1.0693347652474303,-0.38157563499005076,0.08179879968517068,-0.4710397130831488,0.19288303164773254
8.440000000000762,-1.3242315751769838,1.0521439327175806,-1.1885006990368778,0.7167634981561269,0.33850279201789585,-1.0425324496282469,-0.25329067210948675,0.15979839298495405,-0.17400540413376758,0.13533667272933467
8.46000000000075,-1.317334447518663,1.03083529466679,-1.1773313869908348,0.7144007759885469,0.353409792950505,-1.10760945085298,-0.00802084890447829,-0.25426029786724297,-0.03323275538356937,0.7214232759818882
8.48000000000074,-1.3097764898483624,1.0093817645045213,-1.168188721882733,0.7162077870380558,0.3612769020219748,-1.0721963490622655,0.16012243156765021,-0.07823760218558748,0.44716581858894305,0.39247611006520844
8.500000000000728,-1.300613850449812,0.9876975059513705,-1.1557302586581737,0.7195574106282984,0.4459466111055456,-1.099965779520053,0.16085849414168713,-0.006912596857397105,0.5198879163730805,0.8564760181624607
8.520000000000717,-1.2907077915545169,0.9662196174478586,-1.143272815072091,0.721858681761987,0.44117687127045874,-1.0858434361849318,0.07763982922513629,-0.1315014203556699,0.642533926251152,0.6223767701652368
8.540000000000706,-1.280961073658708,0.9449437112276192,-1.1350924625003884,0.7216946714990519,0.43211578502204634,-1.1217702661130262,-0.08210389777010725,-0.4676268932120594,0.5573098698401924,0.3885548598294392
8.560000000000695,-1.2719003841395968,0.9234812358979801,-1.1242479738286528,0.7170253743442538,0.38674388763633,-1.1460963326519404,-0.33851801736372805,-0.5744231999188413,0.4813018059689411,0.8259744442667665
8.580000000000684,-1.2631716006664482,0.9022528623626089,-1.104879949256026,0.7101483711414949,0.4344334047679101,-1.0779001950587093,-0.2862600653467231,-0.23506107897967843,0.2613222287488549,1.180828243682
8.600000000000673,-1.253344861097778,0.8820242008300526,-1.083572544676553,0.7070071620148862,0.5195696498877629,-0.9884430900627174,-0.032171092370071576,0.2305690237839404,-0.04353525957859139,0.8429571650449563
8.620000000000662,-1.2424384363125416,0.8622091351450951,-1.0651713165782721,0.7088758809631062,0.579338669367292,-0.9671429541075722,0.1908687858958903,0.434637888987739,-0.2577398516301414,0.7231879635081764
8.64000000000065,-1.2307394060919616,0.8421229843523502,-1.0480314211924395,0.7142284967742656,0.6219000399125238,-0.9905977502486908,0.30851530427296603,0.4097631904607406,-0.39770758452176624,0.6946451335719258
8.66000000000064,-1.2186349114987944,0.8215849836294965,-1.031787047986075,0.7206590563972036,0.6293101280691662,-1.0171022089955095,0.30130731526189447,0.3105458643324174,-0.4026861301554443,0.7072283196764967
8.680000000000629,-1.2067759529015427,0.800847947988327,-1.0114305357848716,0.7260675224410954,0.6043831858258482,-1.0290353927850109,0.22032738459549994,0.2657707652565708,-0.371077925829283,1.1159766771271697
8.700000000000617,-1.1952085049260222,0.7802050323010739,-0.9877165411839347,0.7293907072660566,0.6087341847387295,-1.037614563277389,0.09688497805060609,0.08904143094716754,-0.40731733837776546,1.1867016582663859
8.720000000000606,-1.1835357184461488,0.7600065861135764,-0.9700248240385833,0.7289491383084734,0.6418748151720196,-1.0098621173692077,-0.14311083622262646,-0.04987053058630338,-0.4480870689816707,0.8371887376803065
8.740000000000595,-1.1719047475656181,0.7403744949549131,-0.9566560988303026,0.7230913692761809,0.599802868105363,-0.9472114659541767,-0.3782191193910973,0.17625408654106872,-0.4178443934177462,0.027851446623889276
8.760000000000584,-1.1606943602444066,0.7213523700708282,-0.9581899864542188,0.7170309841733488,0.5684763927540099,-0.9364702133910778,-0.23529727046122273,0.1589348307260702,-0.13836906979863833,0.1583282465721078
8.780000000000573,-1.1491940550134043,0.7022458437208969,-0.9481932692953112,0.7149838441400542,0.5835986037756539,-0.9883160292848456,0.00437533403200111,-0.19273602089920389,-0.02224193761280361,0.6677632497900658
8.800000000000562,-1.136961729539,0.6831207829969435,-0.9408057104289105,0.7169471087637468,0.6025643149335862,-0.9615914997812322,0.16480661230027632,-0.16316327991319823,0.4149090706053923,0.3893801950353533
8.820000000000551,-1.1230459992028061,0.6640581218302433,-0.9267767208714146,0.7202918795453028,0.6718665472019691,-0.9650407108548171,0.15645235589075218,-0.11478873461092007,0.5123192917189282,1.0748203834154775
8.84000000000054,-1.1086427470033988,0.6453731195392752,-0.9127378369646908,0.7225887820085921,0.677964708044027,-0.9624475193572574,0.07821597719801458,-0.28431461082568465,0.5769926964824965,0.5895966314690292
8.860000000000529,-1.0943654133772904,0.626834791734273,-0.9049241668141238,0.7223950622544869,0.6727233890235955,-0.9922054714021876,-0.08422786620427858,-0.5674818661758387,0.43434397848782075,0.36078404034357525
8.880000000000518,-1.080721302524963,0.6080231898618983,-0.8946249232075985,0.7176670649933308,0.6349912060359298,-1.0241502182942508,-0.3414635632689593,-0.6524628266649407,0.32854002342671057,0.8048763515342381
8.900000000000507,-1.0674621783169587,0.5893917865815772,-0.8753098138404722,0.7107362642690744,0.6642271457559603,-0.9481393567561817,-0.2907897278345832,-0.2851473986674501,0.1991871078751644,1.1842669523704197
8.920000000000496,-1.0533590734297296,0.5719783285044413,-0.8539348950862282,0.7075042331393115,0.7275405686496689,-0.8426258146459961,-0.036838950138996844,0.22468639230387497,0.009242285058036141,0.850695600885839
8.940000000000484,-1.0382925388566855,0.5552164077728925,-0.8354335455406908,0.7093041276703026,0.7811029098603751,-0.808124409435801,0.1882555000490055,0.4691390220767225,-0.15545934739590409,0.7262870172780618
8.960000000000473,-1.0223959530151046,0.5383689369877214,-0.8182731018027342,0.7146250364469187,0.8279729111708635,-0.8218068149463341,0.30759230081752653,0.4742415723806209,-0.30107424246472203,0.6930557566906029
8.980000000000462,-1.0060101148020641,0.5211630502082519,-0.8020848536836157,0.721035686788969,0.8409333451135494,-0.8466971847098268,0.3000174035380375,0.37618593465147443,-0.3295174408325206,0.7005712973080715
9.000000000000451,-0.9898323055059379,0.5036999772256293,-0.7818490519189013,0.7264043390387307,0.8180066169177357,-0.8640787980482894,0.21773316732167974,0.3260715356219692,-0.30552279758325207,1.109595219480517
9.02000000000044,-0.9739796275429923,0.48625792461464606,-0.7582035275167733,0.7296594953365554,0.8230723742285073,-0.8716642804786238,0.09285597134880186,0.1637415454876662,-0.37754861137640283,1.1859898167966412
9.040000000000429,-0.9581341889193744,0.4692372948670319,-0.740631262008505,0.7291197389440807,0.8500613667879164,-0.8379334746227727,-0.14854416107992313,0.04300633350423541,-0.4532781565115529,0.8309006301739811
9.060000000000418,-0.9424338064916735,0.4527754241544843,-0.7276080623547693,0.7231610129494775,0.7955892825881842,-0.7851431209925622,-0.3825057759195542,0.2626356228147929,-0.37170092223775847,0.008077595449300562
9.080000000000407,-0.9272811630158426,0.4368205005032059,-0.7289592465892927,0.7170395941467653,0.7591736453465979,-0.7812011926031255,-0.23753905908028863,0.1816513164726234,-0.10327773466466458,0.22281783975704889
9.100000000000396,-0.9119880938858533,0.4208894864945263,-0.7178131609636704,0.7149600082542141,0.777881969100552,-0.8239836363073682,0.004627071313889075,-0.1577315176929544,-0.015886311851993795,0.6703890154202813
9.120000000000385,-0.8958019057234747,0.40510240737096215,-0.7113316341337428,0.7169874550729107,0.8073949144913801,-0.7980663477016525,0.17014760028263978,-0.26919197829368413,0.354932411738258,0.3360713649535864
9.140000000000374,-0.8779209916388928,0.3897402625710448,-0.6977720892237657,0.7204246156956263,0.8737620240431335,-0.7855107628769763,0.15988269117842405,-0.2397081358323499,0.4594834625497451,1.0701923118179681
9.160000000000363,-0.8596742850922692,0.3748733430915285,-0.6838944168310255,0.7227783715249435,0.8775079571230511,-0.780409392924489,0.08014635400613236,-0.4138487257061888,0.48809781114187717,0.5811579649249693
9.180000000000351,-0.8416362048210584,0.36013321855042124,-0.6764173772646027,0.7226535737716486,0.8769253736215019,-0.80839059140807,-0.07965159512915705,-0.6533960398651361,0.2927188319101057,0.3457798060024169
9.20000000000034,-0.8241362525711332,0.3449722409011195,-0.6662854714402293,0.7180081477935528,0.8494627591428772,-0.8516035628488494,-0.3378653227236453,-0.7239762802293951,0.15942640066398803,0.7949190466374785
9.22000000000033,-0.8070350180034095,0.3298721124305978,-0.647519510631239,0.7111198513858344,0.8606152107467855,-0.773580178934941,-0.2918563815366148,-0.35148444055118977,0.11862601521562555,1.1536736129323844
9.240000000000318,-0.7893880663711964,0.316126141957575,-0.6264669660433075,0.707851737907409,0.898439809326536,-0.655643079616497,-0.03948455899758325,0.19928935061149564,0.049890537557040884,0.8499741479335368
9.260000000000307,-0.7709692636239365,0.3032528008269942,-0.6079828729464557,0.7096065933176915,0.9406638179212502,-0.6076720517185283,0.1861114285030246,0.4894860526407354,-0.04850379815629628,0.7272458923574422
9.280000000000296,-0.7517540248592374,0.29049794798770595,-0.5908206308676703,0.7148853550187441,0.987777130706774,-0.6094968545379913,0.3056331595908022,0.5357576766317445,-0.18554557042738085,0.6920569283367756
9.300000000000285,-0.7320016830045094,0.2775047890895732,-0.5746606052289809,0.7212516890642587,1.0053176670581867,-0.6307302937971915,0.2978306858656944,0.44909916673090144,-0.23411674994138068,0.6955159958607542
9.320000000000274,-0.7124040032652056,0.2642092885234004,-0.554532516270975,0.7265732846167836,0.9859573712310344,-0.6532859600474724,0.21545871548016857,0.39356237719855425,-0.21853848486202593,1.1050399745806034
9.340000000000263,-0.6931387517288693,0.2508531705812951,-0.53088947255459,0.7297804306443457,0.9918368796700138,-0.66001108844758,0.09057568248681117,0.2512109177295239,-0.3218556853384971,1.188129256999635
9.360000000000252,-0.6739773298359877,0.23790436247379498,-0.5132677649285288,0.7291988935655052,1.011309053868896,-0.6210762851377749,-0.15058892921183703,0.1506458884350363,-0.4253077600053521,0.8278250629931725
9.38000000000024,-0.6550722985685434,0.225472559441215,-0.5004349886532055,0.7231899840723264,0.9464390702017029,-0.5813868246521909,-0.3843273989020153,0.34442250830496063,-0.2961669634284999,-0.009226387121296094
9.40000000000023,-0.6368049779517034,0.21340608196308603,-0.5019230181764456,0.7170561334940702,0.9122450078827063,-0.5871836901460239,-0.23704854460675162,0.195799864111197,-0.06150050297062034,0.2194021069780096
9.420000000000218,-0.6184419541978535,0.2014109804031326,-0.49008350041316706,0.7150063284980309,0.9364418465596343,-0.6242723205402161,0.007583055335445494,-0.15755832981327722,-0.045507419420464226,0.7202636475830714
9.440000000000207,-0.5992013109913602,0.1897487190172289,-0.4833857596392796,0.7171089677431215,0.9642631824214966,-0.5931489314400086,0.17401572339773186,-0.3564044738377508,0.27730549572319585,0.3250990600946249
9.460000000000196,-0.5783700149851554,0.178870506549945,-0.47038049081201866,0.720606107004751,1.0276661319778269,-0.5651502455307787,0.16189315274077357,-0.3424933833798446,0.38926739618456235,1.0149578122348828
9.480000000000185,-0.5573235505816573,0.1685786678764863,-0.45676613995522775,0.7229769110615345,1.0248326324577746,-0.5586444680551309,0.08040669309112328,-0.5121500002387661,0.38564517158942196,0.5850265747556784
9.500000000000174,-0.5365457836761579,0.15834517739748433,-0.4493829477653911,0.722864538813373,1.0317302315830699,-0.5863084294999016,-0.07992676975084961,-0.6966183824641989,0.13437401983334973,0.3427194509961384
9.520000000000163,-0.5161749409631557,0.14757542768436613,-0.43946833999041174,0.718229883141599,1.015865580895455,-0.6358040630608011,-0.33752065314678964,-0.7425031801021064,-0.01570124262700849,0.7836816507343805
9.540000000000152,-0.4961930275280079,0.13675594098703314,-0.420826748748249,0.7113373885555311,1.009477326673087,-0.5583676376214353,-0.292594090105952,-0.37132117275883575,0.02713684809156333,1.1496730361580385
9.56000000000014,-0.4759819867080162,0.12735527685442372,-0.39985180579272356,0.7080440945942501,1.019528909629986,-0.43615662241649167,-0.041312066525470384,0.1788466018273111,0.08598182506776068,0.8487979252198907
9.58000000000013,-0.45522376665855246,0.11896667804212349,-0.38135412813654834,0.7097576892399214,1.0488981889781224,-0.3800931939113587,0.18381960082357948,0.48553415797823896,0.06018171831015954,0.7313776473893557
9.600000000000119,-0.43373032919142923,0.11087150994488984,-0.36413598546453063,0.7149904671313374,1.0941939131560443,-0.3710347824582399,0.30344105857262155,0.5638938839006005,-0.05863152400049658,0.6964667508206369
9.620000000000108,-0.41166946729016224,0.10266711606623001,-0.34792273708778115,0.7213157081109031,1.1157268071314523,-0.3873451661780459,0.2960245397538889,0.49238684515744446,-0.1240109743877144,0.6964869237610118
9.640000000000096,-0.38969413705443845,0.09413614003475025,-0.32782491688475696,0.726600704315747,1.101582210022214,-0.41370483783765144,0.21368495871703677,0.43434587541277114,-0.12008894692306407,1.105122178805229
9.660000000000085,-0.3680373012915877,0.08546883272562589,-0.30408474340320446,0.7297686972578709,1.108174707426127,-0.419240530522996,0.08859340320229334,0.3189641366347985,-0.25028589137865465,1.197149566076763
9.680000000000074,-0.34657991167018853,0.07717976179557215,-0.28625185052331076,0.7291429889588465,1.118514680983088,-0.3767684655755715,-0.15291595509550573,0.24493442567241336,-0.3744256798023121,0.8360688251389768
9.700000000000063,-0.32549770645770404,0.06933491897429167,-0.27387876429660113,0.7231308306518197,1.0467521862493143,-0.3545365733196799,-0.3791491292267817,0.384627558224302,-0.2086106669850677,-0.048021818015765404
9.720000000000052,-0.3050671003306974,0.0616786355775043,-0.2746607436045982,0.7171392856739581,1.016905661451051,-0.3678552983056678,-0.22959595840400757,0.19653697071430015,-0.030995200009861425,0.3224375823742654
9.740000000000041,-0.28454915482098475,0.054167548151418894,-0.2617314466171845,0.7151702470746102,1.049363755572817,-0.3951905663216135,0.008478132318462646,-0.14270613248933345,-0.09396955837488906,0.7504341096185284
9.76000000000003,-0.26328516510282485,0.04716474249521059,-0.25491746453114145,0.7172793066777485,1.0672346635134733,-0.3588412618572202,0.17384633861753251,-0.40177747997751834,0.1906231280189067,0.30300468397091035
9.780000000000019,-0.24062274985495025,0.04126373615776407,-0.24295285682070986,0.7208060220461754,1.132565949941214,-0.31753623950911614,0.16541577190569304,-0.4115161763426535,0.2998769382115333,0.8439668296577507
9.800000000000008,-0.21788462997473393,0.036016895392730196,-0.2301375154000806,0.7232034445420891,1.1124634868521242,-0.31189850272918207,0.08178709257177436,-0.5745902789839444,0.2808320478064695,0.6329199686575031
9.819999999999997,-0.19548625718244397,0.03073039461833517,-0.22249302760636516,0.7231767173979663,1.1324172149019118,-0.33889305996172603,-0.07493063470176939,-0.7033750264200141,-0.02610142869623859,0.3601764572123894
9.839999999999986,-0.17329459119049762,0.024822515065497673,-0.21259323051665466,0.7186499269006725,1.1300100709490837,-0.3926609661788025,-0.33579229792187476,-0.7298100540898343,-0.18935520924500351,0.7438033203578102
9.859999999999975,-0.151481433899025,0.018718759008944375,-0.1941130145071167,0.7116551723172783,1.1058013880505864,-0.32103449520257943,-0.3025855243868142,-0.37832038618099195,-0.06460382606923196,1.1542595207648154
9.879999999999963,-0.129736093958122,0.01404260851908144,-0.1731597556848637,0.7081405023915831,1.0904747789914733,-0.19881943317897502,-0.05228082740798799,0.15009948979210572,0.10838586100377222,0.847709995044761
9.899999999999952,-0.1076777168082067,0.010476668713010256,-0.1546341896309234,0.7096651991765317,1.1048510720543998,-0.13731616221629406,0.17587683187206402,0.4619049625350248,0.16133653385620333,0.7335069704195111
9.919999999999941,-0.08498725297866253,0.0073577312174843,-0.1373505090818758,0.7147705231952837,1.145539071694648,-0.11822276190206389,0.29858534959274935,0.5695224235889742,0.07044003887136309,0.7008391468740511
9.93999999999993,-0.06172634172452607,0.004257624933211239,-0.12104086146428282,0.721022579691136,1.1701717818426787,-0.1290710064279142,0.2934430913198036,0.5165234809600056,-0.008841454927654702,0.6998351619884524
9.95999999999992,-0.03847255574191396,0.0008201927757489915,-0.10095661399224361,0.7262642467131193,1.1623682331217289,-0.1579690466958692,0.21175176018662725,0.4572409488019372,-0.019170515118841762,1.1014865446140611
9.979999999999908,-0.01550501131785794,-0.0028268915188078268,-0.07719789170546922,0.7293903566702055,1.1693196724258075,-0.16258269638061917,0.086309835806215,0.3729362193976206,-0.16964139275093085,1.2021192680671295
9.999999999999897,0.007174672987050198,-0.006145197483221973,-0.05921293045131204,0.7287077428214496,1.1694964296006256,-0.11857175096950034,-0.15597282061535467,0.3310547711160713,-0.3052688506366964,0.8447481603462937
10.019999999999886,0.02937724701565586,-0.009123431138663669,-0.046729144163659635,0.7226469745932025,1.0931040088075616,-0.11399983628152775,-0.3796906331175751,0.4234651271489826,-0.10793685923466456,-0.04695497757511354
10.039999999999875,0.0509033551652521,-0.012062988823666495,-0.04727519567069101,0.7167158538030874,1.067492688923745,-0.13248768572723313,-0.2210277814099113,0.18280381429403947,0.013787059572641917,0.31338616767190774
10.059999999999864,0.07244802453054025,-0.014712880442700206,-0.0347159039642393,0.7150531458454755,1.1059762309133665,-0.14637983894422554,0.026408291462371697,-0.1426503876674871,-0.15247745137331653,0.7897791704470472
10.079999999999853,0.09459997999365817,-0.01671945260266205,-0.026802891624519595,0.7174740696399704,1.1147397218639798,-0.11141798688373394,0.1860717541716657,-0.44860978882386615,0.07580661741275767,0.34374745553130776
10.099999999999842,0.1178575964787007,-0.017383673932051574,-0.014618434405912643,0.7211907916707089,1.1687638018474578,-0.054566747628349475,0.17256955913721161,-0.4656846736481456,0.19027261795771427,0.8084103554893358
10.11999999999983,0.141180821344119,-0.017366707132853737,-0.004451411980396963,0.7237033189017273,1.1455871427960416,-0.051274315617032926,0.08549360151411164,-0.6126464415740305,0.16259702761012856,0.5528152014641441
10.13999999999982,0.16407354937289517,-0.017463925452330567,0.002318678502668764,0.7237510582537854,1.1719385843983254,-0.07641324261684501,-0.0707562344397581,-0.6768984024076885,-0.1726029442067228,0.32880047363107046
10.159999999999808,0.18687747535150007,-0.018263862018994964,0.011857024479012872,0.719314778909452,1.1815717670357875,-0.13062920214726292,-0.3317720843143059,-0.6704275117567682,-0.3407221370583519,0.723122553678359
10.179999999999797,0.20937178126131276,-0.019368185955427594,0.029570099592009163,0.7123466836454182,1.1435996059159872,-0.06955798640591053,-0.30477409361514446,-0.3770492405223768,-0.15182152048378578,1.10563522214011
10.199999999999786,0.23149522969636047,-0.01913207366706784,0.04985096534662813,0.7087548635704489,1.1008479303436756,0.04505717864469332,-0.05664597976683388,0.09950879678973934,0.1416861605263713,0.8331410376118827
10.219999999999775,0.25364815829969467,-0.017742709689189073,0.06812063828589963,0.710199397124391,1.098091529896141,0.10950167984232019,0.17298282740677678,0.4028076743821962,0.2790238175950256,0.7261728334398904
10.239999999999764,0.2762968059198776,-0.01576472926841512,0.08526536537515837,0.715268611511199,1.1327539582555852,0.1384430141945745,0.2984683785882371,0.5374237005861848,0.22029684289744103,0.69441031917296
10.259999999999753,0.2995058071497383,-0.013629357282565114,0.10148020354718919,0.721543451148059,1.1602743369669213,0.13437803416622443,0.296091691269829,0.5085027731813008,0.12884197171661194,0.6909787903134583
10.279999999999742,0.3228025725485166,-0.011816740916570442,0.12138583111225096,0.7268394890947522,1.1596619061610642,0.10439309988099502,0.21462039233155622,0.450248362781259,0.10420923616344574,1.0895858232457911
10.29999999999973,0.3458725167152932,-0.010265816130560271,0.14502873792348858,0.7300317203369092,1.1675505233622745,0.10176901181955718,0.0904176240149939,0.4045293638501706,-0.06020028439676722,1.1927064668887093
10.31999999999972,0.3685963154692233,-0.008449783381857813,0.1628477440401043,0.7294558309229112,1.1602376980951388,0.14450746755735636,-0.1499625207967018,0.38350004018343226,-0.21485185973598042,0.8279346192250455
10.339999999999709,0.3907917285040653,-0.006391827816221076,0.17482982639028774,0.7234657108725822,1.0858553997625175,0.1340198267519362,-0.37819455732105545,0.432540507046065,-0.010402738913281116,-0.06978531130584964
10.359999999999697,0.412355530542032,-0.0044392817996604245,0.17326398879933258,0.717495592960667,1.0731504754753847,0.11269790752766196,-0.22743505670153275,0.1876988539510219,0.044404855980189034,0.22896294066621173
10.379999999999686,0.43408478681432505,-0.002260312905233253,0.1845873047529711,0.7155990624886466,1.118578619588003,0.09971152898856103,0.012229615021925917,-0.08014512445228003,-0.19198312441610202,0.721219399208226
10.399999999999675,0.45616109185153125,0.0005779117875393939,0.1920562792736286,0.7177628577750275,1.1065146089456763,0.132165462647967,0.17565507662965224,-0.4494734360652149,0.019504212696109066,0.358516523873894
10.419999999999664,0.47895810510418846,0.00497488149719738,0.2046131067561133,0.7213493329368464,1.1456613983970183,0.19852986114029403,0.16936204523196233,-0.5093636765491876,0.12312102004883443,0.8830196368367879
10.439999999999653,0.5015915552998205,0.0100073690835566,0.2176015806246006,0.7238493719920406,1.1303462512014537,0.1977268409039618,0.08733084405252876,-0.6434282989545367,0.03963590592360497,0.6143363452919431
10.459999999999642,0.5239701827210688,0.014928700094124314,0.224972380519461,0.7239468137598944,1.158244995787921,0.18023495083856358,-0.06603462815404201,-0.6453498145457477,-0.29030696644480936,0.3440972647541108
10.479999999999631,0.5463747453718824,0.01915663400372178,0.23511842639652564,0.719585868871649,1.179607146797566,0.12997243529243577,-0.33049571665428473,-0.5933072096268178,-0.4559095326016247,0.729572412184637
10.49999999999962,0.5685257581840997,0.022965182189601693,0.25367890538623805,0.7125605934148004,1.1277132118526814,0.17992921824608285,-0.3089220305923288,-0.3459785657969025,-0.20909126420940863,1.1688162584337087
10.519999999999609,0.5900022601290016,0.028045717288977076,0.2747434883614965,0.7088783248455686,1.0618290365267307,0.2856147479898655,-0.06039721780430574,0.06089526081321192,0.1674004903424272,0.854916341784649
10.539999999999598,0.6112850951751896,0.03428952489825951,0.2933039480172523,0.7102575126689341,1.0478766333632807,0.3490249498544547,0.17055166035274827,0.32717444071338925,0.35204442711471484,0.7336940911071933
10.559999999999587,0.6329569431579387,0.04123892131328469,0.3105530922595503,0.715300433827264,1.0773446549400845,0.38614075273030823,0.2978950253861634,0.47226021916353755,0.31486326330758896,0.6982482270907601
10.579999999999576,0.6551619228701616,0.04848667781883923,0.32683063579026633,0.7215831307483792,1.106103820570151,0.3893676455298566,0.29672061671173955,0.4660523586530084,0.2152290838124314,0.6948729971426123
10.599999999999564,0.6775330346398342,0.05544982924285768,0.3468867849011316,0.7268979015233775,1.1124736133143092,0.3605355867439114,0.21532330129035543,0.4186959534808655,0.17892609713301721,1.0998265585530713
10.619999999999553,0.6997453916579078,0.06211381771375008,0.3706987763065693,0.7301039261744511,1.1210422068113448,0.36033860599657996,0.09066476809037213,0.4139917772940022,0.0075706637916001795,1.2003144409242463
10.639999999999542,0.7215631522995151,0.06896417428348922,0.38872779394089113,0.7295301643453519,1.1041613417748342,0.39999005611369304,-0.150131246159684,0.4268174743348335,-0.14550969302300487,0.843457984828088
10.659999999999531,0.7428330766201506,0.07591973281120909,0.4017544305536946,0.7235029596548035,1.0332397880899458,0.3729394998146555,-0.3853334689225302,0.4377420114899741,0.0810611521718579,-0.0015255916079525908
10.67999999999952,0.7634269269361311,0.08259676966138926,0.4003949781656416,0.7173670710052685,1.0183041610850314,0.3430191338791367,-0.23571518216578932,0.16086955355695093,0.09973119083919434,0.22694054314533174
10.699999999999509,0.7841064970211172,0.08946368841285098,0.4110377408392205,0.715399890890032,1.0682220000044254,0.3456916141264703,0.012580406493299624,-0.046355355099908166,-0.19148346810106193,0.6600059150084865
10.719999999999498,0.8050335562982172,0.09717371354455473,0.41782459198882377,0.7175740408678385,1.0500519621975277,0.372693401256176,0.17726987475799488,-0.45543355109806555,-0.09467824540407639,0.30250569764657076
10.739999999999487,0.8262484444039441,0.10652994133300529,0.43124924931715664,0.7211694936687865,1.0671578077914117,0.4440960814605271,0.1681144370800679,-0.5228875646515174,-0.010019710498776813,1.0741976211609034
10.759999999999476,0.8471805899036766,0.11646030836328851,0.4458651764126279,0.7236875540124417,1.0631860565218862,0.44722128568336006,0.08786039881912461,-0.6250678025917256,-0.13875246783877535,0.6302215533599002
10.779999999999465,0.8679063645899614,0.12627593947548418,0.4536425356927841,0.7237546656565511,1.0878848338872409,0.43514218752261535,-0.0681892964928188,-0.562398205743988,-0.435434261142905,0.34575611277692264
10.799999999999454,0.8887713287769474,0.13541568934726977,0.4638445373667095,0.7193430641270646,1.1171724663119014,0.39195731395015615,-0.33001793332312046,-0.4698416287123167,-0.5679189214015083,0.760077258638084
10.819999999999443,0.9094548746669626,0.14414661159252437,0.4823913270234573,0.7124377735589696,1.054287824465015,0.4313753994094519,-0.29904928753775467,-0.28178487112442335,-0.2651720198371044,1.1505667244043818
10.839999999999431,0.9291883095206425,0.1539408013097193,0.5032498289374283,0.7089537306706275,0.9660537531481149,0.5166009997627204,-0.05140637228346384,0.01881113271151777,0.19692056567027355,0.8457196043442374
10.85999999999942,0.9484780121898906,0.1648080493879996,0.521686470922968,0.7104662408360286,0.9398058523319959,0.5752224726596791,0.17514126194286742,0.2340920615597223,0.42817437857544904,0.730068764727185
10.87999999999941,0.9679989661505894,0.17645409216798777,0.538894698957033,0.7155547207652221,0.9609348157395549,0.6181644534566987,0.2982970934743092,0.3831876522912212,0.41916648865892375,0.6970378762111757
10.899999999999398,0.9879722104961569,0.1885113862872441,0.5551506611327621,0.7218126045848711,0.9881739517884395,0.6275840369563137,0.29432406007738393,0.39914439983604866,0.3191066905917364,0.6953262611248001
10.919999999999387,1.0081666503186282,0.20032845123070867,0.5752930167286616,0.7270696643030049,1.0009425963083483,0.6014325118576975,0.21224342743505897,0.3645571681183131,0.2719527502292838,1.1048895852714882
10.939999999999376,1.0282698470492178,0.2118294312308204,0.5990406327689897,0.7302045307317021,1.0091692341771707,0.6044126411892924,0.0867004450679924,0.40115206828925853,0.0999699580158441,1.1903227546269641
10.959999999999365,1.047947306490554,0.22344248023891886,0.6166626903709201,0.7295230165515919,0.983342700665041,0.6401583488700577,-0.15605484523895513,0.4511125096810643,-0.045463789937751006,0.8176789442588128
10.979999999999354,1.067048196560557,0.23502049457518825,0.6286070956021544,0.7234381088354357,0.9212973001261294,0.5959609078998978,-0.38276031968757096,0.39880297947654086,0.1663679683453196,-0.06777138266445118
10.999999999999343,1.0856288529739717,0.2462072239903651,0.6270928529281521,0.7173929257084011,0.9178215101142417,0.5669180687066853,-0.23134534989412828,0.14224249879642958,0.12398747212928302,0.23617142972071853
11.019999999999332,1.104293292394417,0.257601456893655,0.6377835996562949,0.7154225050062509,0.9648908999491893,0.577416862311467,0.009113067779279362,-0.011154499453375127,-0.18386196854415843,0.6445603882303662
11.03999999999932,1.1229874063628513,0.2698439112549143,0.6442770977503847,0.7175221271328578,0.94125096428286,0.6052744061954025,0.17318664467821307,-0.4185437343799375,-0.1791789082053328,0.35213834485335554
11.05999999999931,1.1415690073721725,0.2837647018259231,0.6584578542122406,0.7210318745341728,0.9396018910221007,0.6700024890356963,0.1648315967728855,-0.5163767935956857,-0.1238794520008562,1.1269383138323799
11.079999999999298,1.1597701991337723,0.29816740532271013,0.6731411121333783,0.7235118052586024,0.9380444557036876,0.6774533180771063,0.08693167169227375,-0.5788678857390184,-0.277655803268849,0.6159624192104277
11.099999999999287,1.177808798004069,0.3124416577980514,0.6808138509389186,0.7235450329040262,0.964215087177209,0.6720873427433173,-0.07175742525864995,-0.4450360244382148,-0.5421169390797426,0.3444265503717683
11.119999999999276,1.1960993989332678,0.3260987269653581,0.6907546132137932,0.7190777871365824,0.9989882846747923,0.6359052114238561,-0.33225808635825577,-0.3270891949380545,-0.6390332588389465,0.7467135875172042
11.139999999999265,1.2142911388565694,0.3392971735978949,0.709448777969955,0.712128912322619,0.9290811294233189,0.6593723208452518,-0.30076198195911336,-0.21106322215704237,-0.2980620565152936,1.1649231861221256
11.159999999999254,1.2313294071750114,0.3533139294647643,0.7304544647206965,0.708616982160341,0.8255191625107133,0.7225453444043644,-0.05230052258772942,-0.024511727820986727,0.20935067920071693,0.8455575223257206
11.179999999999243,1.2477183445160747,0.36828626724090996,0.7488892572519757,0.7101203264447283,0.7885629763636354,0.7745291098779356,0.1752043409402378,0.13445541846287085,0.47470825360030655,0.7261236799329216
11.199999999999232,1.2641797602916562,0.3840822347556164,0.7660673221223969,0.715217810817933,0.8008264644063772,0.8217857732487581,0.2991098232765449,0.28302195786215784,0.49408979422772137,0.6935537498740805
11.21999999999922,1.281004259559511,0.4003902436451935,0.782289770801566,0.7214972648070277,0.8260671585389024,0.8375819969545498,0.2955109607548896,0.32209984517316603,0.3965994540079736,0.6915802284810421
11.23999999999921,1.2981028332677267,0.4165227658422665,0.8023026926984476,0.7267807138151998,0.8445590749975763,0.8154277766256982,0.2136714985611766,0.3010227684751452,0.3413634836031809,1.0932341643862207
11.259999999999199,1.3151935148400482,0.43232961644571366,0.8258814143810461,0.7299556204932401,0.8526473244657173,0.8202965483256374,0.08911807679222465,0.3771639858167536,0.18119287244288385,1.1822142557520643
11.279999999999188,1.3318731990178003,0.4481296893776262,0.8434330763397598,0.7293444996393963,0.819852265063412,0.8486151758889539,-0.15217700357871983,0.45785590551895894,0.052556689730516165,0.8210866212623068
11.299999999999176,1.347981471873854,0.46379452952283373,0.8559858216221374,0.7232871763681252,0.7664374378591057,0.7936739856325561,-0.3868066514044548,0.36957997687367744,0.26746406583581983,-0.02469474998568659
11.319999999999165,1.3636111284302264,0.47892668089078194,0.8540198013238496,0.7171306021030859,0.7666991637171778,0.7602449687204792,-0.23622618400039982,0.10082675506194229,0.17480733933474485,0.17131576209463395
11.339999999999154,1.3792166764101597,0.49425920506171445,0.8642015208146921,0.7152097268679845,0.8104746292759784,0.7852875285637787,0.016925892626545903,0.04744924246935966,-0.1918617570634048,0.663160704576648
11.359999999999143,1.3946937400944537,0.5104773759667965,0.8712424360894196,0.7174741519877136,0.7835894530206304,0.8008759039142371,0.18149611726208553,-0.36607383943213556,-0.28658026804392595,0.32219270683853185
11.379999999999132,1.409713064559598,0.5282914590085523,0.8850316414359486,0.7211355852929281,0.7680442143687207,0.8712775494792387,0.17051264049427844,-0.46222814397201406,-0.23958895929920385,1.1047767799077433
11.399999999999121,1.424264480741392,0.5465100862195428,0.8996881260512531,0.7237110080470869,0.7652388876966539,0.8750009094230723,0.09106062433346193,-0.49644834174560426,-0.4056552964793507,0.6252137757367484
11.41999999999911,1.43868850118671,0.5645316356045943,0.9073786184490876,0.7238522280369749,0.7903490768376901,0.8757136948364369,-0.06481358370619825,-0.30344253934785637,-0.637876463002254,0.3466686331425087
11.439999999999099,1.4535122159569218,0.5820326594720424,0.9175771422960026,0.71950570315212,0.8374751147288132,0.8505452877641596,-0.32965196384457557,-0.15581762634110727,-0.730031125481083,0.7182744656359357
11.459999999999088,1.4683678484072193,0.5990499639504666,0.9359777604765782,0.7125074669690289,0.7640753403033207,0.8554580432751533,-0.3082603597258178,-0.1251782263700869,-0.3777027177729482,1.1653610083194492
11.479999999999077,1.4818631960594064,0.6166071336309061,0.9571396912443826,0.7088362501423924,0.6444371949537886,0.8947851204924738,-0.060426452093738384,-0.05203933261958774,0.17565207800453392,0.8609664286715347
11.499999999999066,1.4944549862135705,0.6349374995999905,0.9758093364600411,0.7102125370571085,0.5933991281159787,0.9352327426538268,0.1700440103288162,0.039212469132062715,0.4839811253521852,0.7344384975024567
11.519999999999055,1.5069065767632601,0.6540596018571024,0.9931060576661405,0.7152379016366766,0.5936967230850928,0.9827720817993519,0.29654523540573513,0.17752381666283615,0.5414746311285574,0.6967554567216792
11.539999999999043,1.5195937677835283,0.673745316230184,1.009370659852452,0.7214830700661717,0.6147562601506206,1.003185276274235,0.294307030294585,0.23591013270278055,0.4560189475973425,0.6909678401466088
11.559999999999032,1.5325917726732523,0.6933114914869053,1.0292981103944738,0.7267476826872709,0.6379102115606757,0.9846754065234182,0.21279191873962927,0.22229885373313635,0.3968239772969354,1.0872272899336404
11.579999999999021,1.5456644374141775,0.7125421181738124,1.0528588716869594,0.729907576815472,0.6454039776358358,0.9896146351594817,0.08847205693520074,0.32542401197766346,0.2592326508280445,1.1867541184181416
11.59999999999901,1.5583504597554723,0.7316613314170646,1.0705579797558396,0.729300036349297,0.6078961230330948,1.009681495411594,-0.15176078815775002,0.43171631768322927,0.15208953197488256,0.8291227088002585
11.619999999999,1.570518301387108,0.7505300042006934,1.0832041250880982,0.7232455599530838,0.5682934387818485,0.94524265441332,-0.3870204432670254,0.3002632209984745,0.3404646800627629,-0.018621771563694517
11.639999999998988,1.5823348364523115,0.7687660248342318,1.0816101409392829,0.7170642702750382,0.5754222247448513,0.9118223732569861,-0.23819594982603673,0.07032365097960051,0.18521005347060576,0.21033006726669534
11.659999999998977,1.5940670925327938,0.7871990260971488,1.0917541255721395,0.71512085347997,0.611108549607875,0.9475855838439229,0.015556970026299927,0.097490206179431,-0.1760063212419617,0.6454092843407554
11.679999999998966,1.6054577408064374,0.8064635261369,1.0985974849735813,0.7173693046291666,0.5799163882885713,0.9597827964201304,0.18097827877799935,-0.2853537986730538,-0.3542544170765111,0.36634430378395705
11.699999999998955,1.6160442147933338,0.8272083895182769,1.1120271690084877,0.7210347261551258,0.5496163355604828,1.0214063680467642,0.17170692758104994,-0.40551462653700204,-0.33989315286935473,1.0390438922633796
11.719999999998944,1.626044996262249,0.8481891515999104,1.126267910130947,0.7236267903584844,0.5436012268298175,1.0208272953776807,0.09195419048988554,-0.4013482355156273,-0.4997435079953611,0.6239090380527632
11.739999999998933,1.6359714402420777,0.8689301905575387,1.1338569114947161,0.7238052563115781,0.5694255773843162,1.0287802178530243,-0.06331655264479717,-0.1528864391670142,-0.6839016195738961,0.3507143033317503
11.759999999998922,1.64642940653554,0.8892752672850667,1.14408909956895,0.719512332965151,0.6233860299471049,1.0162278438139687,-0.32702763385467193,0.01838134790026879,-0.7488209470246369,0.7238146651950839
11.77999999999891,1.6570554164718256,0.9091741231959505,1.1625909534424683,0.7125350268809416,0.5517617978563077,1.0050699733829327,-0.3083166847684865,-0.027631475752914955,-0.4008288866495875,1.1716017215090857
11.7999999999989,1.6662482989483605,0.929289037416715,1.1837900331331466,0.7088412130977015,0.4268188435955056,1.0156645943918665,-0.0623692100463714,-0.08320786178169515,0.15296933506617072,0.8623820252775563
11.819999999998888,1.6743882985624436,0.9499380479431381,1.202488378001403,0.7101724062126628,0.3676265733433059,1.0423526560038305,0.167618231074434,-0.06855564384591545,0.4762695042256996,0.7380885964540858
11.839999999998877,1.6822062481618834,0.9713096729379824,1.2198190315919364,0.7151551203029808,0.3565086729115592,1.0875759757582544,0.29484351923684965,0.048318485705188624,0.566986909362419,0.6996181148189307
11.859999999998866,1.690119600863345,0.9932756382186405,1.2361096082883827,0.72138281283232,0.37188886168939156,1.1120228178688163,0.2942985063630256,0.12287600421214162,0.4998963413411115,0.6918901520296238
11.879999999998855,1.6983612042234415,1.0151984793089595,1.2559857648341004,0.7266550902505534,0.39887790365097203,1.099003169873516,0.21347530978396642,0.12050741396801305,0.43776874943664223,1.0869596822831566
11.899999999998844,1.7067576871253627,1.0368073888185225,1.279666935023379,0.7298362363797702,0.40537172625899265,1.1049406621557654,0.09004701313208516,0.24868270262325534,0.3289854853232161,1.1969852994737025
11.919999999998833,1.7148007588438723,1.0582107443506437,1.2976900477280364,0.7292793928619912,0.36485130969009716,1.115946439229459,-0.14877985391928822,0.3762930982432138,0.24446114190456034,0.8455897039489575
11.939999999998822,1.7224004953340355,1.0792594737106604,1.31061283455697,0.723267111248356,0.34070527695705344,1.0450715099397805,-0.3852396990064441,0.21060645623823945,0.39454039276732833,-0.00832788832813347
11.95999999999881,1.72979160544914,1.0995917300472722,1.3094184976935048,0.7171065593738196,0.35538400418724386,1.0111749254422346,-0.23719210289368683,0.02697517577871154,0.18862036996671308,0.2619375838247978
11.9799999999988,1.7370539479267317,1.1200969072829736,1.3199244839877917,0.7151681164216007,0.38101802773517646,1.0560668426300197,0.014899670445717352,0.12564478662891748,-0.14972423804197424,0.6342644955080003
11.999999999998789,1.7437948024660788,1.1413551700918956,1.3263750898250728,0.7173980477875448,0.34922374699094677,1.0574582376235644,0.18064214989102123,-0.20677269252527994,-0.4129258902065429,0.29122598305484665
12.019999999998777,1.7494215304830614,1.163840320403873,1.3395939884952754,0.7210782022788457,0.303490691586342,1.11466070164866,0.17311628575685498,-0.31695836383502096,-0.4163777278600337,1.0637593260237908
12.039999999998766,1.7544204424869867,1.1864421342402365,1.354570813752545,0.7237068128005526,0.2997798783577077,1.1118660989109501,0.09375730187225707,-0.2814448821632611,-0.575789395660509,0.6628883569355315
12.059999999998755,1.7594011841151995,1.2087794802262406,1.3623610060194602,0.7239200704837925,0.321035996085601,1.1258098347258678,-0.06199739517182778,0.0020659736288185706,-0.6950230255939839,0.3611041529079322
12.079999999998744,1.7649821794341112,1.2308915912359093,1.3726821164485146,0.7196635420770476,0.37762189435809285,1.1286328194878077,-0.3252428829693338,0.19312228787256042,-0.7254133321412778,0.7259068991070667
12.099999999998733,1.770829398441576,1.2526216867295437,1.3911528976258607,0.7126858370318379,0.3099978281841549,1.1012296616535797,-0.3092832268004668,0.06733924614454019,-0.39242426670067365,1.166630708313436
12.119999999998722,1.7752562035725055,1.2742440514238558,1.4121999088654333,0.7089503495922542,0.18747088824766447,1.0839378688022852,-0.0652515003589976,-0.11045373893719401,0.1298967092282008,0.8531672074377415
12.139999999998711,1.7785535039371456,1.2961494324487504,1.4307892718680122,0.7102127701721127,0.12434395692957044,1.0958319671094852,0.16381749247402946,-0.17443589779118568,0.4484502884957863,0.735786337546511
12.1599999999987,1.781378094475601,1.3186741041488157,1.4480948024521727,0.715114447902934,0.10323537910800953,1.1362336951613936,0.2908041433612596,-0.08706299728984873,0.5650241947741442,0.7007304090300615
12.179999999998689,1.784159129246843,1.341790704265078,1.4644056669985384,0.7212643962015844,0.11237344255695988,1.163159726901947,0.29077854470400333,-0.001048942876994488,0.518388106277341,0.6940839236850552
12.199999999998678,1.787265708378835,1.36493966766421,1.4842968979142626,0.7264725265761408,0.1411281700708784,1.1568888736579361,0.21060890291000034,0.012409499456257654,0.45812982475461517,1.0864508838483657
12.219999999998667,1.7905881144039824,1.3878160745750792,1.5079838856205738,0.7295957586083508,0.14603975688399856,1.1639155111938506,0.08710577356582254,0.16184258925523592,0.38078378782575983,1.1989354794057054
12.239999999998656,1.7935991870288381,1.4104058885455335,1.5260499710043318,0.7289662505752549,0.10347189030845846,1.165136092891694,-0.1527027695457608,0.30481208686545735,0.32930941936488145,0.846520236277461
12.259999999998644,1.7962692916637226,1.4325311346529146,1.5384277350046562,0.7229308564692731,0.09857915000988891,1.09058624012548,-0.38034613488527846,0.11487131219336338,0.41710215443430876,-0.05141126689301092
12.279999999998633,1.7989117353306607,1.4539892828010346,1.5375911270905378,0.7169311505442021,0.11921479620237779,1.0680073706298288,-0.22850213662141836,0.003464231918275138,0.18875059384659001,0.30601667916407493
12.299999999998622,1.8013600511352643,1.4756321139392579,1.5485470594031818,0.7150749496425025,0.13168583561751757,1.1164353348096794,0.01682333421925916,0.1820733014263666,-0.11132808006222915,0.6486016943978754
12.319999999998611,1.8031359774890525,1.4978093121701168,1.5553812606662627,0.7173476110082375,0.09917494774145727,1.1083323332263582,0.1821401454338134,-0.11071566328456622,-0.43659272908237146,0.35586658336654187
12.3399999999986,1.803546411469318,1.5209575441804741,1.56818465074526,0.721075460309019,0.043847645935566365,1.1542011223699318,0.17658463217176626,-0.22657037877396632,-0.4816354458447919,0.9620883659231001
12.359999999998589,1.8033205625284288,1.544024006579137,1.5827696252308918,0.7237467962792817,0.0422316081495517,1.1428166324297067,0.09594468397007351,-0.16319850118909748,-0.6225285208835268,0.6921997222896351
12.379999999998578,1.8031316022555928,1.566841150641077,1.5907844491547758,0.7240537839532848,0.05939344605966903,1.1665529334044598,-0.05555128023619554,0.15336927268923,-0.6792678820496624,0.36236489142736944
12.399999999998567,1.8035695065989232,1.5895765885242068,1.601248981202287,0.7199298204073318,0.11215050440179819,1.180742797327524,-0.3190399364545737,0.33910981290165076,-0.6566124576959576,0.7241966438865183
12.419999999998556,1.8043657694433453,1.6120167261315737,1.6193853959375608,0.7130133890402666,0.05537413301023339,1.1410520534742152,-0.31012982989968185,0.15121623422951114,-0.3798546697532454,1.1365164550224702
12.439999999998545,1.8038348256184598,1.6340658951413725,1.6400728930533282,0.7092105835658966,-0.05883509335440135,1.0973886745716812,-0.0697672493369059,-0.14362009655251487,0.08434337828082374,0.8484980695549296
12.459999999998534,1.8021384123383934,1.6561294198520262,1.6585599738607704,0.7103712248567069,-0.12393680455787806,1.092822927952212,0.15922774262314,-0.29094546392517096,0.3870530486168322,0.732001961992695
12.479999999998522,1.7998318794101307,1.6786838478927666,1.6758158034298456,0.7151899594097567,-0.1545808272495183,1.1273489862010522,0.2879970427738997,-0.23633741205765035,0.5272152721559492,0.6974658293189624
12.499999999998511,1.7973382003794007,1.7018219857653474,1.6921129824240384,0.7213071236912532,-0.15275459330149965,1.1571627215959859,0.29070667666198696,-0.1380136461879286,0.5058135548131342,0.6896126540167443
12.5199999999985,1.7951430969387312,1.7250912918763248,1.7118918669291388,0.7265266169123074,-0.1236967859237315,1.1587531474797255,0.21190440434300747,-0.10709287490262619,0.45024692220256574,1.0764509687034682
12.53999999999849,1.793212928423069,1.748161470655908,1.7355131209918926,0.7297034211694331,-0.12078267508822298,1.1676197870885456,0.09122862201295394,0.057887070390348114,0.4135106413598153,1.1941030350771693
12.559999999998478,1.7910409079725962,1.7708873147449533,1.7536440617327012,0.7292012610647309,-0.16151202195759265,1.1607265109328453,-0.14520743391265692,0.2200590702743631,0.3838107064347748,0.8514553732298069
12.579999999998467,1.7886392973907015,1.7931058931256658,1.7666388498321492,0.7232324986657632,-0.15188416048775574,1.0872703169148428,-0.38377470041316375,0.015359554959641815,0.44064104436128015,-0.00587792964285537
12.599999999998456,1.7863562361824838,1.8146196205284058,1.7646934378892722,0.7170894108314833,-0.12688867214155936,1.0676626739747717,-0.23610949726374753,-0.0663571522138845,0.17705890798372714,0.15734145550213477
12.619999999998445,1.7836981150871287,1.8363338868299146,1.7741170754295092,0.7151952494526136,-0.13645049453848676,1.1299292440511566,0.018278258805556693,0.2780598448849776,-0.04594799333772412,0.6307786307291123
12.639999999998434,1.7803973111692597,1.8583680675724847,1.7828357466893658,0.7174751652538897,-0.1442801321371432,1.098295468993527,0.18079291947145532,-0.010142873727268159,-0.4665619091457411,0.4067651830597053
12.659999999998423,1.7756559151810078,1.880989035632857,1.795803133142865,0.7212013821435641,-0.21862750472140702,1.1411305692222329,0.17805401082919425,-0.11220891944819265,-0.5143864510269338,0.8523678987826032
12.679999999998412,1.7702361189992377,1.9034797543883735,1.8095009139327602,0.7238651043461308,-0.21297617568779426,1.120910306865863,0.09562156561110469,-0.04055885261215947,-0.6516446009721244,0.7202848218328793
12.6999999999984,1.7649391104176606,1.9257197523427971,1.8178659895365712,0.7242020997119178,-0.20218941776712077,1.1534309119132407,-0.052227859024871134,0.3009118743443138,-0.6404640982239456,0.36937476147404946
12.71999999999839,1.760260016939759,1.9480240906335893,1.8286258459565923,0.7201302944469143,-0.1550358282289539,1.1790431291279222,-0.31881017981523574,0.47753974384028763,-0.5762192482998658,0.6984511595791287
12.739999999998378,1.7560347274567802,1.9701200945923623,1.8466913476415694,0.7131184796210803,-0.19949549669580158,1.1261340130041644,-0.31691959780367723,0.22936563620727493,-0.3523399245791663,1.1545944196713878
12.759999999998367,1.7505751555950089,1.9914991936159376,1.867608732992805,0.7091812172529129,-0.303607758688818,1.0560548253402424,-0.0752692623983464,-0.1688310753916815,0.043998389526519105,0.8533443244317945
12.779999999998356,1.7439535042717587,2.012634905166921,1.8861392559456494,0.710251674026119,-0.3668775280935477,1.0382038666446671,0.15616913372030394,-0.37572806695458993,0.3084419988752205,0.7307329382570011
12.799999999998345,1.7366099635390488,2.034137020318863,1.9033959451709772,0.7150339127112365,-0.40553262427388576,1.0667462994924466,0.28733523325888877,-0.34711682696088053,0.458989919684612,0.6978335430327118
12.819999999998334,1.728934077429578,2.056187032429107,1.919726624276781,0.721159793144288,-0.4114759360577371,1.0973946842641744,0.29179198852329824,-0.24137670169908462,0.46164648965648386,0.6916389957360173
12.839999999998323,1.7215049165369942,2.0784412293344245,1.939563616741192,0.7264103105981423,-0.38427643808326395,1.1058234472492043,0.21355444697491846,-0.1972602013252882,0.41719151065002985,1.0788836666068502
12.859999999998312,1.7143686838739653,2.100563182448451,1.963172967348496,0.7296244565085686,-0.38410978640335747,1.115277031490458,0.093072751271566,-0.026627985666074175,0.4213267359752366,1.1903083848576665
12.8799999999983,1.7070693077147454,2.1222944389620544,1.9812294318422374,0.7291629774654088,-0.4216157312321364,1.099343612310391,-0.14310013451929246,0.139419176364815,0.42569816615878,0.8512658346187122
12.89999999999829,1.699676015971003,2.143482985925845,1.9943213306628862,0.723242380548998,-0.39531603498675355,1.0306445830530144,-0.38233215713939256,-0.07238858998635053,0.4354675433603104,0.009619584271136579
12.919999999998279,1.6925616514121768,2.1640189588475467,1.9922947637556023,0.7170976486815651,-0.3665344639000431,1.0171685534532655,-0.23746220127331935,-0.10964819254151424,0.15981804831014346,0.12187889455932036
12.939999999998268,1.685110091941076,2.184685106173492,2.0018351637668137,0.715088154625281,-0.38120506171942714,1.0726797129406054,0.011201188608514552,0.26408789430649465,0.007888783878848046,0.6479112529746416
12.959999999998256,1.6769760528120379,2.205479964746476,2.0104104685205892,0.7172646176195062,-0.3886417845977716,1.041020302590556,0.17731760576234884,0.09066099475961242,-0.45042295961253676,0.4024851414546725
12.979999999998245,1.667268695589219,2.226509757777648,2.0230857141612177,0.7209664363046902,-0.471413803690504,1.0664481736389202,0.1773895450499001,0.009651137289059197,-0.5208184868104168,0.892817624025084
12.999999999998234,1.6568742441374114,2.24732153408979,2.0368566523549925,0.723637675986382,-0.4662316543211758,1.0530623287376808,0.09639373337400739,0.11662147134026125,-0.6371105476899552,0.6722806958314237
13.019999999998223,1.6466214461408333,2.267927339085154,2.0449330443491878,0.7239591625522994,-0.4592767254295781,1.0835308100071277,-0.053064257085010114,0.437475200760886,-0.5584356025824602,0.3714942781643097
13.039999999998212,1.6369919933408097,2.2887029870957942,2.055965644400477,0.7198646233309909,-0.4178365112450919,1.11843259600774,-0.31951933626909085,0.594164657837259,-0.4588112663749198,0.7219604771982718
13.059999999998201,1.6278618140576355,2.3093585138419592,2.074405186497642,0.7128629064798019,-0.44936286762899275,1.0557211916906173,-0.3156998153606432,0.3021359413167202,-0.29851413670275373,1.175679876352949
13.07999999999819,1.6176727851364665,2.329003475476387,2.0956480493172163,0.708962393655332,-0.5365091066791553,0.9624022690063004,-0.07299538087481786,-0.17406509234580728,0.0018420663895680894,0.8659227141744169
13.099999999998179,1.606388062930775,2.3481305445516734,2.1143079632033173,0.7100870398360541,-0.5952262190467268,0.9305338295698861,0.15907678159306257,-0.43007868149238804,0.21630484515755366,0.7314061045659064
13.119999999998168,1.5943065921049426,2.3674488461880037,2.1315314847392615,0.7149314493936688,-0.639898165619347,0.9498964706593631,0.2903186106789621,-0.4321327999754623,0.37132655533857034,0.692741736159026
13.139999999998157,1.5817751210852122,2.38722666278552,2.1477470314163463,0.7211159878502829,-0.6524456458294061,0.9784763379985941,0.29442229325326336,-0.32914838498649296,0.39703893253104944,0.6857226215880399
13.159999999998146,1.5694450891217242,2.4072607580073475,2.1675982052229203,0.7264206838679746,-0.6272406542576326,0.992944503458544,0.21616777650182264,-0.2787672108551653,0.3621807583680299,1.0839517880228262
13.179999999998135,1.5574304377136663,2.427236402478864,2.1912338911010143,0.7296906145815515,-0.6294352134639247,1.0023230747562222,0.0959016521883298,-0.11370080753563809,0.4042997700431241,1.1898561959495777
13.199999999998123,1.5453382272214211,2.446802738857718,2.209259288358889,0.7292892101633968,-0.6621397895647655,0.9787240355373741,-0.1398574342887314,0.048083593234045,0.4428458423409655,0.854074693825825
13.219999999998112,1.5332777173686234,2.4658341821014376,2.223025344591787,0.7233940109310102,-0.621511526508944,0.9168829668563826,-0.3867258589833102,-0.1777714453282907,0.41221183152523005,0.06827392293645879
13.239999999998101,1.5216861118615939,2.4842159326825195,2.2210440566256437,0.7170882283430168,-0.5843154032647506,0.905882530754472,-0.24919032851246062,-0.15486946078315122,0.12207504151210916,0.15884701595837014
13.25999999999809,1.5098364270812277,2.5026855548122175,2.2309826115273275,0.7148819483192944,-0.6038733854032532,0.9567709054105843,0.0030394427525135704,0.20532315308074822,0.028527865812102718,0.6775054000328707
13.27999999999808,1.4971696509634729,2.5211539967081564,2.2381339021495315,0.7169437647771404,-0.620783449298184,0.9288491263052931,0.17514382338722115,0.19605924324742816,-0.42190835634754836,0.3208919570772829
13.299999999998068,1.482868279032417,2.539466677051571,2.2508013601458603,0.7205952053520649,-0.6974320139695973,0.9294712667611478,0.17448991607008676,0.13699727758908126,-0.5126467698516631,1.0457657704034904
13.319999999998057,1.4679803710529682,2.5573964638435283,2.2657542796360537,0.7232655672705075,-0.7005049905737607,0.9243121149665366,0.09696459963402572,0.2761107486454252,-0.5824348002960924,0.6695172327714467
13.339999999998046,1.4532052460238123,2.575158875888738,2.2736674087851765,0.723589748348344,-0.6995205805349455,0.9499465162264246,-0.05306656101648572,0.5541175863716539,-0.4414172509941592,0.35293392367530674
13.359999999998035,1.4389913803692578,2.593204558827511,2.2844881732970332,0.7194975612143406,-0.6674999061947793,0.9950103760948239,-0.3190664335767968,0.687528476686759,-0.30231020118399077,0.7077420115451074
13.379999999998024,1.4253044282692913,2.611257347276926,2.3028752051647574,0.7125228581196862,-0.6824760941989122,0.9256323690256273,-0.31211176248873973,0.35619849690119426,-0.21296607257323544,1.1893063897547347
13.399999999998013,1.4108553814489713,2.6280542675729586,2.3242867771756015,0.7087193849671322,-0.7436548437949692,0.8134120013038704,-0.06740956380403704,-0.18165774551474254,-0.03422880873264965,0.866844747651291
13.419999999998002,1.3954696588269446,2.644106748164342,2.342959760474453,0.7099570058580671,-0.7941479588496035,0.7710526570805102,0.1645302310115757,-0.46836419150202935,0.11854217515617277,0.7319778939215152
13.43999999999799,1.3792553395955072,2.6601807836571356,2.360204794821505,0.7149084579512225,-0.842577045608368,0.780657044512688,0.2951605512510842,-0.49944495378705067,0.26981525195053907,0.6949321367427133
13.45999999999798,1.3624921588151493,2.6766018216102507,2.3764544129529153,0.7211879598654152,-0.8614390503626249,0.805503349373688,0.2986526959562375,-0.4044297678412484,0.31785594465543615,0.688089503341431
13.479999999997968,1.3458637663762483,2.6933121154117945,2.3962892858069607,0.726570952922283,-0.8401913419670994,0.8250277959181936,0.21956414043582395,-0.34816547497288863,0.2946558024482743,1.0814437065121296
13.499999999997957,1.3295587080375517,2.710038517604804,2.4198856746033655,0.7299048584153629,-0.8443040147453467,0.8336175141053522,0.0988028139984995,-0.19840602917298875,0.37268293284418486,1.1878049050518236
13.519999999997946,1.3132939250870515,2.726376702556319,2.437914416673269,0.7295713347480016,-0.8703529289671215,0.8030972535187516,-0.13650869674503677,-0.05692003413231031,0.44893300439214745,0.8556767474278559
13.539999999997935,1.2971547033574387,2.7421623176752057,2.451659345944147,0.7237425305013137,-0.8190957261655092,0.7501267988370028,-0.3842727212220866,-0.277444918910855,0.3760755335868573,0.0722092420950883
13.559999999997924,1.2816121421455153,2.757411943156682,2.4498496606652362,0.7174512607065788,-0.7782644481955029,0.7465532524168877,-0.24985790006375153,-0.19910119099294077,0.092050565850102,0.17400410200576352
13.579999999997913,1.265922821561004,2.7726634102543355,2.461123408620268,0.7151690767454426,-0.7986218638733082,0.7900900786173524,-0.0021336545079900203,0.1560870754812449,0.04497086824587916,0.7328458097171833
13.599999999997902,1.2493820656466192,2.787749182452271,2.4681666807436455,0.7171512306320823,-0.8206792841089313,0.7626419682183725,0.17224944082838117,0.28114875224386504,-0.35171778533261583,0.28454444701020365
13.61999999999789,1.2312036881155524,2.8023522714699967,2.48028554615452,0.7207603017665817,-0.8983089449957573,0.7483183003422328,0.17255865637344264,0.24669974038499615,-0.4520265088974821,0.995786879899704
13.63999999999788,1.2125546603088635,2.816435009043706,2.49492072726279,0.7233814097415393,-0.8945322280876716,0.7412053741925794,0.0944731224009757,0.4034385549962031,-0.4970356456470149,0.675931484489229
13.659999999997869,1.1941012245511107,2.830399860164507,2.502915683783892,0.7236554893816379,-0.9004460205204582,0.768439277599767,-0.0565029664404448,0.6474116309010552,-0.28900660301145226,0.35941362069531435
13.679999999997857,1.1761254569660897,2.8447999434146634,2.513711853717281,0.7194951240563117,-0.8788818251889611,0.8190327735319296,-0.3210066873668101,0.7382213815149278,-0.12412865238041057,0.7433663352724051
13.699999999997846,1.1586012983861445,2.8592825964805666,2.5319612177285897,0.7125563805822912,-0.8810248237420585,0.7472329665588194,-0.3097081451249212,0.3958653740479953,-0.11023780047288104,1.1564508443431318
13.719999999997835,1.14061513451846,2.8723998114309786,2.5530611985942238,0.7087847961877993,-0.9138022301892933,0.6252419667400979,-0.06750065316027647,-0.16991757260410525,-0.06949892415741903,0.8623017970431586
13.739999999997824,1.1218992643059644,2.8845769878426153,2.5716834140088216,0.7099885520226139,-0.9524176719230188,0.5718374871647508,0.1613221106129584,-0.48745120377121665,0.007314810167678377,0.7302916101082477
13.759999999997813,1.1023852009795037,2.896581253117235,2.5888980402366557,0.7148461536582624,-1.0007747717452078,0.5699902182568573,0.28959379953691716,-0.5539963937022584,0.14346778304725105,0.6907722151340526
13.779999999997802,1.0822707521658397,2.90880121135923,2.605060539448294,0.7210001485210812,-1.024074673396238,0.5901663264547307,0.2924156289036751,-0.47249734047428793,0.20977694294298888,0.6817945289124491
13.799999999997791,1.0622254883424498,2.9213384478948483,2.6247441210539297,0.7262682180587283,-1.0079718468230259,0.6143013508093857,0.21479530001535546,-0.4115425963785887,0.20100417188997605,1.072010964220799
13.81999999999778,1.0424871777875697,2.9339748963693872,2.6482205921049307,0.729531731489698,-1.014062518642163,0.622560166980206,0.09660179380829015,-0.2820226904207809,0.3111505222647081,1.1838767647284663
13.839999999997769,1.0228851561171382,2.946245366829912,2.666243234052162,0.7291858814311022,-1.032004872541714,0.5874107556036956,-0.13638815594954887,-0.15643987615535274,0.41628395617453123,0.8570241565253263
13.859999999997758,1.003521820452972,2.9580118708910863,2.679996695137995,0.7233473812511684,-0.9713799191012477,0.5476638913492542,-0.38493150566287976,-0.34921958076666415,0.30218979640525884,0.06537896244897115
13.879999999997747,0.9848449012149705,2.969390987184879,2.6776667537635124,0.7170386757838809,-0.9354285873953992,0.5531862690274394,-0.2503046707542589,-0.21119729727002876,0.05007301527358573,0.09517869151766299
13.899999999997736,0.9660771831938861,2.9807106212994663,2.689401119952863,0.714746504644767,-0.9542873964948915,0.5895792455640074,-0.0015102314022046766,0.1458887656991324,0.07085525405048958,0.8218284706218809
13.919999999997724,0.9465192508096212,2.991674322070395,2.697103196692696,0.7167917728688135,-0.9771297477923273,0.5596283254903246,0.17634211826841356,0.3697589213428764,-0.2612500636245731,0.2785689141285495
13.939999999997713,0.9254132161152426,3.001818638010912,2.7086395084878707,0.7204915490281806,-1.0571699019585064,0.5286058502331561,0.1776472655314477,0.3512781229878613,-0.3595403599951335,0.8754582505139322
13.959999999997702,0.9039211924673506,3.011332586517738,2.722161852151017,0.7231784340392367,-1.043251613701702,0.5195130146270847,0.09727340552100304,0.5071167263508146,-0.38881481677375246,0.6581489395913945
13.979999999997691,0.8827032967685747,3.0207734590997464,2.7297159605807853,0.7235346018513882,-1.0579164096766458,0.5458371807942587,-0.05265004188734845,0.6989046460660483,-0.11779500632703657,0.35847041016900727
13.99999999999768,0.8618093120402999,3.0307640509127554,2.7402501440169065,0.7194755329077727,-1.050003904925011,0.6029287970332551,-0.3178286476187172,0.77276311225073,0.06843395644833783,0.6900114359297298
14.019999999997669,0.8413754768527226,3.040977659268805,2.7582677227241232,0.7125033170553321,-1.0313135954352226,0.5328067690261381,-0.313700244523733,0.42563086435188824,-0.005372561843973694,1.178504231077507
14.039999999997658,0.8208423185373868,3.049726193313245,2.779632457163781,0.7086496408676568,-1.034816323681901,0.40450896190238345,-0.07125325104538711,-0.14180433829713823,-0.08971499956732415,0.8720945556796632
14.059999999997647,0.7998275232314319,3.057384140214977,2.798380802644307,0.7098082115256071,-1.0594564383182123,0.3436349401313957,0.16010721850691775,-0.46870273996617345,-0.08569156757107078,0.7360759098274435
14.079999999997636,0.7780915398313307,3.0646924040130012,2.815649698418181,0.7146723598398366,-1.1051931184822787,0.3308045032982234,0.2908175890251519,-0.5642139617637717,0.030289634523753765,0.6950294210785898
14.099999999997625,0.7557348795070112,3.0720731050436507,2.8318492303440563,0.72087141260324,-1.1318231238309095,0.34498746333568475,0.2951153053129303,-0.5008133195598758,0.111271921975257,0.6852453206507814
14.119999999997614,0.733382971544523,3.0797770152891335,2.8514899437050576,0.7261951357030467,-1.1206704688957427,0.37199273608847894,0.2172749439548142,-0.43915727111956127,0.11197337597980617,1.0704743608755323
14.139999999997602,0.7113258061980313,3.0876518862725257,2.8750217399969302,0.7294980255535698,-1.1268388398518903,0.37920883009857587,0.09806562923074569,-0.33889445275039176,0.24137715469225807,1.1940549396406248
14.159999999997591,0.6894967740780661,3.0952015166356994,2.8933055378389225,0.7291789254324326,-1.1359332786736063,0.3412654424442421,-0.13514023693545923,-0.24251938999135617,0.3693402946038452,0.8733478967038123
14.17999999999758,0.6680115452973473,3.1023304750282814,2.9073628411913144,0.7233706534455234,-1.0682950028128757,0.31679445910588566,-0.3834493820593214,-0.4038342974172476,0.2148489127882926,0.0861504949095952
14.19999999999757,0.6472937795340566,3.109232326833562,2.90566376269751,0.7170802370742954,-1.031345914645743,0.3288404262100769,-0.25027444051036485,-0.21243010252761377,0.002193506151506202,0.16871393057368012
14.219999999997558,0.6265126463022346,3.1159792908442023,2.9181146264220654,0.7147897272491075,-1.059962883703997,0.35575540793290006,-0.002666402323209029,0.12890324198606892,0.10805822507037552,0.8438440365504107
14.239999999997547,0.6050806746078279,3.122202101772524,2.9263474401213445,0.7168087476253672,-1.0736047631984271,0.32341313239446207,0.174635765339497,0.4220654757956731,-0.1657379303105457,0.28017995533112
14.259999999997536,0.582329427007653,3.127290835569061,2.9375780173989603,0.7204822533204328,-1.144844116207023,0.274490937646127,0.17728365610219496,0.4266568210794686,-0.27310621608993085,0.8230588139402
14.279999999997525,0.5592157878776961,3.1316598403233127,2.9484307983575193,0.7231463405798229,-1.1261658118578668,0.26621678247139025,0.0950831339115127,0.5765692167817721,-0.28283711746731344,0.6051305780848054
14.299999999997514,0.5365253332456075,3.1360247357505635,2.955292023789406,0.7234633028465655,-1.1452093996591801,0.2903153413791193,-0.05165995768788516,0.7099111159059767,0.024618822226510146,0.3099199534835942
14.319999999997503,0.5140240655385389,3.1410032049876304,2.9656383947691043,0.7194004636265873,-1.154335221960073,0.34891061273421764,-0.31836908224892824,0.7332837198820654,0.2368903858506826,0.6858382982114515
14.339999999997492,0.49187826472630364,3.146338897093669,2.9831169683853878,0.7124173197945771,-1.1226765586403193,0.2872356697998059,-0.31404840089510333,0.428871398126144,0.09571599630720316,1.1463052110735932
14.35999999999748,0.46995515940829485,3.150244950082688,3.00406332119588,0.708580008727514,-1.095920127614002,0.16152969767899714,-0.0692631006027773,-0.1156530934220352,-0.12484982015904376,0.8582848522923537
14.37999999999747,0.44781844108583724,3.1529910815929973,3.0225915993882677,0.7097908606673875,-1.1053576460736771,0.09673901994150151,0.1634163578702717,-0.4415324450755377,-0.20129380459987947,0.7297309172253087
14.399999999997458,0.42506016968777566,3.1552386918537785,3.039768524195761,0.714725301025323,-1.1469711148391053,0.07384322909029571,0.2946374418266443,-0.5640931138955396,-0.1119023204177646,0.6935108858849603
14.419999999997447,0.40167852662274073,3.157416304809666,3.055959481490917,0.7210008745460943,-1.1761878943463435,0.08148057209531501,0.2990173984658624,-0.5215423171890794,-0.019260041432388318,0.6854981942508409
14.439999999997436,0.37822751626497225,3.1599057222813363,3.0755833513628463,0.7263963381462822,-1.1714098245190434,0.11004036995675387,0.2206572052178108,-0.46063258979835536,-0.004256687091773584,1.068747805185954
14.459999999997425,0.3550277005502961,3.1626187157526156,3.0990643539956655,0.7297573429396115,-1.1789951798160139,0.11520054436737366,0.1007225984870983,-0.39142104863272603,0.1453331336581159,1.1890921214650418
14.479999999997414,0.33212757258085296,3.1650466589992132,3.1172162813370288,0.7294804957654488,-1.1795293144727208,0.07550534566084288,-0.1331286024284865,-0.3249330861756059,0.2942834391405209,0.8599777992325143
14.499999999997403,0.3096609240529101,3.167138919440474,3.130996036555345,0.7237038306126864,-1.1074627016701046,0.06676549125175801,-0.3815135028499722,-0.4470567500507836,0.10710393895137309,0.06880052277815071
14.519999999997392,0.2879899978467565,3.1691899439036035,3.129079798084685,0.717460187521755,-1.0749317902620614,0.08866669965092241,-0.24744694536992645,-0.20602871030470063,-0.05439877069408614,0.1820155284576539
14.53999999999738,0.2662229862935574,3.1710644297996944,3.141308921296659,0.7152157448647581,-1.1194999163598627,0.10711779017231583,-0.0009013411242753261,0.10229137672461128,0.16657823173515168,0.7911443067320489
14.55999999999737,0.24394697027371953,3.172357854584869,-3.1333029542162647,0.7172133549846494,-1.11587464577675,0.07805809952311285,0.17153327511456123,0.44748975476234926,-0.07593540194326795,0.3164861446233958
14.579999999997359,0.220681835544616,3.172282320717281,-3.1218082663245585,0.7208168274495876,-1.1741150444931416,0.01370360237165845,0.17353285244987326,0.47400540472498487,-0.18222855432677806,0.8255665378752649
14.599999999997348,0.1972053796212059,3.171417294155575,-3.1111056768948626,0.7234073852151557,-1.1536226768959952,0.01038218742318782,0.0913869678153262,0.6233658650382954,-0.16167928067563161,0.6120248668196426
14.619999999997336,0.17414150348605745,3.1706377808377173,-3.104097777800967,0.7236594231790334,-1.1818856324991731,0.030227069434520113,-0.05699811778857554,0.6820627615191751,0.1786470785032394,0.3433872278248501
14.639999999997325,0.15112055728831672,3.1705161757227445,-3.0938250049573424,0.7195135259125446,-1.1997870735403005,0.08535206310039045,-0.3221289438937739,0.6681523709266317,0.3790498329383143,0.6814028924406708
14.659999999997314,0.1284046018980976,3.170818278305788,-3.0759615361032533,0.7124576586913907,-1.1540154143175065,0.030927951518944945,-0.31650787608197456,0.3877069157135692,0.16883103256369703,1.166814279348028
14.679999999997303,0.10620378763064395,3.1697690946567976,-3.0549175211282225,0.7085770836144323,-1.1031447865719604,-0.08562383073193658,-0.07092914201925492,-0.08820753927651753,-0.14858873883691048,0.8538060536717719
14.699999999997292,0.0840243537839939,3.1675407614040667,-3.0364276604747924,0.7097637278227801,-1.0991704582753012,-0.15063900935976698,0.16257308280717112,-0.3859796960758003,-0.28993098816307444,0.7277127323791985
14.719999999997281,0.06134243003891253,3.16468824907719,-3.019267283154902,0.7146889182259595,-1.1346657796013624,-0.18206737650603308,0.29443973404410845,-0.5236106264334288,-0.23037142533939947,0.6933487752069528
14.73999999999727,0.03806766452032904,3.1616283446976627,-3.0030632645368174,0.7209644747930993,-1.1648636995616308,-0.18116768522300417,0.29911736790198346,-0.5024716675246325,-0.13094012964903845,0.6864394452922407
14.759999999997259,0.01465550432447746,3.1588578483425414,-2.983404711843061,0.7263614991165986,-1.1665348772314375,-0.15229815864744056,0.22067524061612534,-0.4469301509434378,-0.10294973305564777,1.0701575837828106
14.779999999997248,-0.008560627251524098,3.1563579310423093,-2.959909476177622,0.7297223098257029,-1.1750334988770723,-0.1491300923002838,0.10066314279623358,-0.41356719933370123,0.058117423588949446,1.1896526106212901
14.799999999997237,-0.03142165265769374,3.153639389005041,-2.9417506816914787,0.7294418519791266,-1.1669601706106814,-0.18777666062097934,-0.13330908571505787,-0.3796779280683279,0.21909577080505455,0.8610163780393858
14.819999999997226,-0.053789627936109405,3.150703880756613,-2.9279518541347156,0.7236649784993893,-1.094931018707165,-0.17946456826783866,-0.3814537442283484,-0.4540495477229034,0.009610821910991253,0.07128379116544505
14.839999999997215,-0.0753871405954862,3.147905368287719,-2.930108121221667,0.7174263704779887,-1.0719209190665366,-0.15286816520259106,-0.2467371281328809,-0.18677281186945333,-0.09155607394515367,0.1072126019745146
14.859999999997203,-0.09711912564098571,3.1448999628236076,-2.9191178403379303,0.7152013975248008,-1.1214029079604535,-0.14435522374792947,0.0002425312208309792,0.057080191455677026,0.2059481868884656,0.7416085126506738
14.879999999997192,-0.11917633266722076,3.1412382844448823,-2.910752375732413,0.7172071115523331,-1.104508611237243,-0.16929703955861916,0.17131327733649435,0.4555980955112885,0.01145468812406018,0.343872166518571
14.899999999997181,-0.14184328691691958,3.1360288014658697,-2.898724510545551,0.7208030369812974,-1.1474161583383429,-0.24537748105049056,0.1730341406138791,0.5049053592855147,-0.07969714110581363,0.8563871784064158
14.91999999999717,-0.16445578398357932,3.130071287903838,-2.8858440244299235,0.7233798873865765,-1.1308717816922529,-0.24367500734756273,0.09148695754155405,0.6444667870432622,-0.009408339481547894,0.6337321512495419
14.939999999997159,-0.1867983325097814,3.124220038522353,-2.8782947054656227,0.723587273543088,-1.159030550534528,-0.22887305807899916,-0.059712543229329784,0.635790698918519,0.32279979397378866,0.3536142293074761
14.959999999997148,-0.20919204084824028,3.1190442865332124,-2.8676605793372953,0.7193685810298922,-1.184299228651822,-0.1799398113187573,-0.3235473427366954,0.5714742174795056,0.4942978027805617,0.7461634031027282
14.979999999997137,-0.23136832026357,3.1142882280987543,-2.8494078404601413,0.7123975783955941,-1.129916505756294,-0.22662055423291125,-0.30968985445452574,0.3462811085869454,0.23900906680179065,1.155194085204057
14.999999999997126,-0.2527725364232994,3.108313177211264,-2.828432406687264,0.708653007418034,-1.0556057758353374,-0.3287018741025058,-0.06477202222188282,-0.0412050655462288,-0.17283469853021716,0.8561645086666272
15.019999999997115,-0.2738950652046887,3.101181029899993,-2.809936008244421,0.7099303687996998,-1.0373821465732396,-0.39218025377269516,0.16576008486749552,-0.30033884031499164,-0.3751564986727084,0.7276912232258486
15.039999999997104,-0.29536848743020794,3.0933141999626907,-2.7927987764082216,0.7148858402546703,-1.0651872061945629,-0.4314539926104386,0.2947411730877908,-0.44965304938315687,-0.3461451814895974,0.6905026310798072
15.059999999997093,-0.3173740477613868,3.0851076564314073,-2.776655117963179,0.7211426415065176,-1.0948237804127168,-0.4373301769256176,0.2974475901123864,-0.45169112147624685,-0.24437413766698235,0.6840117119043463
15.079999999997082,-0.3395797529223865,3.0771575749784947,-2.7568322588398257,0.7265044088589204,-1.1033477496166804,-0.40929487688078015,0.21911520908837961,-0.40607000713169905,-0.20563335389791154,1.0862869765246157
15.09999999999707,-0.36166294865372184,3.0695034082831225,-2.7331460690915694,0.7298400738379698,-1.1129873087826896,-0.4096798421687059,0.09971173419164309,-0.4129206412850388,-0.03684979914990952,1.1937637877567004
15.11999999999706,-0.3833547183767054,3.061693523168998,-2.7149807732756024,0.7295378913134335,-1.0966153995461947,-0.4461608028129747,-0.13437929053966052,-0.41522203731565505,0.13094395892403454,0.8602780029820543
15.139999999997048,-0.40452302840563026,3.0537916402242993,-2.701094010403039,0.7237383445617798,-1.0286332375169558,-0.42098614264676626,-0.38288443577903636,-0.4394119220909036,-0.08991175678732519,0.07531027527343145
15.159999999997037,-0.4249545543645365,3.046206521361737,-2.703096633227699,0.7174599211591686,-1.0073574441411777,-0.38602736352982436,-0.2496187586923089,-0.15034221106919152,-0.13943325736753504,0.17388053375035376
15.179999999997026,-0.4454813400750644,3.038471601965602,-2.6921393477586566,0.715158238260636,-1.0607717421922573,-0.3894326766461886,-0.004242878376840165,0.024713369898387086,0.18219014020154717,0.6991467060639408
15.199999999997015,-0.4662345543636339,3.0299154066262046,-2.6851209132912164,0.7170608412367331,-1.0416356153083173,-0.41673396769147625,0.16702532395859152,0.44219746518527214,0.10363021396037564,0.2974347016606941
15.219999999997004,-0.48721920530592255,3.0196972086621607,-2.6727490238448666,0.7205663485708466,-1.0596202920121955,-0.49261320949264303,0.1677316394474444,0.5187261568462105,0.025710899731280462,1.0255357304086463
15.239999999996993,-0.5079405592815742,3.0088190717404273,-2.6579980607539433,0.7231094309231977,-1.0541421729558689,-0.4944968964121804,0.0910718724121895,0.6231636678882363,0.1540513248423236,0.6669439861893381
15.259999999996982,-0.5284695350424217,2.998038115850745,-2.6501935844575932,0.7233072889204968,-1.0803814607484505,-0.48717451915789933,-0.059715135109564,0.5471884237054206,0.4614514854216052,0.3457087563069219
15.27999999999697,-0.5491656918518203,2.98788347448699,-2.639650587224511,0.7190814319424299,-1.1152705086015111,-0.4460428891893008,-0.32369458405277124,0.43851791679122926,0.6086480197657265,0.7389552047240245
15.29999999999696,-0.5697358099130481,2.9781944918386443,-2.6212204219076427,0.7121354467857997,-1.0502727008742498,-0.4785442329680712,-0.30607325005940006,0.27466376192897685,0.2990868100851747,1.1766742570359956
15.319999999996949,-0.5892512373152019,2.9675108045744825,-2.5999560422079377,0.708476863124212,-0.9541633803268448,-0.5596595109752005,-0.06021000399812661,-0.004638489596675059,-0.18897352797751288,0.8617729863897203
15.339999999996937,-0.6082488669567732,2.9557662907355486,-2.581386923701366,0.7098336660525735,-0.9248637697890316,-0.6181364420059786,0.16906320961262267,-0.21188501936679272,-0.4286798429129287,0.7302713097528335
15.359999999996926,-0.6274469968054063,2.943210971032408,-2.5642041550515486,0.714848219783885,-0.9445406138537917,-0.6635437010383047,0.2969549517829388,-0.36455516603811905,-0.424738492013584,0.6937487479680264
15.379999999996915,-0.6470924932278496,2.930193096437815,-2.548013994566645,0.721144624266118,-0.9721695635532773,-0.67635083059013,0.29872162679708897,-0.3899363066329961,-0.3239273061736202,0.6881667829738993
15.399999999996904,-0.666985847859133,2.917376906190403,-2.5280722084859124,0.726527934097954,-0.9865708710049901,-0.6511653742721596,0.2196836938463072,-0.35618942514159185,-0.2773482424599294,1.094038435661961
15.419999999996893,-0.6868240944292352,2.90487729516661,-2.5043086602982454,0.7298674825760659,-0.9956967263765495,-0.653892565216237,0.09928128258800534,-0.40188191680847685,-0.11414915909623435,1.1968123251924292
15.439999999996882,-0.7062454503945041,2.892312563480341,-2.486106693146834,0.7295412931966139,-0.9707072795791577,-0.6853153902888268,-0.13588295047716345,-0.4417123270632016,0.04275987838903522,0.8676109924979204
15.459999999996871,-0.7251348864483241,2.879792374602387,-2.4719381833635476,0.7237311814894353,-0.9103656417888959,-0.6442712556301828,-0.3835643935957038,-0.41235028491895775,-0.18310217664735642,0.09726415218711112
15.47999999999686,-0.7433830797094084,2.867749192568795,-2.4738290121122044,0.7174402013860324,-0.8981666168921799,-0.6082787863427709,-0.2502130118917133,-0.11843042860492535,-0.17264680619020845,0.11582818726484508
15.499999999996849,-0.7616810989710731,2.855534758628801,-2.4629672158389098,0.7151060621311034,-0.9470553096902412,-0.6207181639242457,-0.005988411111405294,-0.01720828210132317,0.17934321054254443,0.7058479626341189
15.519999999996838,-0.779986583372781,2.84249165625202,-2.4556367658250515,0.7169689115618963,-0.9213044133478028,-0.6418692399275855,0.1648749597275484,0.40901125646743147,0.19931410337569472,0.31634826196836285
15.539999999996827,-0.7981159471636384,2.8277840624209802,-2.442728515181187,0.7204290580591574,-0.9203952509282713,-0.7180986293416091,0.1656570530492121,0.5006397831714553,0.14722808217467667,1.0753083768396248
15.559999999996815,-0.8158604898882736,2.8124809117620457,-2.427847634110221,0.7229390882107732,-0.917236806582498,-0.7226659545742518,0.08933600164417926,0.5680825555611682,0.3013682238792449,0.6550381345347879
15.579999999996804,-0.8334388198598017,2.797316468220051,-2.419980388678781,0.7230724894684842,-0.9423031475445476,-0.719826141093031,-0.06361920500899088,0.4271617013598906,0.5735875718418944,0.3494474562539593
15.599999999996793,-0.8513117423179537,2.7827235667803523,-2.409344496834655,0.7187548190769654,-0.9855311400216805,-0.6874602195807356,-0.3280375720059953,0.2914009716710414,0.6898884523698993,0.7457768062441679
15.619999999996782,-0.8691611793484815,2.768619111801023,-2.390496053788115,0.7117644726295519,-0.9137627249131663,-0.7052502261881256,-0.3065464467489519,0.1987969082951197,0.3426739827882011,1.1967680298565473
15.639999999996771,-0.8857338769183106,2.753749022354501,-2.369020966922888,0.7081291230839155,-0.8007523242391306,-0.7647489726494442,-0.0579938539801504,0.030561932550672466,-0.19550395389184522,0.8610704487441975
15.65999999999676,-0.9015586652258447,2.7379434791182167,-2.350416329636238,0.7095443480135991,-0.7594488379101779,-0.8155001935139967,0.17208772834587083,-0.11848602536237515,-0.472776503972552,0.7279722399700994
15.679999999996749,-0.9174011375826435,2.721303422550706,-2.3332205754877178,0.7146107851559007,-0.7689491270241479,-0.8637795741264009,0.2987679816988095,-0.26675945805963963,-0.49990695403816104,0.6928684539274916
15.699999999996738,-0.9335776407738101,2.7041232670137814,-2.3170204274041617,0.720921480610375,-0.7932234431174496,-0.881377621797672,0.29832631675981025,-0.3105856216838148,-0.4051559586232503,0.6899059501335829
15.719999999996727,-0.9500368764812475,2.687094937199658,-2.2970699987926326,0.7262892878273627,-0.8126489678807703,-0.8601939871483509,0.2186632216641165,-0.28911779803715,-0.3513544842854356,1.0898283750979203
15.739999999996716,-0.9665113119436157,2.670388282177734,-2.2734859587065026,0.7295979376881366,-0.8209380083486593,-0.8650014511380583,0.0970492748893559,-0.3702272016746083,-0.19924050857106468,1.186207457629685
15.759999999996705,-0.9825879600267471,2.6537278274923204,-2.255596848279195,0.7292037063667784,-0.7882022149737151,-0.8898880069824848,-0.14011900049835024,-0.44943539638396934,-0.06892762460794233,0.8508794451528194
15.779999999996694,-0.998116142407888,2.6372163317138813,-2.2417756717572264,0.7233287713305006,-0.736591689009617,-0.8358272697160655,-0.38529934236756264,-0.3686024013916989,-0.29258196556703797,0.07126143983117562
15.799999999996682,-1.0131156495721356,2.621313665464372,-2.2434647283776292,0.7170631812944581,-0.7332796295430166,-0.7975693809046032,-0.24760211328389822,-0.0892804711240115,-0.20339391903745907,0.1786485116263
15.819999999996671,-1.0281114412035257,2.6052143089969597,-2.2323985029489144,0.7148422419109518,-0.7782494263453937,-0.8231150906653721,0.0012934478081724175,-0.06725385807674587,0.16911578961902224,0.6996773350189375
15.83999999999666,-1.042919285852653,2.5882745412186026,-2.2252260267782416,0.7168704602980801,-0.748799825851732,-0.83917842787167,0.17312118264809773,0.3475060027495587,0.2918728220379884,0.3069607831049073
15.85999999999665,-1.0572022263344545,2.5696949774588256,-2.2124347716936934,0.7204418753540826,-0.7325351228406269,-0.9161850738199515,0.16927274617212484,0.4516766868280979,0.25810352683346727,0.9931576023001853
15.879999999996638,-1.070943011211178,2.550708792981877,-2.198343066563991,0.7229742760678532,-0.725275388438834,-0.9128206990666538,0.08945404478397255,0.48478102465622774,0.4255301749804095,0.6384529236514782
15.899999999996627,-1.0845811757072936,2.5319361554592232,-2.190460165751091,0.7231034996486918,-0.7542926361228058,-0.9182218147947695,-0.06518300612586658,0.2664615546508041,0.663513871150849,0.36610526853599834
15.919999999996616,-1.0986787165681948,2.513644599741165,-2.1798493132452066,0.7187568272065565,-0.8039742068430569,-0.8950201156220361,-0.32966343741247006,0.11767019306863222,0.7515261340609172,0.7414575866482014
15.939999999996605,-1.1128330295037314,2.4958273309895653,-2.1610973295090203,0.7117687340058263,-0.7281298184044722,-0.8968980358477384,-0.3054830064766691,0.10227425141638816,0.38279244973067794,1.1896686425231433
15.959999999996594,-1.125565951689447,2.477541613401898,-2.139613448259013,0.7081782822352194,-0.6046034611738377,-0.9301100879907529,-0.055655553025757164,0.05514861681017758,-0.18242241779397794,0.8653880940739956
15.979999999996583,-1.1373562705765508,2.4585189289976546,-2.1208914678863726,0.7096466085563196,-0.5526799648451357,-0.9692420211475976,0.17419006983562157,-0.025011891949522858,-0.48712437588994306,0.7342797665779333
15.999999999996572,-1.1489730806980922,2.438700731908601,-2.1035966852379127,0.7147460204226929,-0.5510332626833899,-1.0169220801105725,0.2994942007041941,-0.15913173548956522,-0.5463254727643198,0.6971123453261231
16.019999999996596,-1.1607933546308917,2.4183081073609642,-2.0873340476520315,0.7210499665137325,-0.5707671177471274,-1.0377965256886361,0.29694528628320727,-0.2178688082477231,-0.46366737737825325,0.6934691734441092
16.03999999999662,-1.1729233630481133,2.398023519115438,-2.0673451274814623,0.7263771758933527,-0.5945094689955692,-1.0203048214823525,0.21619777143363067,-0.2052796398103027,-0.40611504279748034,1.0932927256236757
16.059999999996645,-1.1851437672799288,2.3780663632592978,-2.0437044944642504,0.7296194922033481,-0.6017129602216253,-1.0258760774322524,0.09305581029401325,-0.31458558168616835,-0.2740868700366912,1.1917390796508003
16.07999999999667,-1.196979052778673,2.358249424254504,-2.025787208622856,0.7291265567771283,-0.5633162784153775,-1.0426331395895037,-0.14551012435563046,-0.4210485286232593,-0.1717718297759364,0.8470951181119966
16.099999999996694,-1.2083150664933644,2.33871320447581,-2.0126233047827125,0.7231966714803111,-0.5271771080409361,-0.977373366641855,-0.3819782141269242,-0.28665533083227374,-0.35329594979681106,0.013577934656423554
16.11999999999672,-1.219318157148722,2.31983509187308,-2.0138889806796327,0.7170650847786949,-0.5333753430005688,-0.9428876712946734,-0.23804169004553447,-0.05944911128931918,-0.19798223850745852,0.21656984619822098
16.139999999996743,-1.2302393179390858,2.300773348770404,-2.003165113692685,0.7150118961552846,-0.5687685396439351,-0.977298180041969,0.0074068599949572884,-0.10042900045752566,0.15682375808399143,0.6545559832695771
16.159999999996767,-1.240777013000101,2.2809473472931923,-1.9963366733875572,0.7171141028569508,-0.5358873518265118,-0.9891182312954332,0.17449801610149362,0.2685425970423735,0.35354007765630446,0.35728503177547655
16.17999999999679,-1.2504389298157723,2.2596399245803935,-1.9831335244379522,0.7206852400364258,-0.5041664301079771,-1.0525517565405333,0.1684910425710399,0.38724422590700214,0.3545895912064454,1.0103070689479519
16.199999999996816,-1.259505213421381,2.2381222696908702,-1.9690406584406608,0.7232089049207795,-0.49855645712369995,-1.0495435814129175,0.08884313239974634,0.37368122970140655,0.5219639751926656,0.6260232014349563
16.21999999999684,-1.2685158386778221,2.2168547857905248,-1.961338129678235,0.7233097662449566,-0.5244609691409235,-1.0602787107169238,-0.0681104624287808,0.10819168912458818,0.6947213609225058,0.362736328149178
16.239999999996865,-1.2780808680172975,2.1959381556968376,-1.9508611307260393,0.7189207738214267,-0.5777266402108941,-1.0500153125185778,-0.32924059743625095,-0.06048399893247012,0.7437606019968644,0.7715135475692946
16.25999999999689,-1.2877846981959835,2.175422964943551,-1.9320716734903023,0.7119992727577047,-0.5038086381468556,-1.0370017171430914,-0.30174053901720044,0.005650891793502651,0.38906319219263286,1.1686944210569992
16.279999999996914,-1.2960470572781155,2.1547684602693313,-1.9108937833288924,0.7084451733059001,-0.37936589715667446,-1.0401053629002146,-0.056000896886406984,0.09659275953366633,-0.1585466860781819,0.8573383705991401
16.29999999999694,-1.3032415814620666,2.1336304354365003,-1.8922866667088296,0.7098672676826867,-0.31995310216339623,-1.0650382654765338,0.17041247171005555,0.09493362228851077,-0.4740785595892243,0.7339201284219702
16.319999999996963,-1.3100828687920114,2.1117776400431594,-1.8750326207525354,0.7148687638805798,-0.30700704264193657,-1.1097712999540725,0.2942602455927116,-0.01688807472756269,-0.5662347855567992,0.6965205847078227
16.339999999996987,-1.316989058454822,2.089330952405469,-1.8588182068261392,0.7210646081621324,-0.3211554356512753,-1.1342430202751503,0.29208989077429803,-0.09168821761272959,-0.5022779553791212,0.6908337030693026
16.35999999999701,-1.3242213602392532,2.0669173194816133,-1.838920134646252,0.7263001765578667,-0.34832103107213247,-1.1228095127071835,0.21227340153428595,-0.09332255439455917,-0.4430464656105857,1.0906424273600812
16.379999999997036,-1.3316174549066118,2.0448013465177457,-1.8152348186468275,0.7294730913607774,-0.3542246722984374,-1.129812957222364,0.0903069760855127,-0.22923686498667192,-0.340079107404509,1.1978180826389848
16.39999999999706,-1.3386616358165262,2.0229124509791205,-1.7971553218604222,0.7289301612214647,-0.3129284674212414,-1.1378113293921068,-0.14779848914527566,-0.35839417400387585,-0.26204138287242845,0.8541881169487684
16.419999999997085,-1.3452897900840524,2.001403525298773,-1.783909008469936,0.7229426372254918,-0.29292365455700026,-1.0658637860726823,-0.3839873842972272,-0.188437733712431,-0.4034837057447865,0.005259705612110678
16.43999999999711,-1.3517365246335304,1.9806096083210096,-1.7853495796634389,0.7168085334555822,-0.30681195596619687,-1.0359552406951138,-0.23642526228456057,-0.014253614274902475,-0.19518130243401327,0.20858088714268258
16.459999999997134,-1.3580527096460573,1.9596358503829545,-1.7748138903328794,0.7148301402606158,-0.33247088618677045,-1.0792321664501086,0.012499054954379033,-0.14266785813820346,0.14048087495506428,0.6525823114158654
16.47999999999716,-1.363814907584337,1.937989029288641,-1.7679134498656657,0.7170258792865271,-0.3002704602882812,-1.0775592910367504,0.17911697481117544,0.18497865280426898,0.4206167598443156,0.31050328848742154
16.499999999997183,-1.368394159282803,1.915145250775442,-1.7546564452167923,0.7206802669926043,-0.2518174220275089,-1.1353234020417513,0.17181501385691597,0.2938537832457097,0.43264993322431267,1.0428997461090563
16.519999999997207,-1.372336848443115,1.8921925520294254,-1.7402974703428924,0.7232666614274921,-0.2472761391502919,-1.132537829425581,0.09135732460080187,0.24585343809671592,0.5935182307478987,0.6272989922856184
16.53999999999723,-1.3762737348595697,1.869510947683313,-1.7325880298645906,0.7233901062253851,-0.27005138627712844,-1.1472655756230656,-0.06800959027422263,-0.04904710595559502,0.6988047003662472,0.3681817546709363
16.559999999997256,-1.380846861342827,1.8470438285753068,-1.7220823140596377,0.7190112361137672,-0.32523417352915845,-1.1503096472528511,-0.32856096682530417,-0.22867135109003117,0.7147358556749531,0.7750181568729566
16.57999999999728,-1.3856532969602693,1.8249317199351986,-1.7031731746095131,0.7121039171121821,-0.2559550287813833,-1.1210341481002002,-0.30086500648835157,-0.0848107742494623,0.38206618346292043,1.1730141847196465
16.599999999997305,-1.3890251514699472,1.8030032241026435,-1.6820100372539388,0.7085634532325635,-0.13429037249516732,-1.0965139716278172,-0.0555540604250478,0.12391021270420632,-0.12903390415748686,0.8550953906469293
16.61999999999733,-1.3912509196705343,1.7808467274641797,-1.6634112165128894,0.7099920151130772,-0.07087110272518948,-1.1067989147836563,0.17050462623959062,0.1960681078998168,-0.437520986231924,0.7359908684371591
16.639999999997354,-1.3929708005231767,1.758085422837586,-1.6461285899937124,0.7149919977620514,-0.04798489250925164,-1.146507243409624,0.29398784636026765,0.11187600901595084,-0.5539338452217829,0.6996315954364246
16.65999999999738,-1.3946179214747185,1.734741811264712,-1.6298656933285132,0.7211782763648208,-0.05609632390171864,-1.1728761048685459,0.2915054129106006,0.02730144147389535,-0.509894148120096,0.6953662776235542
16.679999999997403,-1.3965909502939031,1.7113623887355143,-1.609868205518306,0.7263989190517854,-0.08512661973608451,-1.1677429671911743,0.21138067775692276,0.013017978152835112,-0.4527278862951092,1.097921500695388
16.699999999997427,-1.3987876599089155,1.6882406862766537,-1.5860488793686394,0.7295439994932487,-0.08899635119619137,-1.1755910015091195,0.08847659923484871,-0.14189700326454177,-0.38307528762452697,1.205335790898635
16.71999999999745,-1.4006791778717917,1.665422274417817,-1.5678613763378335,0.7289448816397297,-0.046284392048005975,-1.174014570219901,-0.15105202596732437,-0.28517999496782476,-0.33908617755677734,0.8560067625469359
16.739999999997476,-1.4022607806627556,1.6430698955812653,-1.5545509155688035,0.7228981609679538,-0.044175873257436216,-1.0983120071405421,-0.38587322148318,-0.08291448659616599,-0.4354247545956689,0.0023811177376625026
16.7599999999975,-1.4038345095136007,1.6214759884512762,-1.5555511094799161,0.7167666684776663,-0.06648841680508673,-1.0705284561318131,-0.23443656909818883,0.03107884261452988,-0.18365165745754233,0.2723355732239424
16.779999999997525,-1.4051136914598719,1.5996651245289553,-1.5453265071396665,0.7149116037854916,-0.07054162060104541,-1.1297214449478492,0.01937060331338809,-0.21609793849696557,0.09944179610109749,0.6643044391409233
16.79999999999755,-1.4057293740705172,1.5773389715830801,-1.537841006437034,0.7171930277468959,-0.04423327624726699,-1.1156210943697826,0.18080572077495402,0.0810036070556385,0.45329586847186903,0.38154032567106233
16.819999999997574,-1.4049708315073495,1.554136510060174,-1.5248217131518196,0.7208485999218738,0.014165632051334469,-1.159082467129634,0.17127021250529323,0.1955454144126144,0.4966356653389802,0.9546518103778625
16.839999999997598,-1.4035822290685942,1.5310582376037083,-1.5103247931868868,0.7233940141460894,0.01477358398985381,-1.1467187171611457,0.08927729554900787,0.12180342024391544,0.6353381608461377,0.6880796070131076
16.859999999997623,-1.4022519058596365,1.5082213727081846,-1.5022450137601415,0.7235383149562631,-0.00187869207629493,-1.1722110121930127,-0.06453565255230126,-0.20247363364152154,0.6755598718548135,0.35575029005078906
16.879999999997647,-1.4015642863214433,1.485435531272541,-1.4920609932457118,0.719221012073398,-0.054043732773359505,-1.1871266259857494,-0.3283653995746863,-0.3763964428754259,0.6502018116415528,0.7136314231858439
16.89999999999767,-1.4012441965581153,1.4629420324502533,-1.4737135875392258,0.7122196472596788,0.0032400136352827152,-1.1440466026358551,-0.30844968344492607,-0.16770389630744342,0.3642637803102994,1.1576991742798384
16.919999999997696,-1.399574294041275,1.440920829604555,-1.45277888660462,0.7085480899812544,0.11733035007698925,-1.0943071992826332,-0.06006606246331507,0.14780833047178982,-0.09692002640519806,0.8483229724305666
16.93999999999772,-1.3967354466033033,1.4189278650527943,-1.43423549196894,0.7099388246250643,0.18150293397895315,-1.0888127600216229,0.1710408536657192,0.2968266301358462,-0.3887375594047444,0.734827534163519
16.959999999997745,-1.3932711479906603,1.396461349704376,-1.4168894811890749,0.7149884870346015,0.21290311001543333,-1.1224186827438525,0.2980316192381594,0.24290215819502914,-0.5253838926502687,0.7043924647339286
16.97999999999777,-1.3896034072275187,1.373435513205506,-1.400465890487692,0.7212717048797902,0.21125043664489063,-1.1507308140730281,0.29669406596018394,0.14697137647560737,-0.5026294375780614,0.7008907329501058
16.999999999997794,-1.3862431276661717,1.3502956032785816,-1.3804102637212998,0.7265851686050134,0.1817422011382493,-1.1522745375871157,0.21520702914569814,0.11778633221287886,-0.4474971317366895,1.0945337959695254
17.019999999997818,-1.3831588195070232,1.3273631439427478,-1.3566568254426943,0.7297872324233201,0.1796416214879903,-1.1603006396249944,0.09039348959568301,-0.04905763320325557,-0.41444602910697786,1.1986526118433352
17.039999999997843,-1.3798375053986598,1.304795472186154,-1.3386530327020574,0.729210217014777,0.22125713916923295,-1.1495490704504017,-0.15029120336066157,-0.20098319152137398,-0.4047564806324345,0.840708123845555
17.059999999997867,-1.3763257042321535,1.2827729320533943,-1.3263101849856709,0.7232292731475146,0.20490453561589597,-1.0762647845115236,-0.37788501747840286,0.00808422479828785,-0.4375432215010491,-0.04513499386590593
17.07999999999789,-1.3729687260331311,1.2613791026228784,-1.327357409935645,0.7172686139745464,0.1823425541713256,-1.0632734273985838,-0.22715029830524214,0.05500626863169791,-0.18817139989305767,0.24687227008321988
17.099999999997916,-1.3692290647775134,1.2397578421824402,-1.3171860469126686,0.7154242272537447,0.1885992774365799,-1.1201989847520257,0.015803235402856088,-0.2605123440203815,0.03003517134960089,0.6450547166783492
17.11999999999794,-1.3648579447357265,1.2179224942569322,-1.3088859099085381,0.7176300724723558,0.20345588090025127,-1.0899333722516094,0.17610042265980674,0.0063898766896020864,0.4528295829164831,0.4392827044745658
17.139999999997965,-1.3589646382124372,1.1955637472797187,-1.2958393556294185,0.721242160689503,0.2739845811089235,-1.1252653277357652,0.1719928523064471,0.10126835060197832,0.5276651491579858,0.8591076395400211
17.15999999999799,-1.3524553076398884,1.173428029202856,-1.282155579272303,0.7237775530188334,0.268363930163496,-1.1074217914783424,0.08921837829509993,0.008450451661507444,0.6545411053986097,0.6960826125629679
17.179999999998014,-1.346079849445757,1.151517893644367,-1.2738647090688664,0.7239483788926878,0.25716115334515294,-1.1394755865362032,-0.061126753721282595,-0.32703627988784734,0.6270870624133206,0.368970550965798
17.199999999998038,-1.3403411983836124,1.1295241817461708,-1.2631811613763275,0.7196859720095546,0.21079231201082277,-1.1639977306096905,-0.32574870959199376,-0.481655156753112,0.5537588316649918,0.7440567027292802
17.219999999998063,-1.335024763006004,1.1077355056025555,-1.2445839859716576,0.7127015701936104,0.25703855522600566,-1.1099208403088217,-0.3089198718866309,-0.22147750880154837,0.3275326632979294,1.1593005099687859
17.239999999998087,-1.3284950630137797,1.086690969605128,-1.2236518156075509,0.7089731756551687,0.35690561410904437,-1.0372501331441817,-0.06410224214099434,0.1863821700405996,-0.046545714822865514,0.8468922029176076
17.25999999999811,-1.3208218638667972,1.0659074713588534,-1.2051802700658327,0.7102444694682427,0.41899412528404845,-1.019497840876536,0.16444274201685052,0.39134009076628096,-0.2965451079357619,0.7300862930928931
17.279999999998136,-1.3124111916623222,1.044773504653779,-1.1879300139548998,0.7151498041813609,0.4584791754591779,-1.046779490158916,0.291088737556446,0.36499909959926213,-0.4439487447786279,0.6992910903593317
17.29999999999816,-1.3036520120579678,1.0231182034986845,-1.1715921065759207,0.7213021446215296,0.4647301034409019,-1.0759750224893248,0.2908985280293623,0.262077456204303,-0.44724209991295666,0.6966038072487861
17.319999999998185,-1.29514425626556,1.0012674935663066,-1.151537257620757,0.7265145457475706,0.43789515178080285,-1.0851541415411288,0.21099472643403103,0.21725825265055704,-0.40749598750609595,1.0952208333529072
17.33999999999821,-1.286931162743762,0.9795465182148414,-1.1278110447038403,0.7296497146972082,0.4391451019781434,-1.0943351635171603,0.08776610585674287,0.041664280979061455,-0.4188533955258811,1.1934470354328417
17.359999999998234,-1.2785547184210737,0.9582368568483497,-1.10988899448416,0.7290225915410484,0.4774207448410886,-1.0742167244763445,-0.15269679437528472,-0.11192238198015443,-0.4414632761709006,0.8398563674655684
17.379999999998258,-1.2701254369233128,0.9374983990748738,-1.0974502518533416,0.7229927382057738,0.443962473029378,-1.0068927416662503,-0.3803905744071945,0.09761799853043429,-0.42359305516059514,-0.04346981906501966
17.399999999998283,-1.2619925783106285,0.917332549901104,-1.0988651920291677,0.7169988741771737,0.41823445676333515,-0.9992746316312842,-0.22822230922996872,0.10171698880869613,-0.164074743293048,0.21229062477461308
17.419999999998307,-1.253494954279203,0.8970226263321416,-1.0890000655529681,0.715141638496658,0.431226061724359,-1.0516561261986506,0.016368422855836937,-0.2498838813930641,-0.013334665841387705,0.6570396974225673
17.43999999999833,-1.2443156496841143,0.876647674870439,-1.08121573240655,0.717387693304744,0.4423847449564924,-1.0195045867512496,0.17985256210571912,-0.10539032324912878,0.44831051370415503,0.3584199274651948
17.459999999998356,-1.2335111110131454,0.8561096422478559,-1.068219559674686,0.7210833727654556,0.5214809992123957,-1.0377241145814617,0.1750385911110584,-0.025441213038916055,0.5276918759269503,0.9568966529842794
17.47999999999838,-1.2221324577259878,0.8358902391327683,-1.0541148173003296,0.7237123901963667,0.5178452288913603,-1.0278946259936468,0.09413406581511907,-0.15529014368892574,0.6288257388152051,0.6533803923980176
17.499999999998405,-1.210884572086036,0.8158435488470025,-1.0461671363903,0.7239639829066271,0.5118602648774238,-1.0584887650811072,-0.05727491572793218,-0.46772380053545914,0.5316069064792142,0.36316631382310605
17.51999999999843,-1.200255576446511,0.7955920530426129,-1.0353586938076567,0.7197696699868672,0.4720903501658144,-1.092447021117386,-0.3224027086802301,-0.6021296656054128,0.4237611324991353,0.7480479941378495
17.539999999998454,-1.190080736065009,0.7754785121239309,-1.0169122574558345,0.7128414192401011,0.5038002577474587,-1.0269215219493015,-0.3072443475340698,-0.2943092441600761,0.27132985249535246,1.155551159056352
17.559999999998478,-1.1789141870386017,0.7564033822000804,-0.9959127467628677,0.7091288033481022,0.5835836909915649,-0.9317227952029907,-0.06407630140029434,0.19176854188765527,0.0038896592463636137,0.8550588903115485
17.579999999998503,-1.166696595154603,0.7378631725758061,-0.9773846583378579,0.7103920356607778,0.6404278546642949,-0.8999309123227122,0.16389665012753385,0.4453677212089596,-0.19433827626855793,0.7295272493893448
17.599999999998527,-1.1536754747326763,0.7191501947943529,-0.9601925277942881,0.7152879490138181,0.6856554382575717,-0.9179885020590163,0.29083104192724163,0.4495590008029697,-0.3464356722727079,0.6934467505767019
17.61999999999855,-1.1401909711334037,0.7000016625056634,-0.9439873150783517,0.7214420543965783,0.6987360055619072,-0.9455328093056732,0.2913252903489954,0.34818762206864534,-0.3745515767543628,0.6883170398647229
17.639999999998576,-1.1269042278528012,0.6805983353705322,-0.9240578539991341,0.7266674953352253,0.6745391505477769,-0.9608643375205891,0.21182776035282078,0.29617425991487467,-0.345616566309644,1.0894505672204173
17.6599999999986,-1.1139325280276076,0.6612464769845036,-0.9004387183241287,0.729831621347077,0.6779165675733628,-0.9698723497623194,0.08982763995343387,0.12909234358915356,-0.39711860649915404,1.1867806996506294
17.679999999998625,-1.1008933183362608,0.6423151461841814,-0.8826563915101835,0.7292655891437394,0.7104700933615649,-0.9429587014195785,-0.14902388746053388,-0.021445598856131287,-0.4498252904354165,0.8369911295416651
17.69999999999865,-1.0879194713656506,0.6239397491230765,-0.8697610076249285,0.7232490280128893,0.6642969409293972,-0.8834575164105078,-0.38593472708368604,0.1941620491265814,-0.39496298463335466,-0.004668372775332073
17.719999999998674,-1.0754058844727166,0.6061207283812904,-0.8717726018671986,0.7170675321564984,0.6321893236289052,-0.8784093953168977,-0.23879621310879803,0.14427354657660238,-0.12267303347087913,0.14406515636730488
17.739999999998698,-1.0626641967645871,0.5882510997020066,-0.8619699933205108,0.7150355787042918,0.6472555599951741,-0.9245482748012899,0.010073986693013659,-0.19553094264732795,-0.013099340783598083,0.664999843857853
17.759999999998723,-1.04909864665395,0.5704214466352108,-0.8550559936798493,0.7171957061719518,0.6666788630853175,-0.8984406097227599,0.17805584340750646,-0.21834830780515757,0.4128813673414545,0.3169201826531558
17.779999999998747,-1.0338748018071102,0.5528022469880489,-0.841367926164486,0.7208410451977127,0.7395623353072607,-0.8949799199453319,0.1720700599301439,-0.1643407071236973,0.49959167631543866,1.1014839279536586
17.79999999999877,-1.0181451317883727,0.5355856687925477,-0.8266339369270523,0.7234671793437045,0.7457964910617807,-0.8914195570555224,0.09418813324269051,-0.3157641484715971,0.5566118831601536,0.6305909548790882
17.819999999998796,-1.002555710920148,0.5185356093808203,-0.8189345455882352,0.7236894322428606,0.7426555002232031,-0.9168383856465413,-0.05969872554802526,-0.5793533328304681,0.4072469561037732,0.3477054584241297
17.83999999999882,-0.9875372209682379,0.5011781383524321,-0.808430161469364,0.7194511347342099,0.7115000358163653,-0.959920685473226,-0.32421250351495234,-0.6920940911405806,0.26968726576364943,0.7365344119356954
17.859999999998845,-0.9730000367363568,0.4838459634131884,-0.7900100491060311,0.7125087482694101,0.7269777021637466,-0.8890021363778158,-0.3072184900617535,-0.35690425900794154,0.1914432923790484,1.1655281846953416
17.87999999999887,-0.9577392031128609,0.46777192706518833,-0.7688756912328493,0.7088223305322446,0.7829847429815836,-0.7765589239858101,-0.0619592794299045,0.1792791636766693,0.04093959173302282,0.8598494704615246
17.899999999998894,-0.9415784393264136,0.45247582838883144,-0.7503025984763577,0.71015096159906,0.8311641709690111,-0.7320385560378443,0.16775817531769688,0.47107768179459786,-0.09621895609522794,0.7293160007416669
17.919999999998918,-0.9245997935949631,0.43719931655377303,-0.7331178956448723,0.7151354201200659,0.8791559190208086,-0.7393479002745895,0.29533284327871157,0.5087920708995437,-0.2440220143071505,0.691877325492378
17.939999999998943,-0.907076981351209,0.42160335885639727,-0.716946939928765,0.72138132202622,0.8977187131316993,-0.7632863955234109,0.29566969957320094,0.41636440453912055,-0.2931114580128613,0.6859415688516929
17.959999999998967,-0.8896961213947885,0.40571351465507116,-0.6970965400094726,0.7266909585138505,0.8768289536472422,-0.78373335743663,0.21575528826804818,0.3599955560336169,-0.272603971651964,1.084637324308547
17.97999999999899,-0.8726418366011184,0.38979525025786144,-0.6735282364326718,0.7299370175325892,0.8815179010790148,-0.7919982519175293,0.09403303560267556,0.21134862032785376,-0.3575122463111201,1.1860326453527346
17.999999999999016,-0.8556393767544431,0.3742663286497065,-0.6556899999443065,0.7294794534174116,0.9067608488320462,-0.7593284793494038,-0.1433174315823081,0.07940349872389463,-0.44373473543175873,0.8425259482086104
18.01999999999904,-0.8387862804510731,0.3592832761660812,-0.6422108700961587,0.7235258850635854,0.8516613833965353,-0.7087520205927244,-0.3889919911748079,0.29997233645590154,-0.3561186316485074,0.048047438054928095
18.039999999999065,-0.8225520420300529,0.3448095012737765,-0.6443564932285555,0.7172081842511696,0.8123612605858133,-0.7069141337671936,-0.2468668361269027,0.19285175430560383,-0.07508973535846865,0.12502041273012512
18.05999999999909,-0.8061885257665731,0.3303904124450023,-0.6338123302467402,0.7150738719805351,0.8347461216811185,-0.7480705026178042,0.007713399896810845,-0.1676006358255732,-0.035739042301038595,0.7160895729336385
18.079999999999114,-0.7889172849223095,0.3161538631084715,-0.6267124346103738,0.7172027711689413,0.8571981632431649,-0.7234605571169306,0.17708868424867266,-0.31887286427719774,0.33848214349414835,0.29568524684313957
18.099999999999138,-0.7700176735356896,0.30244997681233765,-0.6135430210809277,0.7208100313118018,0.9301628163236103,-0.7040469732336739,0.1688396055908913,-0.2784426140732261,0.43296996096987794,1.0531425335366824
18.119999999999163,-0.7507574714542743,0.28928665608707643,-0.5989567500127327,0.7233497652490025,0.9289349883819721,-0.6980540872576632,0.0894176583725315,-0.44188161313186475,0.46151430718707825,0.641955952331949
18.139999999999187,-0.7317170428801202,0.2762261990413488,-0.5910984371062971,0.723466268011701,0.9332112577747984,-0.7252006984917817,-0.06648481116415055,-0.6670481370250008,0.24636806532949893,0.3535107633180546
18.15999999999921,-0.7131525481081677,0.26270384429953825,-0.5809068375564416,0.719090288623688,0.9115557157399473,-0.7752809930347927,-0.3313344561903877,-0.7535981365926859,0.0959195550718167,0.7195137635574137
18.179999999999236,-0.6950628348990662,0.2491113609914005,-0.5623304552170907,0.712082592857342,0.9111331039217108,-0.6997756103617461,-0.3060743145675493,-0.38345988389454577,0.09008934507000388,1.1843204658613162
18.19999999999926,-0.6765441696040243,0.23693771482758322,-0.540960610250996,0.7084817267803334,0.9408826331678597,-0.5766341428491542,-0.05625946011632595,0.17882143930847155,0.05798537158445092,0.8619967870496147
18.219999999999285,-0.6573187446305945,0.22571374561672178,-0.5222650016024385,0.7099383350187757,0.9782744670339316,-0.5240893951905369,0.17351142068208686,0.48536223655963806,-0.013546660228395178,0.7363171085999975
18.23999999999931,-0.6373088390818548,0.21468128976226497,-0.5049440880846376,0.7150244890823719,1.0256148437148938,-0.5212043094461092,0.29875255673789647,0.5484298784019482,-0.14610820731292634,0.6999761426892884
18.259999999999334,-0.6167250880010834,0.20346065558187917,-0.48864328513952504,0.7213077852790422,1.04682258013778,-0.5402954806369382,0.29561103814823647,0.46763067536511393,-0.20750043041657854,0.6953813460783884
18.279999999999358,-0.5962468702227854,0.1919288054092364,-0.4686449158155442,0.7265971525845693,1.0296191286160408,-0.5643957180972852,0.21378820939962623,0.40923059879219886,-0.19633657733155252,1.093884155894051
18.299999999999383,-0.5761049940093921,0.18030213715361232,-0.44500133520887286,0.7297694700853687,1.0346964487637813,-0.5711735873806848,0.08863121457548905,0.27966732637500363,-0.3073495617574785,1.1923739833255687
18.319999999999407,-0.5561109137902239,0.1690607100752815,-0.4271975397119251,0.7291555977348502,1.051052244476849,-0.5316501918944063,-0.15233726273181022,0.1859225717087183,-0.41888974609608326,0.8350497826765495
18.33999999999943,-0.5364139543009944,0.15831307265333222,-0.414353792450332,0.7231033965194856,0.9830971913048957,-0.4971972907853168,-0.38635379650248125,0.3651022950528308,-0.27175623944737853,-0.010226754751367313
18.359999999999456,-0.5173973782836119,0.14787809982258468,-0.41538962065056406,0.7169485353569744,0.9467556236910161,-0.5062222855930688,-0.23655631108907774,0.18942747329154488,-0.053774956688423484,0.28222669840730874
18.37999999999948,-0.4982886786774323,0.13759276582660632,-0.4034388507834401,0.71501306123921,0.9799133724544665,-0.5367371105746942,0.015453753073806418,-0.16410241282433985,-0.07680659667083456,0.7207306352002592
18.399999999999505,-0.47828447948337305,0.12771303309522025,-0.3967337312176721,0.7172729151065823,1.0023054856286397,-0.5050884218189909,0.18187498213013253,-0.38714156771785113,0.2412927164386738,0.3139229934970317
18.41999999999953,-0.45677836449550396,0.11872478351047555,-0.38440733222496704,0.720937185107373,1.0678920358868857,-0.4713709221508564,0.17078731407273187,-0.37411626057007397,0.35593477666173395,0.9161857697756316
18.439999999999554,-0.43513772242218973,0.11036933732724681,-0.37047489999832334,0.7234604421508146,1.0528183478182949,-0.4640812185298571,0.08775567611864075,-0.5297897562171475,0.35623402045156327,0.6693674902867479
18.459999999999578,-0.41379269244613426,0.10203883822703566,-0.36248454777401673,0.723578367192846,1.0682721982484564,-0.4905626522814819,-0.06668463707150761,-0.6969925288132163,0.0784354198233094,0.3603555992855257
18.479999999999603,-0.39275122987515193,0.09314620913468027,-0.3525217341906466,0.7192174137306541,1.059265518348884,-0.5449228753806277,-0.33060309362148727,-0.7550955042639492,-0.0853388929979484,0.6988232787407717
18.499999999999627,-0.372142971084346,0.08405846377307083,-0.33429987010976114,0.7121962108474894,1.0429209015034753,-0.47372517158311456,-0.3089847594358745,-0.39982221976151755,-0.010080725094347043,1.1584195536389639
18.51999999999965,-0.35140813985822905,0.0764021621208197,-0.31328528428078223,0.7085302424867141,1.0453543085572579,-0.3489393593600482,-0.05965185095486114,0.15289283746558233,0.08290904703584764,0.8546386768162141
18.539999999999676,-0.33021762605630095,0.06982273494288381,-0.2946391955039143,0.7099390577302679,1.0666824971330657,-0.28836659861671554,0.17186400656572312,0.47930247702168993,0.09608779507890008,0.7382643348309632
18.5599999999997,-0.3083485885210601,0.06360897433197601,-0.27725833327219634,0.7150039642991488,1.1096050034195721,-0.2743990912812248,0.2984099519924691,0.5785234946377276,-0.009475615257654758,0.7041042367500088
18.579999999999725,-0.2859021467257047,0.05733755628206802,-0.26086510278064373,0.7212853010436433,1.1337302929415283,-0.2883149382576957,0.29608849984211827,0.5159200119506022,-0.08513079614480318,0.6983699710228637
18.59999999999975,-0.2634951536719729,0.050732201053854765,-0.2408605386430447,0.7265804650785069,1.12185637296058,-0.3161436365437085,0.2140678223908929,0.4524522968337116,-0.0853839084724623,1.0923824609499662
18.619999999999774,-0.24140442385512836,0.04395312944655042,-0.21715394997906226,0.7297523124575479,1.1273850261456357,-0.32222521406147914,0.08861803410665077,0.34986362032224627,-0.21919952988551436,1.1984304216101351
18.639999999999798,-0.21954787620192348,0.037519940238954906,-0.199209834068379,0.7291355751716975,1.135142600387009,-0.28001797783320687,-0.15239582771851173,0.2822430433432993,-0.3521352724026201,0.8380329840587627
18.659999999999823,-0.19810492485477296,0.031504526066833155,-0.1870350500443005,0.7231200104011721,1.0616393571985947,-0.26320488490979277,-0.37901459703455576,0.4024067292656922,-0.1744790010233018,-0.05556303153486472
18.679999999999847,-0.17731536439692897,0.0256201144492745,-0.18782076408871032,0.7171524722031711,1.033847653347305,-0.27914350449401504,-0.22469911846316287,0.18582676679020727,-0.019069777868012998,0.2966262044074498
18.69999999999987,-0.1564851813806626,0.019953691984409692,-0.17537188666200298,0.7153623097327468,1.0657276098275286,-0.3000910880233826,0.01981643621776761,-0.1512927695963018,-0.11323497671108301,0.7791356559465876
18.719999999999896,-0.13495505258590063,0.01485929964287309,-0.16791332551924018,0.7176829101777126,1.0823693974730761,-0.26510744634042555,0.1830611843351153,-0.42382432799291614,0.14687637169134735,0.323516553370559
18.73999999999992,-0.112116682240376,0.010950031645527138,-0.15587650138187562,0.7213791255632362,1.1442819402758837,-0.21723874762437248,0.17329430275647661,-0.4306371836463333,0.26193644154507445,0.8108927518611503
18.759999999999945,-0.08916164232458564,0.007699531213755149,-0.14464170210219227,0.7239219991381606,1.1206686595581774,-0.21236361017056665,0.08784355960822261,-0.5824301565802382,0.25453781754526156,0.6048358979998407
18.77999999999997,-0.06662968236224723,0.004382714801465909,-0.13746752984379468,0.7240432257249974,1.1435248046106075,-0.2389613793692615,-0.066527845968045,-0.6904663308759007,-0.06526465431672057,0.3461914147507024
18.799999999999994,-0.04425317323391322,0.000407916740273647,-0.12771997701423127,0.7196851652314388,1.1480073041462617,-0.29547066879329115,-0.33076337493033936,-0.7155761683077244,-0.24398523825784735,0.6972969861259732
18.820000000000018,-0.022251480737133886,-0.0038709471366695563,-0.1095968331731556,0.7126388863959304,1.1162927350290983,-0.2301505938548144,-0.31074389092634924,-0.38757637673124146,-0.0922914760146604,1.1492802076119324
18.840000000000042,-0.00043167423427418767,-0.00674504272318664,-0.08883050285772767,0.7089145131422255,1.0917016117105345,-0.10928793818552582,-0.06315845789013355,0.12707679456322832,0.12028338691994153,0.8428461317564306
18.860000000000067,0.021604666766988623,-0.008482912344827754,-0.07037058167401843,0.7102400736909373,1.099325060232202,-0.04598594477577227,0.1675586923863784,0.4423322658699185,0.2079395638536592,0.7328372616481922
18.88000000000009,0.04422719533961186,-0.009714938622904835,-0.05310326761937587,0.7152189720226293,1.1380549671791773,-0.022585524810749727,0.29449431116553115,0.5641376959412439,0.1297375905090441,0.7007687455747038
18.900000000000116,0.06743095612619115,-0.010869039063815117,-0.03677943177358951,0.721428795336481,1.1649585357738943,-0.030271186384760722,0.2930784817459781,0.5220365366787162,0.042295285958592096,0.6963161307457164
18.92000000000014,0.09067783883795333,-0.0123496147533009,-0.016842124756683195,0.7266675055140456,1.1601902400151773,-0.05948338889756314,0.21153447510954612,0.46149906702681626,0.024903235566432383,1.0890539872170846
18.940000000000165,0.11365560916857206,-0.014060990026601449,0.006816711651972806,0.7297854158784964,1.1670057849248359,-0.06365047946093333,0.08586791408150148,0.39206216866379295,-0.12996038398274828,1.1961216985900227
18.96000000000019,0.13632198554434205,-0.015468475931999926,0.024692518998368638,0.7290952227670751,1.1649649489835308,-0.019857531446625103,-0.1564190279469559,0.35706251963956565,-0.2749737989427848,0.8308449404546008
18.980000000000214,0.15848793549239248,-0.01656452123622275,0.03671489391731232,0.7230030769799147,1.0883634925451018,-0.02084568370138901,-0.381324816582917,0.43028548612139395,-0.07177265050778789,-0.0728951493212586
19.000000000000238,0.17999165398531294,-0.017681967093223238,0.03573717580199746,0.7170475468216903,1.0674809762922866,-0.042144459246137175,-0.2213791232331838,0.17678168327706292,0.0177158628204286,0.2880056881769089
19.020000000000262,0.20158047802103501,-0.018503508675397153,0.04732700814028521,0.7154058323979544,1.11335428521417,-0.05245770253788598,0.027800942546041905,-0.12674274802335006,-0.19438064072024083,0.734118424011095
19.040000000000287,0.2236767067566547,-0.018692935873038222,0.0554579932060169,0.7178350942200228,1.1097727904837495,-0.021783126746404254,0.18611415322945635,-0.4542538382326994,0.05019547940997417,0.3720393553852424
19.06000000000031,0.2467253191658388,-0.017472216652531677,0.06788099394876654,0.7215762367665703,1.1592098218448155,0.04063518582387603,0.174813974175287,-0.4807956556847917,0.16456590850474698,0.8145764691697817
19.080000000000336,0.26980998316949834,-0.015558788034157545,0.07825747095575634,0.724145987654781,1.1379107348102628,0.04263432744457308,0.08859888878677356,-0.6213761332086463,0.12936956967508037,0.5522975472029514
19.10000000000036,0.2924946691731829,-0.013775218713927222,0.08497102387267445,0.7242732331189312,1.164994600970114,0.0193930391116447,-0.06560088675321221,-0.6652091282692132,-0.2051534746398488,0.3299328637855609
19.120000000000385,0.31512826239683844,-0.012703679921894005,0.09467626827713244,0.719935198469916,1.1800912731535453,-0.03520468773866938,-0.32959059912635696,-0.648698359137456,-0.3816649238820504,0.7028468503030069
19.14000000000041,0.33746656245029466,-0.012023800307967772,0.1125426774035394,0.7129010648173191,1.1371781966494963,0.020193137011630884,-0.3120321654067698,-0.3774199381642849,-0.17853663488488092,1.123984325767623
19.160000000000434,0.3593413373534238,-0.010017121445771982,0.13301560810630422,0.7091455657107394,1.0870616399586113,0.13305958273866192,-0.06441157548363714,0.07901253873254191,0.14112433196676738,0.8413461806288027
19.180000000000458,0.3811546082855051,-0.006841499884901049,0.1514132111674246,0.710463545524894,1.0778568330860891,0.19775552673023988,0.16832677337796353,0.3757272279523066,0.3081313132724545,0.7298676343417996
19.200000000000482,0.4034093874273424,-0.003033735718363488,0.1686083073471312,0.7154765251189226,1.1099301104193586,0.22996693103488294,0.29736861266373915,0.5183549534914461,0.2624830188152426,0.6951163633480466
19.220000000000507,0.42621995375108623,0.0009829961641918288,0.18485264790356862,0.7217580299138201,1.138634217257509,0.22881581544673563,0.2974693186263683,0.4993120156835078,0.1665966163895166,0.6890054834970193
19.24000000000053,0.4491587240088253,0.004689128505707754,0.20470510720942775,0.72708352018593,1.1407687791068994,0.19867316491622422,0.21587071300075486,0.44141180717250417,0.13695948943115915,1.084587253136376
19.260000000000556,0.4718946652190441,0.008113221123162309,0.2283385925696564,0.7302988513325191,1.148689554465748,0.19642773974387562,0.09146915160912399,0.4103965472058683,-0.028463255076469296,1.1916267466102746
19.28000000000058,0.4942718502178943,0.01177130571980084,0.24617393612920582,0.7297503947467614,1.139193658114358,0.23822986218291953,-0.14855139665734268,0.3986838834959555,-0.18921445264868644,0.8251671631686117
19.300000000000605,0.5161190211634461,0.01563387238112929,0.25856504043421635,0.7237279409334879,1.0645757727237903,0.22315475954980116,-0.3849026183255671,0.4414470325366185,0.030356885957731405,-0.03994010720853719
19.32000000000063,0.5372604284983693,0.019321862012218926,0.2568702531160155,0.7175997288925048,1.0478929526398333,0.19559271854934812,-0.23408701198644788,0.17047927172173347,0.06351759478280765,0.23731076610592816
19.340000000000654,0.5585405608360524,0.02324749657612588,0.267562908725104,0.7157159411105996,1.1005541196009576,0.1924618331204446,0.01672582991547828,-0.07358868783323431,-0.20139293574548967,0.6863107787664716
19.360000000000678,0.5802094629492018,0.027917901747947574,0.2745266030499502,0.7179494941730225,1.0848473222336301,0.21862914917286613,0.1792056711756099,-0.4695272239534522,-0.026144009986723938,0.291951577946339
19.380000000000702,0.6024297850327731,0.0341519441891771,0.2870726978446602,0.7215833186580938,1.1165187084055275,0.2904650845092659,0.17001967549995034,-0.5179245161190363,0.07606379205562047,0.9645115524538496
19.400000000000727,0.6244135810758057,0.04099664104448077,0.301470583849078,0.7241175793656933,1.1043078141696145,0.28771999761499656,0.08888220054184884,-0.6438745945910367,-0.020037725428580677,0.673316358333511
19.42000000000075,0.646176528150456,0.04772180752673656,0.30937566993989746,0.7242637330091439,1.1320434214609936,0.2745736019063088,-0.06311108101040792,-0.6210920034209633,-0.3407442290055873,0.34648847276597855
19.440000000000776,0.668008421841038,0.05378364246009029,0.3194786540128564,0.7199619867185404,1.1575257088061948,0.22736854645055846,-0.3277192040823209,-0.550744994915807,-0.5006347483412498,0.7177323520393304
19.4600000000008,0.6896379492217765,0.059403578774495265,0.33776210863392403,0.7129666787701404,1.102712720890155,0.27174231093291956,-0.3084378513665441,-0.328092775326411,-0.23734315673417752,1.1530444738033676
19.480000000000825,0.7105031481606443,0.06620731349395612,0.35860632375620183,0.7092706424494414,1.0285060451724668,0.36972873742546153,-0.06178943710091851,0.04099640506778217,0.17535319300923538,0.8491180509899244
19.50000000000085,0.7310832712514028,0.07413860413418988,0.3771068988698873,0.710607203303898,1.0092705086002496,0.4313530381199178,0.16821353613759193,0.2905359376262024,0.3851629123344157,0.7347214474469046
19.520000000000874,0.7519952291165167,0.08280596046004537,0.39439397246845787,0.7156010124853432,1.0356072861833963,0.4711575738019516,0.2957227389720318,0.44008610056501307,0.36159696002153896,0.7016551672187226
19.540000000000898,0.773418808084415,0.09182425608474656,0.4107478481481551,0.7218479477045594,1.0644371678604245,0.4777106676301228,0.2954186737770287,0.4455799266546883,0.26010057356754107,0.6964979850178087
19.560000000000922,0.7950382476382215,0.10058401580507798,0.4308368661276646,0.7271363482962022,1.0734744920505395,0.4498360832557263,0.2139609835875949,0.40222955512737957,0.2180280620193199,1.1004702529512924
19.580000000000947,0.8165243346807041,0.10903563942180496,0.45469969547782096,0.7303150172191955,1.0819690619553415,0.45054506702716135,0.08938116983165946,0.41364450431976507,0.04674185512147097,1.2007012194016615
19.60000000000097,0.8376045107491076,0.11764399291347594,0.47272313798609755,0.7297171246757937,1.0625619493310996,0.4889782402976722,-0.15131132082481896,0.4386964642713409,-0.10972231059452646,0.8395427077711098
19.620000000000996,0.8581260552872716,0.1263143411870963,0.48560266053491585,0.7236579800649106,0.9937542338423833,0.45625347722744475,-0.38700859940744653,0.4296343465702857,0.11628139026028923,-0.010302635322200555
19.64000000000102,0.8780007969946062,0.13464601567159434,0.4841325069422338,0.7174931569303908,0.9806055517827087,0.4225711341626438,-0.23650351249629883,0.14430334032132022,0.11774397942297393,0.23978533159904433
19.660000000001045,0.8979225413621034,0.1431630611371989,0.4947854369134373,0.7155537025604279,1.0312980159058194,0.4319475713573796,0.015321871670774001,-0.03726654285975564,-0.19850924842040635,0.6573460227981298
19.68000000000107,0.9180611586744001,0.15257463851361125,0.5015405273173205,0.7177660096468692,1.0125706256120461,0.4580695986369604,0.17855210021243548,-0.44498092199031963,-0.13700267138529162,0.3012340280788447
19.700000000001094,0.9383675075098485,0.16364861724199786,0.5147361963131012,0.7213847185403103,1.0240153900235507,0.531806643674675,0.16903007316550772,-0.5159062623290582,-0.051313228509199796,1.0491843596163517
19.720000000001118,0.9583282114518645,0.17527021884621544,0.5294000360493303,0.7239219180214598,1.0177096048874106,0.5326410571399749,0.08900184836300816,-0.6095041473990752,-0.18178765264888325,0.6474486224930993
19.740000000001142,0.9780963082173837,0.18675329572663976,0.5372535505043144,0.7240457314047113,1.0443641289492862,0.5237559400888677,-0.06469403498066709,-0.5225649467934493,-0.477375623064471,0.3479609107380274
19.760000000001167,0.9980651052510243,0.19759283915300277,0.5474439261454959,0.7196982425248878,1.0790631969428548,0.48290094294734487,-0.3297352835670768,-0.4219063637424014,-0.6135104273277528,0.721486393124041
19.78000000000119,1.0179051903222496,0.20795222939044775,0.5659411019014275,0.7126958492851813,1.0134846890954508,0.5140720959319401,-0.3076859838887412,-0.2633079716920336,-0.29763980578108606,1.166351027413781
19.800000000001216,1.0367036426414875,0.2193102317823225,0.5869851920633123,0.709039512309223,0.9180691797079001,0.5942020211161989,-0.05909997217833273,0.007414273513598177,0.18668750722818356,0.8530376995485558
19.82000000000124,1.0549607389371576,0.2317137485209615,0.605556665109078,0.7104420542414314,0.8855877553795222,0.6502341677828493,0.1716093858389744,0.20477376595709076,0.4431597104505018,0.7331977299196096
19.840000000001265,1.0733774904633788,0.24490707864016306,0.622839574949282,0.7154989012186629,0.9028383296840768,0.6946382107005442,0.29827911832021153,0.3553166066310286,0.44944250687018084,0.6985883192957306
19.86000000000129,1.0922163225803252,0.258547269274956,0.6391490234429713,0.7217802789341642,0.9296916415802243,0.7066065579508639,0.29621812405243336,0.38071780486748125,0.34952275349068895,0.6938919972486673
19.880000000001314,1.1113028837951526,0.27196686238874884,0.6592389315713317,0.7270767880532902,0.9447710524844691,0.6810114945119474,0.21397753988482907,0.3469934237151255,0.29864995300533204,1.0993380315096677
19.900000000001338,1.130328293246808,0.28505435673918017,0.682948028498195,0.7302443788865657,0.9528350066934811,0.6838052765092532,0.08818261291108906,0.3956562511235665,0.13199160698821452,1.1887521385034576
19.920000000001362,1.1489323406894547,0.2982117593554089,0.7005704097950992,0.7295983861199365,0.9249953798771332,0.7172419478529615,-0.15416141905494898,0.4564801729067341,-0.010848919222571238,0.8181265084252684
19.940000000001387,1.1669599485715272,0.3112891414331886,0.7124444732321318,0.7235453566425485,0.8665284436085163,0.6686006627072499,-0.38164992351631966,0.38609394166047833,0.19608097344202258,-0.06587741505061534
19.96000000000141,1.184505025618343,0.32393507519592374,0.710988272046801,0.7175052235252287,0.8655782766389714,0.6390179957050064,-0.23147158456729158,0.1336593133710456,0.13412826124203336,0.23720364213618023
19.980000000001436,1.2021088435307419,0.33678913105012914,0.7216209416599817,0.7155380680379246,0.9105558446056872,0.6532793333872221,0.009751909281924041,0.00428431567360444,-0.18180333497408352,0.640945011825634
20.00000000000146,1.2196676518744654,0.3504972524289381,0.7280872168219977,0.7176579871971746,0.8847431720786464,0.6790331771487729,0.174594966481191,-0.4030493371003125,-0.20924177082768558,0.3519067075409937
