initial_window_s,initial_path_m,initial_net_m,initial_heading_rad,remaining_duration_s,remaining_path_m,remaining_net_m,remaining_heading_rad,gain,engine,skill,case,env,protocol,vx,yaw,full,passed,entry_speed_mps,tail_speed_rms,tail_yaw_rms,tail_signed_heading_rad,settled,net_m,heading_excursion_rad,cycles_and_lift,decision_path_m,decision_net_m,decision_heading_excursion_rad,whole_decision_pass,post_duration_s,final_abs_heading_error_rad
2.0,0.7955421411659392,0.7610826704883569,-0.1997354533782505,8.0,1.9939961931213877,1.8642171708242459,0.04077865321346241,0.0,mujoco,hold,0,0,direct,0.5,-0.2,True,False,0.5432096693684729,0.27257788628089197,0.3207374890010384,-0.02891210285664414,False,2.6252619366818712,0.36458780056499585,False,2.789538334287327,2.6252619366818712,0.36458780056499585,False,10.0,0.15895680016478808
2.0,0.7955421411659392,0.7610826704883569,-0.1997354533782505,8.0,1.8343320586202552,1.7274246526785995,0.26872664957346704,0.5,mujoco,hold,1,0,direct,0.5,-0.2,True,False,0.5432096693684729,0.2703256065300086,0.28010754058632487,-0.03718639181850314,False,2.481664118658209,0.36458780056499585,False,2.6298741997861943,2.481664118658209,0.36458780056499585,False,10.0,0.06899119619521654
2.0,0.7955421411659392,0.7610826704883569,-0.1997354533782505,8.0,1.9202418960908845,1.8086402828785195,0.22255489167350095,1.0,mujoco,hold,2,0,direct,0.5,-0.2,True,False,0.5432096693684729,0.25730930593342594,0.2359177983469563,-0.012198429099507635,False,2.563424956988015,0.36458780056499585,False,2.7157840372568236,2.563424956988015,0.36458780056499585,False,10.0,0.02281943829525046
2.0,0.7999604412925325,0.7635007711535079,-0.25764648159697146,7.999999999999999,1.9084027408998505,1.7942771070063586,0.2997683309152306,0.0,mujoco,hold,3,0,direct,0.5,-0.2,True,False,0.470411489509953,0.22381561523440435,0.17609450184230546,0.12005724425923603,False,2.5549654189798936,0.3565257181752064,False,2.708363182192383,2.5549654189798936,0.3565257181752064,False,10.0,0.04212184931825913
2.0,0.7999604412925325,0.7635007711535079,-0.25764648159697146,7.999999999999999,1.9775573709453464,1.8585601350871181,0.269378961961114,0.5,mujoco,hold,4,0,direct,0.5,-0.2,True,False,0.470411489509953,0.25894232574585835,0.28157197773101644,0.053044909559081255,False,2.617758981788298,0.3565257181752064,True,2.777517812237879,2.617758981788298,0.3565257181752064,False,10.0,0.011732480364142539
2.0,0.7999604412925325,0.7635007711535079,-0.25764648159697146,7.999999999999999,1.8791857647046382,1.7717665990360651,0.30953891608563966,1.0,mujoco,hold,5,0,direct,0.5,-0.2,True,False,0.470411489509953,0.27354601814210017,0.3252032710154902,-0.02253303169989751,False,2.5210741322915124,0.3565257181752064,True,2.6791462059971707,2.5210741322915124,0.3565257181752064,False,10.0,0.051892434488668204
2.0,0.8822375178571158,0.8376542685796329,-0.3447889388578451,8.0,2.0138761649464225,1.8693693956744142,0.6406792451539713,0.0,mujoco,hold,6,0,direct,0.5,0.0,True,False,0.5278009043417877,0.2717130472520867,0.37015214487119646,0.22043297674872386,False,2.7066494930460636,0.35764683383686213,False,2.896113682803538,2.7066494930460636,0.35764683383686213,False,10.0,0.2958903062961262
2.0,0.8822375178571158,0.8376542685796329,-0.3447889388578451,8.0,2.059677201715614,1.925998758840683,0.389318996741995,0.5,mujoco,hold,7,0,direct,0.5,0.0,True,False,0.5278009043417877,0.22335275863573517,0.2196807418096986,0.18732858830430255,False,2.7636528527047486,0.35559860639336893,False,2.94191471957273,2.7636528527047486,0.35559860639336893,False,10.0,0.044530057884149876
2.0,0.8822375178571158,0.8376542685796329,-0.3447889388578451,8.0,1.9014781079251288,1.7812732455034863,0.6482705555626853,1.0,mujoco,hold,8,0,direct,0.5,0.0,True,False,0.5278009043417877,0.2790411556819321,0.3960723900582188,0.03472123123144977,False,2.6121577564592044,0.355629708849857,True,2.7837156257822446,2.6121577564592044,0.355629708849857,False,10.0,0.3034816167048402
2.0,0.861974046602201,0.8256980685170329,-0.37503014542735125,7.999999999999999,1.8912155553134078,1.7615920384471273,0.6792084255084654,0.0,mujoco,hold,9,0,direct,0.5,0.0,True,False,0.46311695957119786,0.27522632543186815,0.3359215643500856,0.11877885440123226,False,2.571819105813426,0.3786517470977415,False,2.753189601915609,2.571819105813426,0.3786517470977415,False,10.0,0.30417828008111414
2.0,0.861974046602201,0.8256980685170329,-0.37503014542735125,7.999999999999999,1.9086244414642344,1.7848326358053772,0.4650762850885055,0.5,mujoco,hold,10,0,direct,0.5,0.0,True,False,0.46311695957119786,0.305690293666641,0.37674003164788367,-0.19969490820774594,False,2.577795988171841,0.38503660741690426,False,2.7705984880664354,2.577795988171841,0.38503660741690426,False,10.0,0.09004613966115427
2.0,0.861974046602201,0.8256980685170329,-0.37503014542735125,7.999999999999999,1.8618011964428338,1.738421028837925,0.7076379465207627,1.0,mujoco,hold,11,0,direct,0.5,0.0,True,False,0.46311695957119786,0.32015784958603116,0.4080126005775285,0.07574238587599424,False,2.528479780610669,0.44765433738057636,True,2.7237752430450346,2.528479780610669,0.44765433738057636,False,10.0,0.3326078010934115
2.0,0.7733994948807303,0.7465624792454822,-0.08784029246011738,8.0,1.7865652954435225,1.701358485126111,0.30437883206777583,0.0,mujoco,hold,12,0,direct,0.5,0.2,True,False,0.5173643283398113,0.24059713537764293,0.28439997998253186,0.0025210009713787507,False,2.445320430029631,0.29772752414448966,False,2.5599647903242526,2.445320430029631,0.29772752414448966,False,10.0,0.21653853960765845
2.0,0.7733994948807303,0.7465624792454822,-0.08784029246011738,8.0,1.9757693888316052,1.873970845929692,0.13115729258201547,0.5,mujoco,hold,13,0,direct,0.5,0.2,True,False,0.5173643283398113,0.25359660420684854,0.34494054574262184,0.12044411421409285,False,2.6195341451520315,0.1850195033242783,False,2.7491688837123354,2.6195341451520315,0.1850195033242783,False,10.0,0.0433170001218981
2.0,0.7733994948807303,0.7465624792454822,-0.08784029246011738,8.0,1.773617161545217,1.6720943069989571,0.3538145253539038,1.0,mujoco,hold,14,0,direct,0.5,0.2,True,False,0.5173643283398113,0.2756497415106084,0.39379736403804194,0.03845914508801762,False,2.4172480388545776,0.3738509241508172,True,2.5470166564259475,2.4172480388545776,0.3738509241508172,False,10.0,0.2659742328937864
2.0,0.760437181201749,0.7123406787211368,-0.07274946308985708,7.999999999999999,1.9540953733983566,1.828577871834,0.27390889348686986,0.0,mujoco,hold,15,0,direct,0.5,0.2,True,False,0.45308931730738367,0.22760692591833795,0.2680264061294155,0.07741363499076126,False,2.5352363646606055,0.2848774346087497,False,2.7145325546001056,2.5352363646606055,0.2848774346087497,False,10.0,0.20115943039701278
2.0,0.760437181201749,0.7123406787211368,-0.07274946308985708,7.999999999999999,1.8856971028066933,1.782687566488036,0.20900640371742707,0.5,mujoco,hold,16,0,direct,0.5,0.2,True,False,0.45308931730738367,0.2432061767392616,0.26086348512937646,0.026943421199568718,False,2.4859861205967975,0.16274853264607136,False,2.6461342840084425,2.4859861205967975,0.16274853264607136,False,10.0,0.13625694062757
2.0,0.760437181201749,0.7123406787211368,-0.07274946308985708,7.999999999999999,1.9004053822449762,1.810064689651413,0.1250920596650653,1.0,mujoco,hold,17,0,direct,0.5,0.2,True,False,0.45308931730738367,0.28222094428478595,0.20702168239652824,-0.04931794358514674,False,2.5151961814245385,0.1497491190022071,False,2.660842563446725,2.5151961814245385,0.1497491190022071,False,10.0,0.05234259657520823
2.0,0.6075931169870075,0.3937477442704894,-0.5466586237785247,8.0,0.9855314883296588,0.5552626476949852,-2.2282315892108264,0.0,mujoco,march,0,0,direct,0.5,-0.2,True,False,0.5432096693684729,0.11683276713269314,0.6657110552279212,-0.38371915551402624,False,0.5089621519347571,2.8725873941638334,True,1.5931246053166663,0.5089621519347571,2.8725873941638334,False,10.0,2.774890212989351
2.0,0.6075931169870075,0.3937477442704894,-0.5466586237785247,8.0,1.02289067466562,0.6424703345322273,-1.725528332683211,0.5,mujoco,march,1,0,direct,0.5,-0.2,True,False,0.5432096693684729,0.12142152203795854,0.6254956516771986,-0.2492400168701221,False,0.49586727979038453,2.36913808572278,True,1.6304837916526274,0.49586727979038453,2.36913808572278,False,10.0,2.2721869564617356
2.0,0.6075931169870075,0.3937477442704894,-0.5466586237785247,8.0,1.02289067466562,0.6424703345322273,-1.725528332683211,1.0,mujoco,march,2,0,direct,0.5,-0.2,True,False,0.5432096693684729,0.12142152203795854,0.6254956516771986,-0.2492400168701221,False,0.49586727979038453,2.36913808572278,True,1.6304837916526274,0.49586727979038453,2.36913808572278,False,10.0,2.2721869564617356
2.0,0.4768339295893376,0.3241146164164128,0.004434082272316786,7.999999999999999,0.9972247575855118,0.5453966939349276,-2.3201181583689054,0.0,mujoco,march,3,0,direct,0.5,-0.2,True,False,0.470411489509953,0.11222150203372454,0.7185476272379872,-0.5965905798833306,False,0.24147251268873166,2.4416270343914905,True,1.4740586871748493,0.24147251268873166,2.4416270343914905,False,10.0,2.3156840760965887
2.0,0.4768339295893376,0.3241146164164128,0.004434082272316786,7.999999999999999,1.0296573532012707,0.6351790121967527,-1.852719487093688,0.5,mujoco,march,4,0,direct,0.5,-0.2,True,False,0.470411489509953,0.12333602772435112,0.6702364526576616,-0.4909630568625243,False,0.3864155854785219,1.974070053041852,True,1.506491282790608,0.3864155854785219,1.974070053041852,False,10.0,1.8482854048213713
2.0,0.4768339295893376,0.3241146164164128,0.004434082272316786,7.999999999999999,1.0101450239806091,0.6231377180359385,-1.5035016445099503,1.0,mujoco,march,5,0,direct,0.5,-0.2,True,False,0.470411489509953,0.1210231500416147,0.6281518459489932,-0.2942816562204418,False,0.38939312963374506,1.6516028314443325,True,1.4869789535699467,0.38939312963374506,1.6516028314443325,False,10.0,1.4990675622376335
2.0,0.5808610350169009,0.378000377623419,-0.31640173602834665,8.0,0.9773104615775227,0.576301963997318,-1.723137893890108,0.0,mujoco,march,6,0,direct,0.5,0.0,True,False,0.5278009043417877,0.10533241392378588,0.5628596750470604,-0.22506478599550572,False,0.344783252326081,2.1300240159884103,True,1.5581714965944236,0.344783252326081,2.1300240159884103,False,10.0,2.0395396299184547
2.0,0.5808610350169009,0.378000377623419,-0.31640173602834665,8.0,1.006130834775502,0.5910663330230278,-1.7221053920350453,0.5,mujoco,march,7,0,direct,0.5,0.0,True,False,0.5278009043417877,0.12208501877921374,0.5736029209664156,-0.10181963000470029,False,0.35717014952394976,2.1433403941922147,True,1.5869918697924028,0.35717014952394976,2.1433403941922147,False,10.0,2.038507128063392
2.0,0.5808610350169009,0.378000377623419,-0.31640173602834665,8.0,0.9998736643088959,0.5838717562392889,-1.6005982852744256,1.0,mujoco,march,8,0,direct,0.5,0.0,True,False,0.5278009043417877,0.12156607662744137,0.6432317776188162,-0.16719236378774882,False,0.3128700526061147,2.0483893870735392,True,1.580734699325797,0.3128700526061147,2.0483893870735392,False,10.0,1.9170000213027723
2.0,0.46430116961573364,0.3138107062981532,0.1059099658197109,7.999999999999999,0.9984849048029031,0.505340446516864,-2.378826048402686,0.0,mujoco,march,9,0,direct,0.5,0.0,True,False,0.46311695957119786,0.1140145261235391,0.6940661613319722,-0.5488835484012835,False,0.27566665833674386,2.3818547003425565,True,1.4627860744186367,0.27566665833674386,2.3818547003425565,False,10.0,2.272916082582975
2.0,0.46430116961573364,0.3138107062981532,0.1059099658197109,7.999999999999999,1.0380119863749453,0.6145962682148837,-1.8540384155565497,0.5,mujoco,march,10,0,direct,0.5,0.0,True,False,0.46311695957119786,0.12732522823802023,0.753037185934098,-0.4456403647613145,False,0.42088729077985065,1.906554722744298,True,1.502313155990679,0.42088729077985065,1.906554722744298,False,10.0,1.7481284497368388
2.0,0.46430116961573364,0.3138107062981532,0.1059099658197109,7.999999999999999,1.0024490463961957,0.5714716349457236,-1.5704920816704462,1.0,mujoco,march,11,0,direct,0.5,0.0,True,False,0.46311695957119786,0.11463184311166967,0.6229001804619708,-0.31072144961269954,False,0.4031908803984976,1.6241391999070718,True,1.4667502160119292,0.4031908803984976,1.6241391999070718,False,10.0,1.4645821158507353
2.0,0.7187091236371291,0.3948072752590516,-0.8530314088949265,8.0,0.9686659752167457,0.43941505974769923,-2.1238687088633976,0.0,mujoco,march,12,0,direct,0.5,0.2,True,False,0.5173643283398113,0.10660274074203778,0.6004803167142357,-0.35179499802421876,False,0.6046590137097092,3.0644064766445624,True,1.687375098853875,0.6046590137097092,3.0644064766445624,False,10.0,2.976900117758324
2.0,0.7187091236371291,0.3948072752590516,-0.8530314088949265,8.0,1.0372506882069596,0.5699514772150147,-1.474825652652751,0.5,mujoco,march,13,0,direct,0.5,0.2,True,False,0.5173643283398113,0.12406145318188361,0.6926634131012314,-0.3324692711573425,False,0.5503273012291401,2.4223489603958397,True,1.7559598118440887,0.5503273012291401,2.4223489603958397,False,10.0,2.3278570615476775
2.0,0.7187091236371291,0.3948072752590516,-0.8530314088949265,8.0,1.0372506882069596,0.5699514772150147,-1.474825652652751,1.0,mujoco,march,14,0,direct,0.5,0.2,True,False,0.5173643283398113,0.12406145318188361,0.6926634131012314,-0.3324692711573425,False,0.5503273012291401,2.4223489603958397,True,1.7559598118440887,0.5503273012291401,2.4223489603958397,False,10.0,2.3278570615476775
2.0,0.42084125680665374,0.25173932612182315,0.07640654705108174,7.999999999999999,0.9654410774608775,0.5295901478555811,-2.037996969644925,0.0,mujoco,march,15,0,direct,0.5,0.2,True,False,0.45308931730738367,0.09133456622095201,0.5042559380535436,-0.28151493307253395,False,0.31378602081743845,2.0625975053683763,True,1.386282334267531,0.31378602081743845,2.0625975053683763,False,10.0,1.9615904225938432
2.0,0.42084125680665374,0.25173932612182315,0.07640654705108174,7.999999999999999,1.0053452279468305,0.5965532901506427,-1.690916319701739,0.5,mujoco,march,16,0,direct,0.5,0.2,True,False,0.45308931730738367,0.10432633665832607,0.6222740778289945,-0.31702343377724196,False,0.4162167798178084,1.7515913832807466,True,1.4261864847534842,0.4162167798178084,1.7515913832807466,False,10.0,1.6145097726506572
2.0,0.42084125680665374,0.25173932612182315,0.07640654705108174,7.999999999999999,1.001880927591893,0.5890226623837732,-1.5310985711496672,1.0,mujoco,march,17,0,direct,0.5,0.2,True,False,0.45308931730738367,0.11146301502048096,0.5400317131629843,-0.17874855158563818,False,0.4103175096989818,1.5864911237047266,True,1.4227221843985465,0.4103175096989818,1.5864911237047266,False,10.0,1.4546920240985854
2.0,0.4989706575870514,0.4883570671081543,0.04732060432434082,8.0,0.10627145320177078,0.05711258947849274,0.04972553253173828,0.0,isaac,hold,0,0,direct,0.5,-0.2,True,False,0.40763217210769653,0.0055515640415251255,3.8031721487641335e-05,-1.1920928955078125e-06,True,0.5439624190330505,0.09853482246398926,False,0.605242133140564,0.5439624190330505,0.09853482246398926,False,10.0,0.0970461368560791
2.000000000000001,0.3613924980163574,0.31475624442100525,0.04635310173034668,8.0,0.013961278833448887,0.013893496245145798,-0.0012445449829101562,0.0,isaac,hold,0,1,direct,0.5,-0.2,True,True,0.4940495789051056,0.006208355538547039,2.670873982424382e-05,-9.5367431640625e-07,True,0.30129480361938477,0.04636430740356445,False,0.37535378336906433,0.30129480361938477,0.04636430740356445,True,10.0,0.04510855674743652
2.0,0.43598413467407227,0.3576645851135254,0.05474209785461426,8.0,0.04830342158675194,0.048247143626213074,-0.011552393436431885,0.0,isaac,hold,0,2,direct,0.5,-0.2,True,True,0.469986230134964,0.008509363047778606,5.477645026985556e-05,-3.403425216674805e-05,True,0.3196992874145508,0.07548213005065918,False,0.4842875301837921,0.3196992874145508,0.07548213005065918,True,10.0,0.04318970441818237
2.000000000000001,0.435140460729599,0.3505265712738037,0.04825782775878906,8.0,0.055677443742752075,0.05566263571381569,-0.013611555099487305,0.0,isaac,hold,0,3,direct,0.5,-0.2,True,True,0.43651387095451355,0.009475178085267544,3.951945109292865e-05,-5.7220458984375e-05,True,0.3101917803287506,0.07384705543518066,False,0.4908178746700287,0.3101917803287506,0.07384705543518066,True,10.000000000000002,0.03464627265930176
2.0,0.44344714283943176,0.32958900928497314,0.10612274706363678,8.0,0.03464348986744881,0.03456564247608185,0.00222092866897583,0.0,isaac,hold,0,4,direct,0.5,-0.2,True,True,0.4125504791736603,0.0068208337761461735,2.5483397621428594e-05,-2.980232238769531e-07,True,0.2959849536418915,0.10837240517139435,False,0.4780905842781067,0.2959849536418915,0.10837240517139435,True,10.0,0.10834367573261261
2.000000000000001,0.39699429273605347,0.2901465594768524,0.1026734709739685,8.0,0.0286557674407959,0.028561459854245186,-0.0002090930938720703,0.0,isaac,hold,0,5,direct,0.5,-0.2,True,True,0.40339213609695435,0.005802440457046032,2.7557875000638887e-05,-1.1920928955078125e-06,True,0.26386263966560364,0.10343778133392334,False,0.425650030374527,0.26386263966560364,0.10343778133392334,True,10.0,0.10246437788009644
2.0,0.3433891534805298,0.24386869370937347,0.12804365158081055,8.0,0.027480144053697586,0.02739369496703148,0.002130270004272461,0.0,isaac,hold,0,6,direct,0.5,-0.2,True,True,0.40236330032348633,0.00568272965028882,3.522765473462641e-05,4.76837158203125e-07,True,0.2165454924106598,0.13867759704589844,False,0.37086930871009827,0.2165454924106598,0.13867759704589844,True,10.0,0.130173921585083
2.000000000000001,0.30291154980659485,0.20132654905319214,0.10841250419616699,7.999999999999999,0.023237591609358788,0.02315087616443634,0.0030733346939086914,0.0,isaac,hold,0,7,direct,0.5,-0.2,True,True,0.4044593572616577,0.006404820363968611,2.883654087781906e-05,5.7220458984375e-06,True,0.17820224165916443,0.12211155891418457,False,0.3261491656303406,0.17820224165916443,0.12211155891418457,True,10.0,0.11148583889007568
2.0,0.24758782982826233,0.16913701593875885,0.0007216930389404297,8.0,0.015648582950234413,0.015589642338454723,-0.0005428791046142578,0.0,isaac,hold,0,8,direct,0.5,-0.2,True,True,0.40429234504699707,0.006436681840568781,3.0195129511412233e-05,4.0531158447265625e-06,True,0.15433482825756073,0.0518190860748291,False,0.2632364332675934,0.15433482825756073,0.0518190860748291,True,10.0,0.00017881393432617188
2.000000000000001,0.6633309721946716,0.5927882194519043,-0.10977375507354736,8.0,0.025006575509905815,0.024777593091130257,0.0052307844161987305,0.0,isaac,hold,0,9,direct,0.5,-0.2,True,False,0.4477761387825012,0.0077630700543522835,0.0010256498353555799,-7.832050323486328e-05,True,0.5734539031982422,0.30885154008865356,False,0.6883375644683838,0.5734539031982422,0.30885154008865356,False,10.0,0.10454297065734863
2.0,0.6083397269248962,0.5374402403831482,-0.12164437770843506,6.540000000000001,0.6922279000282288,0.6768330335617065,-0.23813366889953613,0.0,isaac,hold,0,10,direct,0.5,-0.2,False,False,0.45253366231918335,0.6458077430725098,0.3928561210632324,-0.2178947925567627,False,0.14363618195056915,0.3597780466079712,False,1.300567626953125,0.14363618195056915,0.3597780466079712,False,8.540000000000001,0.3597780466079712
2.000000000000001,0.5286879539489746,0.48472967743873596,0.019913434982299805,5.499999999999999,0.7456238269805908,0.7357401847839355,-0.45128393173217773,0.0,isaac,hold,0,11,direct,0.5,-0.2,False,False,0.4415137767791748,0.6234573721885681,0.5488296151161194,-0.4181039333343506,False,0.2516774833202362,0.43137049674987793,False,1.2743117809295654,0.2516774833202362,0.43137049674987793,False,7.5,0.43137049674987793
2.0,0.573119044303894,0.5086934566497803,-0.08410406112670898,8.0,0.032141320407390594,0.03199087455868721,-0.0033054351806640625,0.0,isaac,hold,0,12,direct,0.5,-0.2,True,True,0.42060256004333496,0.006081525236368179,4.747671482618898e-05,0.0,True,0.47673124074935913,0.11870813369750977,False,0.6052603721618652,0.47673124074935913,0.11870813369750977,True,10.0,0.08740949630737305
2.000000000000001,0.6165659427642822,0.519956648349762,-0.1700735092163086,3.26,0.6763201951980591,0.6696866750717163,-0.45215296745300293,0.0,isaac,hold,0,13,direct,0.5,-0.2,False,False,0.41498538851737976,0.6153006553649902,0.5344401001930237,-0.4406108856201172,False,0.1587938815355301,0.6222264766693115,False,1.2928861379623413,0.1587938815355301,0.6222264766693115,False,5.260000000000001,0.6222264766693115
2.0,0.540281355381012,0.4445655345916748,-0.22781896591186523,8.0,0.07219652831554413,0.07163098454475403,-0.015904903411865234,0.0,isaac,hold,0,14,direct,0.5,-0.2,True,False,0.41937708854675293,0.008596500381827354,0.0010770647786557674,-0.0001246929168701172,True,0.37595969438552856,0.26508212089538574,False,0.6124778985977173,0.37595969438552856,0.26508212089538574,False,10.0,0.24372386932373047
2.000000000000001,0.39321786165237427,0.3856636881828308,-0.026485443115234375,7.999999999999999,0.17332178354263306,0.09968139231204987,0.08724641799926758,0.0,isaac,hold,0,15,direct,0.5,-0.2,True,False,0.4070509970188141,0.006268794648349285,0.0005808463902212679,-1.0967254638671875e-05,False,0.4849840998649597,0.10628318786621094,False,0.5665397047996521,0.4849840998649597,0.10628318786621094,False,10.0,0.0607609748840332
2.0,0.4989706575870514,0.4883570671081543,0.04732060432434082,8.0,0.10705524682998657,0.05612710118293762,0.03739738464355469,0.5,isaac,hold,1,0,direct,0.5,-0.2,True,False,0.40763217210769653,0.005508326925337315,2.4654220396769233e-05,1.6689300537109375e-06,True,0.5431445240974426,0.0869903564453125,False,0.6060259342193604,0.5431445240974426,0.0869903564453125,False,10.0,0.08471798896789551
2.000000000000001,0.3613924980163574,0.31475624442100525,0.04635310173034668,8.0,0.014447279274463654,0.01437495369464159,-0.006258487701416016,0.5,isaac,hold,1,1,direct,0.5,-0.2,True,True,0.4940495789051056,0.006219163537025452,3.482595639070496e-05,-7.152557373046875e-07,True,0.300782710313797,0.04636430740356445,False,0.37583979964256287,0.300782710313797,0.04636430740356445,True,10.0,0.040094614028930664
2.0,0.43598413467407227,0.3576645851135254,0.05474209785461426,8.0,0.04843737185001373,0.04839208349585533,-0.015633106231689453,0.5,isaac,hold,1,2,direct,0.5,-0.2,True,True,0.469986230134964,0.008517183363437653,4.312551754992455e-05,-3.540515899658203e-05,True,0.3194810748100281,0.07548213005065918,False,0.4844215512275696,0.3194810748100281,0.07548213005065918,True,10.0,0.039108991622924805
2.000000000000001,0.435140460729599,0.3505265712738037,0.04825782775878906,8.0,0.055260248482227325,0.055246587842702866,-0.016642093658447266,0.5,isaac,hold,1,3,direct,0.5,-0.2,True,True,0.43651387095451355,0.008798816241323948,3.9017824747134e-05,-4.76837158203125e-05,True,0.31021687388420105,0.07384705543518066,False,0.4904007017612457,0.31021687388420105,0.07384705543518066,True,10.000000000000002,0.0316157341003418
2.0,0.44344714283943176,0.32958900928497314,0.10612274706363678,8.0,0.03561330586671829,0.03554309532046318,-0.01034092903137207,0.5,isaac,hold,1,4,direct,0.5,-0.2,True,True,0.4125504791736603,0.006815357133746147,2.4202892745961435e-05,-8.046627044677734e-07,True,0.29486843943595886,0.10662312805652618,False,0.47906041145324707,0.29486843943595886,0.10662312805652618,True,10.0,0.09578181803226471
2.000000000000001,0.39699429273605347,0.2901465594768524,0.1026734709739685,8.0,0.02944502979516983,0.029364611953496933,-0.0118943452835083,0.5,isaac,hold,1,5,direct,0.5,-0.2,True,True,0.40339213609695435,0.00579490140080452,1.9939150661230087e-05,2.384185791015625e-07,True,0.2628568410873413,0.10288560390472412,False,0.4264393150806427,0.2628568410873413,0.10288560390472412,True,10.0,0.0907791256904602
2.0,0.3433891534805298,0.24386869370937347,0.12804365158081055,8.0,0.029100023210048676,0.02900993824005127,-0.013785362243652344,0.5,isaac,hold,1,6,direct,0.5,-0.2,True,True,0.40236330032348633,0.0056754788383841515,2.8418775400496088e-05,1.9073486328125e-06,True,0.21488986909389496,0.13867759704589844,False,0.37248915433883667,0.21488986909389496,0.13867759704589844,True,10.0,0.1142582893371582
2.000000000000001,0.30291154980659485,0.20132654905319214,0.10841250419616699,7.999999999999999,0.02468246780335903,0.024586640298366547,-0.01031506061553955,0.5,isaac,hold,1,7,direct,0.5,-0.2,True,True,0.4044593572616577,0.006395125295966864,3.96039176848717e-05,2.7418136596679688e-06,True,0.17675113677978516,0.12211155891418457,False,0.3275940418243408,0.17675113677978516,0.12211155891418457,True,10.0,0.09809744358062744
2.0,0.24758782982826233,0.16913701593875885,0.0007216930389404297,8.0,0.015644224360585213,0.015593872405588627,-0.0005671977996826172,0.5,isaac,hold,1,8,direct,0.5,-0.2,True,True,0.40429234504699707,0.006437426898628473,2.7359315936337225e-05,-4.76837158203125e-07,True,0.1543300449848175,0.0518190860748291,False,0.2632320821285248,0.1543300449848175,0.0518190860748291,True,10.0,0.0001544952392578125
2.000000000000001,0.6633309721946716,0.5927882194519043,-0.10977375507354736,8.0,0.02232593484222889,0.02215799130499363,0.01613640785217285,0.5,isaac,hold,1,9,direct,0.5,-0.2,True,False,0.4477761387825012,0.007765887770801783,0.0007150868186727166,3.0517578125e-05,True,0.5752971172332764,0.30885154008865356,False,0.6856569051742554,0.5752971172332764,0.30885154008865356,False,10.0,0.09363734722137451
2.0,0.6083397269248962,0.5374402403831482,-0.12164437770843506,6.380000000000001,0.6656953692436218,0.6505613923072815,-0.20760321617126465,0.5,isaac,hold,1,10,direct,0.5,-0.2,False,False,0.45253366231918335,0.613054633140564,0.35976672172546387,-0.20012331008911133,False,0.1192023977637291,0.3292475938796997,False,1.274035096168518,0.1192023977637291,0.3292475938796997,False,8.38,0.3292475938796997
2.000000000000001,0.5286879539489746,0.48472967743873596,0.019913434982299805,5.499999999999999,0.7539910674095154,0.744187593460083,-0.47196459770202637,0.5,isaac,hold,1,11,direct,0.5,-0.2,False,False,0.4415137767791748,0.6386147141456604,0.5717638731002808,-0.4399755001068115,False,0.2599533498287201,0.45205116271972656,False,1.2826790809631348,0.2599533498287201,0.45205116271972656,False,7.5,0.45205116271972656
2.0,0.573119044303894,0.5086934566497803,-0.08410406112670898,8.0,0.03176964074373245,0.03161918371915817,0.006002902984619141,0.5,isaac,hold,1,12,direct,0.5,-0.2,True,True,0.42060256004333496,0.006091786548495293,4.019021798740141e-05,-8.821487426757812e-06,True,0.4770837724208832,0.11870813369750977,False,0.6048887372016907,0.4770837724208832,0.11870813369750977,True,10.0,0.07810115814208984
2.000000000000001,0.6165659427642822,0.519956648349762,-0.1700735092163086,3.2200000000000006,0.6936225891113281,0.687180757522583,-0.4593987464904785,0.5,isaac,hold,1,13,direct,0.5,-0.2,False,False,0.41498538851737976,0.6421709060668945,0.5630940794944763,-0.4651496410369873,False,0.1759692281484604,0.6294722557067871,False,1.3101885318756104,0.1759692281484604,0.6294722557067871,False,5.2200000000000015,0.6294722557067871
2.0,0.540281355381012,0.4445655345916748,-0.22781896591186523,8.0,0.07398533821105957,0.07336121797561646,0.007318735122680664,0.5,isaac,hold,1,14,direct,0.5,-0.2,True,False,0.41937708854675293,0.008731338195502758,0.0011746074305847287,-0.0002034902572631836,True,0.3747818171977997,0.26508212089538574,False,0.6142666935920715,0.3747818171977997,0.26508212089538574,False,10.0,0.22050023078918457
2.000000000000001,0.39321786165237427,0.3856636881828308,-0.026485443115234375,7.999999999999999,0.1704738289117813,0.10090234875679016,0.09501862525939941,0.5,isaac,hold,1,15,direct,0.5,-0.2,True,False,0.4070509970188141,0.006311432924121618,0.0005192935350351036,7.62939453125e-06,False,0.4862931966781616,0.10628318786621094,False,0.5636917352676392,0.4862931966781616,0.10628318786621094,False,10.0,0.06853318214416504
2.0,0.4989706575870514,0.4883570671081543,0.04732060432434082,8.0,0.10777968168258667,0.05540994182229042,0.028012752532958984,1.0,isaac,hold,2,0,direct,0.5,-0.2,True,False,0.40763217210769653,0.005510622635483742,2.4909712010412477e-05,0.0,True,0.5425552129745483,0.0854644775390625,False,0.6067503094673157,0.5425552129745483,0.0854644775390625,False,10.0,0.0753333568572998
2.000000000000001,0.3613924980163574,0.31475624442100525,0.04635310173034668,8.0,0.014828667975962162,0.014774012379348278,-0.010251283645629883,1.0,isaac,hold,2,1,direct,0.5,-0.2,True,True,0.4940495789051056,0.006229954306036234,3.1135728931985795e-05,-7.152557373046875e-07,True,0.3003597557544708,0.04636430740356445,False,0.3762211799621582,0.3003597557544708,0.04636430740356445,True,10.0,0.0361018180847168
2.0,0.43598413467407227,0.3576645851135254,0.05474209785461426,8.0,0.0485563762485981,0.048498399555683136,-0.018997371196746826,1.0,isaac,hold,2,2,direct,0.5,-0.2,True,True,0.469986230134964,0.008487905375659466,4.9757603846956044e-05,-2.6702880859375e-05,True,0.31931132078170776,0.07548213005065918,False,0.48454049229621887,0.31931132078170776,0.07548213005065918,True,10.0,0.03574472665786743
2.000000000000001,0.435140460729599,0.3505265712738037,0.04825782775878906,8.0,0.05562983453273773,0.05562002211809158,-0.01949334144592285,1.0,isaac,hold,2,3,direct,0.5,-0.2,True,True,0.43651387095451355,0.008911477401852608,3.4805747418431565e-05,-4.029273986816406e-05,True,0.3098311126232147,0.07384705543518066,False,0.49077028036117554,0.3098311126232147,0.07384705543518066,True,10.000000000000002,0.02876448631286621
2.0,0.44344714283943176,0.32958900928497314,0.10612274706363678,8.0,0.03640313819050789,0.036332618445158005,-0.02013188600540161,1.0,isaac,hold,2,4,direct,0.5,-0.2,True,True,0.4125504791736603,0.006825232412666082,2.7501577278599143e-05,-6.258487701416016e-07,True,0.29397082328796387,0.10662312805652618,False,0.4798502027988434,0.29397082328796387,0.10662312805652618,True,10.0,0.08599086105823517
2.000000000000001,0.39699429273605347,0.2901465594768524,0.1026734709739685,8.0,0.030093293637037277,0.030026966705918312,-0.021054387092590332,1.0,isaac,hold,2,5,direct,0.5,-0.2,True,True,0.40339213609695435,0.0058176047168672085,2.593532917671837e-05,4.947185516357422e-06,True,0.2620505690574646,0.10284233093261719,False,0.42708757519721985,0.2620505690574646,0.10284233093261719,True,10.0,0.08161908388137817
2.0,0.3433891534805298,0.24386869370937347,0.12804365158081055,8.0,0.03023361973464489,0.030147923156619072,-0.02578902244567871,1.0,isaac,hold,2,6,direct,0.5,-0.2,True,True,0.40236330032348633,0.00567206647247076,1.833784881455358e-05,2.384185791015625e-06,True,0.21373146772384644,0.13867759704589844,False,0.37362274527549744,0.21373146772384644,0.13867759704589844,True,10.0,0.10225462913513184
2.000000000000001,0.30291154980659485,0.20132654905319214,0.10841250419616699,7.999999999999999,0.025748496875166893,0.02563939243555069,-0.02051246166229248,1.0,isaac,hold,2,7,direct,0.5,-0.2,True,True,0.4044593572616577,0.006383948959410191,3.699559601955116e-05,-5.0067901611328125e-06,True,0.1756904423236847,0.12211155891418457,False,0.3286600410938263,0.1756904423236847,0.12211155891418457,True,10.0,0.08790004253387451
2.0,0.24758782982826233,0.16913701593875885,0.0007216930389404297,8.0,0.015652397647500038,0.015597193501889706,-0.0005829334259033203,1.0,isaac,hold,2,8,direct,0.5,-0.2,True,True,0.40429234504699707,0.006443183869123459,3.285088678239845e-05,-3.5762786865234375e-06,True,0.1543264538049698,0.0518190860748291,False,0.263240247964859,0.1543264538049698,0.0518190860748291,True,10.0,0.00013875961303710938
2.000000000000001,0.6633309721946716,0.5927882194519043,-0.10977375507354736,8.0,0.02174457721412182,0.021439429372549057,0.024656057357788086,1.0,isaac,hold,2,9,direct,0.5,-0.2,True,False,0.4477761387825012,0.007781746797263622,0.0007922815275378525,5.328655242919922e-05,True,0.5757720470428467,0.30885154008865356,False,0.6850756406784058,0.5757720470428467,0.30885154008865356,False,10.0,0.08511769771575928
2.0,0.6083397269248962,0.5374402403831482,-0.12164437770843506,6.300000000000001,0.6737945675849915,0.6587549448013306,-0.19533443450927734,1.0,isaac,hold,2,10,direct,0.5,-0.2,False,False,0.45253366231918335,0.6192105412483215,0.3531205952167511,-0.19856834411621094,False,0.1257908046245575,0.3169788122177124,False,1.2821342945098877,0.1257908046245575,0.3169788122177124,False,8.3,0.3169788122177124
2.000000000000001,0.5286879539489746,0.48472967743873596,0.019913434982299805,5.499999999999999,0.7603846192359924,0.7506624460220337,-0.47654080390930176,1.0,isaac,hold,2,11,direct,0.5,-0.2,False,False,0.4415137767791748,0.6478738188743591,0.5821930766105652,-0.44542837142944336,False,0.26639503240585327,0.45662736892700195,False,1.2890726327896118,0.26639503240585327,0.45662736892700195,False,7.5,0.45662736892700195
2.0,0.573119044303894,0.5086934566497803,-0.08410406112670898,8.0,0.03158535435795784,0.03138575702905655,0.013495206832885742,1.0,isaac,hold,2,12,direct,0.5,-0.2,True,True,0.42060256004333496,0.006081703118979931,3.7095294828759506e-05,-3.0994415283203125e-06,True,0.47730931639671326,0.11870813369750977,False,0.6047044396400452,0.47730931639671326,0.11870813369750977,True,10.0,0.07060885429382324
2.000000000000001,0.6165659427642822,0.519956648349762,-0.1700735092163086,3.1799999999999997,0.6977746486663818,0.6916574239730835,-0.4761981964111328,1.0,isaac,hold,2,13,direct,0.5,-0.2,False,False,0.41498538851737976,0.6483470797538757,0.5969652533531189,-0.49639892578125,False,0.1809726506471634,0.6462717056274414,False,1.3143404722213745,0.1809726506471634,0.6462717056274414,False,5.180000000000001,0.6462717056274414
2.0,0.540281355381012,0.4445655345916748,-0.22781896591186523,8.0,0.0754251480102539,0.07474242895841599,0.026465773582458496,1.0,isaac,hold,2,14,direct,0.5,-0.2,True,False,0.41937708854675293,0.008766436018049717,0.0010290647624060512,-0.00020253658294677734,True,0.3738187253475189,0.26508212089538574,False,0.6157064437866211,0.3738187253475189,0.26508212089538574,False,10.0,0.20135319232940674
2.000000000000001,0.39321786165237427,0.3856636881828308,-0.026485443115234375,7.999999999999999,0.16504397988319397,0.09917061030864716,0.07584357261657715,1.0,isaac,hold,2,15,direct,0.5,-0.2,True,False,0.4070509970188141,0.0060704052448272705,0.00012169156252639368,8.106231689453125e-06,False,0.48418840765953064,0.10628318786621094,False,0.5582618117332458,0.48418840765953064,0.10628318786621094,False,10.0,0.04935812950134277
2.0,0.3600594997406006,0.24800315499305725,0.029144287109375,8.0,0.10851173102855682,0.10711529850959778,-0.026364564895629883,0.0,isaac,hold,3,0,direct,0.5,0.0,True,True,0.40813836455345154,0.008669967763125896,0.0008212398388423026,-0.0013788938522338867,True,0.14791885018348694,0.08905065059661865,False,0.4685712158679962,0.14791885018348694,0.08905065059661865,True,10.0,0.002779722213745117
2.000000000000001,0.3796011507511139,0.3401651084423065,0.0827949047088623,8.0,0.009894275106489658,0.009771670214831829,6.937980651855469e-05,0.0,isaac,hold,3,1,direct,0.5,0.0,True,True,0.49139603972435,0.006898487918078899,4.979824007023126e-05,3.0994415283203125e-06,True,0.33041712641716003,0.08438968658447266,False,0.3894954323768616,0.33041712641716003,0.08438968658447266,True,10.0,0.08286428451538086
2.0,0.4200783669948578,0.3413979709148407,0.10574209690093994,8.0,0.0396844819188118,0.03954029455780983,-0.008399367332458496,0.0,isaac,hold,3,2,direct,0.5,0.0,True,True,0.47052934765815735,0.008057490922510624,0.0006554699502885342,-5.5670738220214844e-05,True,0.3086448311805725,0.10609984397888184,False,0.459762841463089,0.3086448311805725,0.10609984397888184,True,10.0,0.09734272956848145
2.000000000000001,0.4412544369697571,0.34173816442489624,0.05567312240600586,8.0,0.04134095460176468,0.04130508378148079,-0.006670951843261719,0.0,isaac,hold,3,3,direct,0.5,0.0,True,True,0.4401111602783203,0.00707083148881793,2.5162609745166264e-05,-1.4781951904296875e-05,True,0.30812227725982666,0.05991983413696289,False,0.48259541392326355,0.30812227725982666,0.05991983413696289,True,10.000000000000002,0.04900217056274414
2.0,0.4605797529220581,0.3539322018623352,0.15272611379623413,8.0,0.038427095860242844,0.03826984763145447,0.004581272602081299,0.0,isaac,hold,3,4,direct,0.5,0.0,True,True,0.413720041513443,0.005755793768912554,2.847442010533996e-05,-2.384185791015625e-07,True,0.3157441318035126,0.15731096267700195,False,0.49900689721107483,0.3157441318035126,0.15731096267700195,True,10.0,0.15730738639831543
2.000000000000001,0.4136601388454437,0.3403674364089966,0.19038784503936768,8.0,0.0380837507545948,0.03783215209841728,0.0019217729568481445,0.0,isaac,hold,3,5,direct,0.5,0.0,True,True,0.4022965729236603,0.005883883219212294,0.0003862499142996967,3.0994415283203125e-05,True,0.30396631360054016,0.1923208236694336,False,0.45174387097358704,0.30396631360054016,0.1923208236694336,True,10.0,0.19230961799621582
2.0,0.365441232919693,0.2715912163257599,0.1731879711151123,8.0,0.039095401763916016,0.038811538368463516,0.00214385986328125,0.0,isaac,hold,3,6,direct,0.5,0.0,True,True,0.40201500058174133,0.006110362242907286,3.8491391023853794e-05,9.059906005859375e-06,True,0.2330118715763092,0.18683934211730957,False,0.4045366644859314,0.2330118715763092,0.18683934211730957,True,10.0,0.17533183097839355
2.000000000000001,0.32846447825431824,0.2355802208185196,0.17162871360778809,7.999999999999999,0.04065348207950592,0.04048949107527733,0.003160238265991211,0.0,isaac,hold,3,7,direct,0.5,0.0,True,True,0.4030483663082123,0.005626368336379528,3.482595639070496e-05,2.4318695068359375e-05,True,0.19590061902999878,0.18863320350646973,False,0.36911797523498535,0.19590061902999878,0.18863320350646973,True,10.0,0.1747889518737793
2.0,0.25905492901802063,0.16067706048488617,0.04862093925476074,8.0,0.017629548907279968,0.017554933205246925,0.0004088878631591797,0.0,isaac,hold,3,8,direct,0.5,0.0,True,True,0.4023248553276062,0.006668327376246452,2.8195099730510265e-05,2.6226043701171875e-06,True,0.14357708394527435,0.05410146713256836,False,0.2766844928264618,0.14357708394527435,0.05410146713256836,True,10.0,0.04902982711791992
2.000000000000001,0.6232134699821472,0.569938063621521,-0.0205233097076416,8.0,0.021740110591053963,0.021663397550582886,0.006057262420654297,0.0,isaac,hold,3,9,direct,0.5,0.0,True,False,0.4619836211204529,0.0068422784097492695,2.023466004175134e-05,4.76837158203125e-06,True,0.5518091917037964,0.1780991554260254,False,0.6449535489082336,0.5518091917037964,0.1780991554260254,False,10.0,0.014466047286987305
2.0,0.6489697098731995,0.5958622694015503,-0.08270996809005737,8.0,0.0403585284948349,0.040058959275484085,-0.006863951683044434,0.0,isaac,hold,3,10,direct,0.5,0.0,True,False,0.4615010917186737,0.007224388886243105,1.5460165741387755e-05,1.4007091522216797e-05,True,0.5563552975654602,0.12472403049468994,False,0.6893283128738403,0.5563552975654602,0.12472403049468994,False,10.0,0.0895739197731018
2.000000000000001,0.5469964146614075,0.4539521038532257,0.030698180198669434,7.999999999999999,0.10690248757600784,0.10531482100486755,-0.02377021312713623,0.0,isaac,hold,3,11,direct,0.5,0.0,True,True,0.4422875642776489,0.009092180989682674,0.001199917052872479,-0.0008643865585327148,True,0.3509959578514099,0.1445886492729187,False,0.6538988351821899,0.3509959578514099,0.1445886492729187,True,10.0,0.006927967071533203
2.0,0.5766708850860596,0.5194389224052429,-0.02601468563079834,8.0,0.025277987122535706,0.025157064199447632,-0.001270294189453125,0.0,isaac,hold,3,12,direct,0.5,0.0,True,True,0.4222273528575897,0.007102604489773512,3.613947774283588e-05,4.76837158203125e-07,True,0.4946041703224182,0.13820862770080566,False,0.6019488573074341,0.4946041703224182,0.13820862770080566,True,10.0,0.027284979820251465
2.000000000000001,0.5742907524108887,0.4813001751899719,-0.03224062919616699,4.199999999999999,0.7029047012329102,0.6977834701538086,-0.47548985481262207,0.0,isaac,hold,3,13,direct,0.5,0.0,False,False,0.4178679287433624,0.654256284236908,0.5677683353424072,-0.45273756980895996,False,0.22035063803195953,0.5077304840087891,False,1.2771954536437988,0.22035063803195953,0.5077304840087891,False,6.2,0.5077304840087891
2.0,0.513880729675293,0.429092139005661,-0.0849699079990387,4.1,0.7114287614822388,0.7045257091522217,-0.45419690012931824,0.0,isaac,hold,3,14,direct,0.5,0.0,False,False,0.42003780603408813,0.6265624165534973,0.5497462749481201,-0.43621671199798584,False,0.2758845388889313,0.5391668081283569,False,1.2253096103668213,0.2758845388889313,0.5391668081283569,False,6.1,0.5391668081283569
2.000000000000001,0.35977432131767273,0.2517281472682953,0.028534889221191406,7.999999999999999,0.11918794363737106,0.11753636598587036,-0.029600858688354492,0.0,isaac,hold,3,15,direct,0.5,0.0,True,True,0.40811142325401306,0.008807152509689331,0.0009618869516998529,-0.001657247543334961,True,0.14227783679962158,0.08942890167236328,False,0.478962242603302,0.14227783679962158,0.08942890167236328,True,10.0,0.001065969467163086
2.0,0.3600594997406006,0.24800315499305725,0.029144287109375,8.0,0.10847359895706177,0.10707034915685654,-0.026633739471435547,0.5,isaac,hold,4,0,direct,0.5,0.0,True,True,0.40813836455345154,0.008648118935525417,0.0006875214166939259,-0.0011914968490600586,True,0.14795078337192535,0.08905065059661865,False,0.46853309869766235,0.14795078337192535,0.08905065059661865,True,10.0,0.002510547637939453
2.000000000000001,0.3796011507511139,0.3401651084423065,0.0827949047088623,8.0,0.01097172126173973,0.010837042704224586,-0.009585142135620117,0.5,isaac,hold,4,1,direct,0.5,0.0,True,True,0.49139603972435,0.00691177835687995,4.933696982334368e-05,6.794929504394531e-06,True,0.3293386399745941,0.08438968658447266,False,0.3905729055404663,0.3293386399745941,0.08438968658447266,True,10.0,0.07320976257324219
2.0,0.4200783669948578,0.3413979709148407,0.10574209690093994,8.0,0.04007222503423691,0.039955515414476395,-0.01781439781188965,0.5,isaac,hold,4,2,direct,0.5,0.0,True,True,0.47052934765815735,0.008062309585511684,0.0004984945408068597,-7.069110870361328e-05,True,0.30804792046546936,0.10609984397888184,False,0.4601505696773529,0.30804792046546936,0.10609984397888184,True,10.0,0.08792769908905029
2.000000000000001,0.4412544369697571,0.34173816442489624,0.05567312240600586,8.0,0.041576482355594635,0.0415315218269825,-0.011518478393554688,0.5,isaac,hold,4,3,direct,0.5,0.0,True,True,0.4401111602783203,0.007068819832056761,2.2878148229210638e-05,-1.0013580322265625e-05,True,0.3077932298183441,0.05991983413696289,False,0.4828309416770935,0.3077932298183441,0.05991983413696289,True,10.000000000000002,0.04415464401245117
2.0,0.4605797529220581,0.3539322018623352,0.15272611379623413,8.0,0.04044496640563011,0.04026484489440918,-0.014664709568023682,0.5,isaac,hold,4,4,direct,0.5,0.0,True,True,0.413720041513443,0.005752355791628361,2.9287399229360744e-05,1.1920928955078125e-06,True,0.3138198256492615,0.15319913625717163,False,0.5010247826576233,0.3138198256492615,0.15319913625717163,True,10.0,0.13806140422821045
2.000000000000001,0.4136601388454437,0.3403674364089966,0.19038784503936768,8.0,0.04112143814563751,0.04084484651684761,-0.022326231002807617,0.5,isaac,hold,4,5,direct,0.5,0.0,True,True,0.4022965729236603,0.005776426289230585,0.0003304359270259738,0.0001055002212524414,True,0.30128782987594604,0.1904289722442627,False,0.45478156208992004,0.30128782987594604,0.1904289722442627,True,10.0,0.16806161403656006
2.0,0.365441232919693,0.2715912163257599,0.1731879711151123,8.0,0.04187436029314995,0.04155059903860092,-0.019565105438232422,0.5,isaac,hold,4,6,direct,0.5,0.0,True,True,0.40201500058174133,0.006061373744159937,2.5134635507129133e-05,2.6941299438476562e-05,True,0.23043397068977356,0.18683934211730957,False,0.40731561183929443,0.23043397068977356,0.18683934211730957,True,10.0,0.15362286567687988
2.000000000000001,0.32846447825431824,0.2355802208185196,0.17162871360778809,7.999999999999999,0.04386959597468376,0.04368029534816742,-0.018146276473999023,0.5,isaac,hold,4,7,direct,0.5,0.0,True,True,0.4030483663082123,0.00568396644666791,4.5059106923872605e-05,5.1975250244140625e-05,True,0.193013533949852,0.18863320350646973,False,0.3723340630531311,0.193013533949852,0.18863320350646973,True,10.0,0.15348243713378906
2.0,0.25905492901802063,0.16067706048488617,0.04862093925476074,8.0,0.018200766295194626,0.01814032904803753,-0.005335330963134766,0.5,isaac,hold,4,8,direct,0.5,0.0,True,True,0.4023248553276062,0.0066793011501431465,3.151750206598081e-05,-1.6689300537109375e-06,True,0.1429649144411087,0.05410146713256836,False,0.277255654335022,0.1429649144411087,0.05410146713256836,True,10.0,0.04328560829162598
2.000000000000001,0.6232134699821472,0.569938063621521,-0.0205233097076416,8.0,0.02192511595785618,0.02185101807117462,0.007187843322753906,0.5,isaac,hold,4,9,direct,0.5,0.0,True,False,0.4619836211204529,0.007042397279292345,3.103955168626271e-05,-2.9802322387695312e-06,True,0.5515974164009094,0.1780991554260254,False,0.6451385617256165,0.5515974164009094,0.1780991554260254,False,10.0,0.013335466384887695
2.0,0.6489697098731995,0.5958622694015503,-0.08270996809005737,8.0,0.039984650909900665,0.03990043327212334,0.0022134780883789062,0.5,isaac,hold,4,10,direct,0.5,0.0,True,False,0.4615010917186737,0.0071802688762545586,2.4098662834148854e-05,-3.4570693969726562e-06,True,0.5566142201423645,0.12472403049468994,False,0.6889543533325195,0.5566142201423645,0.12472403049468994,False,10.0,0.08049649000167847
2.000000000000001,0.5469964146614075,0.4539521038532257,0.030698180198669434,7.999999999999999,0.10699813067913055,0.10538829118013382,-0.02446126937866211,0.5,isaac,hold,4,11,direct,0.5,0.0,True,True,0.4422875642776489,0.009138679131865501,0.001333272666670382,-0.0008311271667480469,True,0.3509186804294586,0.1445886492729187,False,0.6539945602416992,0.3509186804294586,0.1445886492729187,True,10.0,0.006236910820007324
2.0,0.5766708850860596,0.5194389224052429,-0.02601468563079834,8.0,0.025063063949346542,0.02492620423436165,0.0018186569213867188,0.5,isaac,hold,4,12,direct,0.5,0.0,True,True,0.4222273528575897,0.007096500135958195,3.398763874429278e-05,-2.5033950805664062e-06,True,0.49480608105659485,0.13820862770080566,False,0.601733922958374,0.49480608105659485,0.13820862770080566,True,10.0,0.02419602870941162
2.000000000000001,0.5742907524108887,0.4813001751899719,-0.03224062919616699,4.16,0.7047121524810791,0.6994540691375732,-0.47128987312316895,0.5,isaac,hold,4,13,direct,0.5,0.0,False,False,0.4178679287433624,0.6569601893424988,0.5701276659965515,-0.45395970344543457,False,0.22185495495796204,0.5035305023193359,False,1.2790029048919678,0.22185495495796204,0.5035305023193359,False,6.160000000000001,0.5035305023193359
2.0,0.513880729675293,0.429092139005661,-0.0849699079990387,4.0600000000000005,0.7218768000602722,0.7151963114738464,-0.4805773198604584,0.5,isaac,hold,4,14,direct,0.5,0.0,False,False,0.42003780603408813,0.6423295736312866,0.5867992043495178,-0.47265756130218506,False,0.286724716424942,0.5655472278594971,False,1.2357573509216309,0.286724716424942,0.5655472278594971,False,6.0600000000000005,0.5655472278594971
2.000000000000001,0.35977432131767273,0.2517281472682953,0.028534889221191406,7.999999999999999,0.11915048211812973,0.11749240756034851,-0.029479265213012695,0.5,isaac,hold,4,15,direct,0.5,0.0,True,True,0.40811142325401306,0.008818753063678741,0.000838727573864162,-0.0014119148254394531,True,0.14232110977172852,0.08942890167236328,False,0.47892481088638306,0.14232110977172852,0.08942890167236328,True,10.0,0.0009443759918212891
2.0,0.3600594997406006,0.24800315499305725,0.029144287109375,8.0,0.10845301300287247,0.10703537613153458,-0.02683258056640625,1.0,isaac,hold,5,0,direct,0.5,0.0,True,True,0.40813836455345154,0.008637809194624424,0.0006392854847945273,-0.0010578632354736328,True,0.14798039197921753,0.08905065059661865,False,0.46851250529289246,0.14798039197921753,0.08905065059661865,True,10.0,0.00231170654296875
2.000000000000001,0.3796011507511139,0.3401651084423065,0.0827949047088623,8.0,0.011812007054686546,0.011694938875734806,-0.017092227935791016,1.0,isaac,hold,5,1,direct,0.5,0.0,True,True,0.49139603972435,0.006950309965759516,5.689631507266313e-05,-2.86102294921875e-06,True,0.3284740746021271,0.08438968658447266,False,0.3914131820201874,0.3284740746021271,0.08438968658447266,True,10.0,0.06570267677307129
2.0,0.4200783669948578,0.3413979709148407,0.10574209690093994,8.0,0.04054300859570503,0.04046199843287468,-0.025553464889526367,1.0,isaac,hold,5,2,direct,0.5,0.0,True,True,0.47052934765815735,0.008071579039096832,0.0005032350891269743,1.0728836059570312e-05,True,0.3074270188808441,0.10609984397888184,False,0.4606213867664337,0.3074270188808441,0.10609984397888184,True,10.0,0.08018863201141357
2.000000000000001,0.4412544369697571,0.34173816442489624,0.05567312240600586,8.0,0.041792888194322586,0.041745223104953766,-0.015487194061279297,1.0,isaac,hold,5,3,direct,0.5,0.0,True,True,0.4401111602783203,0.007079827133566141,2.4625669539091177e-05,-3.814697265625e-06,True,0.30750277638435364,0.05991983413696289,False,0.48304736614227295,0.30750277638435364,0.05991983413696289,True,10.000000000000002,0.04018592834472656
2.0,0.4605797529220581,0.3539322018623352,0.15272611379623413,8.0,0.0418454073369503,0.04163466766476631,-0.029074132442474365,1.0,isaac,hold,5,4,direct,0.5,0.0,True,True,0.413720041513443,0.005748102441430092,3.0396864531212486e-05,1.0132789611816406e-06,True,0.31252577900886536,0.1530938744544983,False,0.5024251937866211,0.31252577900886536,0.1530938744544983,True,10.0,0.12365198135375977
2.000000000000001,0.4136601388454437,0.3403674364089966,0.19038784503936768,8.0,0.043367091566324234,0.04302297160029411,-0.040177226066589355,1.0,isaac,hold,5,5,direct,0.5,0.0,True,False,0.4022965729236603,0.005676077678799629,0.0002881720429286361,0.0001819133758544922,False,0.29941901564598083,0.1904289722442627,False,0.45702725648880005,0.29941901564598083,0.1904289722442627,False,10.0,0.15021061897277832
2.0,0.365441232919693,0.2715912163257599,0.1731879711151123,8.0,0.04389594495296478,0.04351823031902313,-0.03568267822265625,1.0,isaac,hold,5,6,direct,0.5,0.0,True,False,0.40201500058174133,0.0060063982382416725,3.3381973480572924e-05,4.1484832763671875e-05,False,0.2286342829465866,0.18683934211730957,False,0.40933719277381897,0.2286342829465866,0.18683934211730957,False,10.0,0.13750529289245605
2.000000000000001,0.32846447825431824,0.2355802208185196,0.17162871360778809,7.999999999999999,0.04580096900463104,0.04557795077562332,-0.033887624740600586,1.0,isaac,hold,5,7,direct,0.5,0.0,True,False,0.4030483663082123,0.0055311587639153,5.60899825359229e-05,8.106231689453125e-05,False,0.1913975328207016,0.18863320350646973,False,0.3742654621601105,0.1913975328207016,0.18863320350646973,False,10.0,0.1377410888671875
2.0,0.25905492901802063,0.16067706048488617,0.04862093925476074,8.0,0.018678387627005577,0.018604084849357605,-0.00983572006225586,1.0,isaac,hold,5,8,direct,0.5,0.0,True,True,0.4023248553276062,0.006680534686893225,3.151750206598081e-05,-3.814697265625e-06,True,0.14247870445251465,0.05410146713256836,False,0.2777332663536072,0.14247870445251465,0.05410146713256836,True,10.0,0.03878521919250488
2.000000000000001,0.6232134699821472,0.569938063621521,-0.0205233097076416,8.0,0.021412523463368416,0.02131872996687889,0.008811473846435547,1.0,isaac,hold,5,9,direct,0.5,0.0,True,False,0.4619836211204529,0.006833139806985855,2.1077597921248525e-05,1.5497207641601562e-06,True,0.5520485639572144,0.1780991554260254,False,0.6446260213851929,0.5520485639572144,0.1780991554260254,False,10.0,0.011711835861206055
2.0,0.6489697098731995,0.5958622694015503,-0.08270996809005737,8.0,0.03994345664978027,0.039845068007707596,0.009596586227416992,1.0,isaac,hold,5,10,direct,0.5,0.0,True,False,0.4615010917186737,0.007172476965934038,2.8146714612375945e-05,-5.125999450683594e-06,True,0.556754469871521,0.12472403049468994,False,0.6889131665229797,0.556754469871521,0.12472403049468994,False,10.0,0.07311338186264038
2.000000000000001,0.5469964146614075,0.4539521038532257,0.030698180198669434,7.999999999999999,0.1070583164691925,0.1054442971944809,-0.024805068969726562,1.0,isaac,hold,5,11,direct,0.5,0.0,True,True,0.4422875642776489,0.009101257659494877,0.0012753953924402595,-0.0007073879241943359,True,0.3508635461330414,0.1445886492729187,False,0.6540547609329224,0.3508635461330414,0.1445886492729187,True,10.0,0.005893111228942871
2.0,0.5766708850860596,0.5194389224052429,-0.02601468563079834,8.0,0.024916881695389748,0.024743201211094856,0.004281044006347656,1.0,isaac,hold,5,12,direct,0.5,0.0,True,True,0.4222273528575897,0.007085257675498724,3.480069790384732e-05,2.2649765014648438e-06,True,0.49496665596961975,0.13820862770080566,False,0.60158771276474,0.49496665596961975,0.13820862770080566,True,10.0,0.021733641624450684
2.000000000000001,0.5742907524108887,0.4813001751899719,-0.03224062919616699,4.119999999999999,0.6941706538200378,0.6889018416404724,-0.4475979804992676,1.0,isaac,hold,5,13,direct,0.5,0.0,False,False,0.4178679287433624,0.6400691270828247,0.5527275800704956,-0.43485379219055176,False,0.2117619812488556,0.47983860969543457,False,1.2684614658355713,0.2117619812488556,0.47983860969543457,False,6.12,0.47983860969543457
2.0,0.513880729675293,0.429092139005661,-0.0849699079990387,4.02,0.7176918387413025,0.7110803723335266,-0.4620608985424042,1.0,isaac,hold,5,14,direct,0.5,0.0,False,False,0.42003780603408813,0.635696291923523,0.582645058631897,-0.4624641239643097,False,0.2826729118824005,0.5470308065414429,False,1.2315725088119507,0.2826729118824005,0.5470308065414429,False,6.02,0.5470308065414429
2.000000000000001,0.35977432131767273,0.2517281472682953,0.028534889221191406,7.999999999999999,0.11971896886825562,0.11803967505693436,-0.029814481735229492,1.0,isaac,hold,5,15,direct,0.5,0.0,True,True,0.40811142325401306,0.008883425034582615,0.0009552545379847288,-0.0016791820526123047,True,0.14188100397586823,0.08942890167236328,False,0.47949326038360596,0.14188100397586823,0.08942890167236328,True,10.0,0.001279592514038086
2.0,0.316491961479187,0.25072020292282104,0.14729046821594238,8.0,0.015714013949036598,0.0156257264316082,-0.0005699396133422852,0.0,isaac,hold,6,0,direct,0.5,0.2,True,True,0.4968346953392029,0.006797886919230223,4.210927363601513e-05,-1.3113021850585938e-06,True,0.23551851511001587,0.14744317531585693,False,0.3322059214115143,0.23551851511001587,0.14744317531585693,True,10.0,0.1467205286026001
2.000000000000001,0.431668758392334,0.3415675759315491,0.09851455688476562,8.0,0.03917347639799118,0.03898576274514198,-0.007165193557739258,0.0,isaac,hold,6,1,direct,0.5,0.2,True,True,0.476813942193985,0.007739522494375706,0.0004375804855953902,3.039836883544922e-06,True,0.309032142162323,0.09856373071670532,False,0.47084224224090576,0.309032142162323,0.09856373071670532,True,10.0,0.09134936332702637
2.0,0.4598354995250702,0.374098002910614,0.2074350118637085,8.0,0.03734094277024269,0.036999087780714035,0.002559185028076172,0.0,isaac,hold,6,2,direct,0.5,0.2,True,False,0.406722754240036,0.005641654133796692,0.00025765440659597516,-8.106231689453125e-06,True,0.33770760893821716,0.21006619930267334,False,0.4971764087677002,0.33770760893821716,0.21006619930267334,False,10.0,0.20999419689178467
2.000000000000001,0.4725702702999115,0.3933468759059906,0.21543633937835693,8.0,0.03094463236629963,0.03072173148393631,0.0025800466537475586,0.0,isaac,hold,6,3,direct,0.5,0.2,True,False,0.41971907019615173,0.0061393557116389275,2.476809822837822e-05,3.0994415283203125e-06,True,0.3628331124782562,0.2180185317993164,False,0.5035148859024048,0.3628331124782562,0.2180185317993164,False,10.000000000000002,0.2180163860321045
2.0,0.4434502422809601,0.3727305233478546,0.25692105293273926,8.0,0.0550086572766304,0.054142504930496216,-0.009836316108703613,0.0,isaac,hold,6,4,direct,0.5,0.2,True,False,0.39890724420547485,0.005527516361325979,0.0005270967376418412,-5.9604644775390625e-06,True,0.31947576999664307,0.27152132987976074,False,0.4984588921070099,0.31947576999664307,0.27152132987976074,False,10.0,0.24708473682403564
2.000000000000001,0.4702814817428589,0.45815742015838623,0.5382734537124634,8.0,0.07968165725469589,0.07855397462844849,-0.022034406661987305,0.0,isaac,hold,6,5,direct,0.5,0.2,True,False,0.405788391828537,0.005224372260272503,0.00011503468704177067,4.5299530029296875e-06,True,0.3822161555290222,0.5623151063919067,False,0.549963116645813,0.3822161555290222,0.5623151063919067,False,10.0,0.5162390470504761
2.0,0.3466414511203766,0.26685336232185364,0.24308276176452637,8.0,0.0668661817908287,0.06622639298439026,-0.0048100948333740234,0.0,isaac,hold,6,6,direct,0.5,0.2,True,False,0.40454789996147156,0.00519572664052248,0.00012484756007324904,0.00023484230041503906,True,0.20303136110305786,0.2651865482330322,False,0.4135076105594635,0.20303136110305786,0.2651865482330322,False,10.0,0.23827266693115234
2.000000000000001,0.3065968155860901,0.1879396289587021,0.11348390579223633,7.999999999999999,0.025067651644349098,0.02498643845319748,0.001882314682006836,0.0,isaac,hold,6,7,direct,0.5,0.2,True,True,0.41264399886131287,0.0060232640244066715,2.8665255740634166e-05,-7.152557373046875e-07,True,0.16313453018665314,0.12069582939147949,False,0.331664502620697,0.16313453018665314,0.12069582939147949,True,10.0,0.11536622047424316
2.0,0.489219069480896,0.43163371086120605,-0.04086661338806152,8.0,0.017898475751280785,0.017763063311576843,0.0007328987121582031,0.0,isaac,hold,6,8,direct,0.5,0.2,True,True,0.49817919731140137,0.005873685237020254,3.9107871998567134e-05,-7.152557373046875e-07,True,0.41594043374061584,0.15265750885009766,False,0.507117509841919,0.41594043374061584,0.15265750885009766,True,10.0,0.04013371467590332
2.000000000000001,0.4965193569660187,0.4491734802722931,0.09296321868896484,8.0,0.016132237389683723,0.01608075387775898,0.001558065414428711,0.0,isaac,hold,6,9,direct,0.5,0.2,True,True,0.4953139126300812,0.006191215943545103,2.0681698515545577e-05,-1.1920928955078125e-06,True,0.4349135458469391,0.12051153182983398,False,0.5126516222953796,0.4349135458469391,0.12051153182983398,True,10.0,0.09452128410339355
2.0,0.5490542054176331,0.4554680287837982,0.06885308027267456,8.0,0.0743851289153099,0.07363124936819077,-0.015589132905006409,0.0,isaac,hold,6,10,direct,0.5,0.2,True,True,0.4475758969783783,0.008512377738952637,0.0009684698889032006,-0.00028662383556365967,True,0.3832836449146271,0.1742452085018158,False,0.6234393119812012,0.3832836449146271,0.1742452085018158,True,10.0,0.05326394736766815
2.000000000000001,0.5742235779762268,0.5216024518013,0.015459567308425903,7.999999999999999,0.020508330315351486,0.020475100725889206,0.0003782212734222412,0.0,isaac,hold,6,11,direct,0.5,0.2,True,False,0.43068453669548035,0.005996995139867067,1.4655704944743775e-05,4.76837158203125e-07,True,0.5022100210189819,0.1519833505153656,False,0.5947319865226746,0.5022100210189819,0.1519833505153656,False,10.0,0.015837788581848145
2.0,0.5754697918891907,0.5197064280509949,0.026408016681671143,8.0,0.022982677444815636,0.022880252450704575,-0.0006244778633117676,0.0,isaac,hold,6,12,direct,0.5,0.2,True,True,0.4307660758495331,0.005851488560438156,4.6792003558948636e-05,-1.3113021850585938e-06,True,0.4974234104156494,0.15329772233963013,False,0.5984525084495544,0.4974234104156494,0.15329772233963013,True,10.0,0.025783538818359375
2.000000000000001,0.5681813359260559,0.4779708981513977,0.011209487915039062,8.0,0.08707014471292496,0.0863378494977951,-0.0234830379486084,0.0,isaac,hold,6,13,direct,0.5,0.2,True,True,0.42702487111091614,0.009407518431544304,0.001207838417030871,-0.0006477832794189453,True,0.3937736451625824,0.12415885925292969,False,0.6552515029907227,0.3937736451625824,0.12415885925292969,True,10.0,0.012273550033569336
2.0,0.34972384572029114,0.23460040986537933,0.06567928194999695,8.0,0.05316469073295593,0.05270751938223839,-0.01130184531211853,0.0,isaac,hold,6,14,direct,0.5,0.2,True,True,0.416459858417511,0.008186208084225655,0.000353919604094699,-0.00010675191879272461,True,0.1832929104566574,0.09899228811264038,False,0.4028885066509247,0.1832929104566574,0.09899228811264038,True,10.0,0.05437743663787842
2.000000000000001,0.3962932229042053,0.35854828357696533,0.15053021907806396,7.999999999999999,0.00967338401824236,0.009556987322866917,0.0004916191101074219,0.0,isaac,hold,6,15,direct,0.5,0.2,True,True,0.4924001693725586,0.006297505460679531,4.346977948443964e-05,1.430511474609375e-06,True,0.3490104377269745,0.15102505683898926,False,0.405966579914093,0.3490104377269745,0.15102505683898926,True,10.0,0.1510218381881714
2.0,0.316491961479187,0.25072020292282104,0.14729046821594238,8.0,0.017379889264702797,0.01728266105055809,-0.017029881477355957,0.5,isaac,hold,7,0,direct,0.5,0.2,True,True,0.4968346953392029,0.006826839875429869,4.208002792438492e-05,-3.5762786865234375e-07,True,0.23378296196460724,0.1473379135131836,False,0.33387184143066406,0.23378296196460724,0.1473379135131836,True,10.0,0.13026058673858643
2.000000000000001,0.431668758392334,0.3415675759315491,0.09851455688476562,8.0,0.03962980583310127,0.03942548483610153,-0.016147911548614502,0.5,isaac,hold,7,1,direct,0.5,0.2,True,True,0.476813942193985,0.007739224936813116,0.00043219258077442646,1.233816146850586e-05,True,0.3084334135055542,0.09856373071670532,False,0.47129857540130615,0.3084334135055542,0.09856373071670532,True,10.0,0.08236664533615112
2.0,0.4598354995250702,0.374098002910614,0.2074350118637085,8.0,0.03987608104944229,0.039570484310388565,-0.024274110794067383,0.5,isaac,hold,7,2,direct,0.5,0.2,True,False,0.406722754240036,0.005637155845761299,0.0002775425382424146,1.6689300537109375e-06,True,0.3352944552898407,0.2078021764755249,False,0.4997115433216095,0.3352944552898407,0.2078021764755249,False,10.0,0.1831609010696411
2.000000000000001,0.4725702702999115,0.3933468759059906,0.21543633937835693,8.0,0.033535927534103394,0.03329411894083023,-0.02501356601715088,0.5,isaac,hold,7,3,direct,0.5,0.2,True,False,0.41971907019615173,0.006085043773055077,3.0119314033072442e-05,2.1457672119140625e-06,True,0.36038216948509216,0.21557533740997314,False,0.5061061978340149,0.36038216948509216,0.21557533740997314,False,10.000000000000002,0.19042277336120605
2.0,0.4434502422809601,0.3727305233478546,0.25692105293273926,8.0,0.05883322283625603,0.05761193484067917,-0.04250514507293701,0.5,isaac,hold,7,4,direct,0.5,0.2,True,False,0.39890724420547485,0.005367283243685961,0.0003893492976203561,0.00035583972930908203,True,0.31626710295677185,0.27152132987976074,False,0.5022834539413452,0.31626710295677185,0.27152132987976074,False,10.0,0.21441590785980225
2.000000000000001,0.4702814817428589,0.45815742015838623,0.5382734537124634,8.0,0.08694671839475632,0.08406782150268555,-0.07631039619445801,0.5,isaac,hold,7,5,direct,0.5,0.2,True,False,0.405788391828537,0.005459422245621681,9.023523307405412e-05,0.0001571178436279297,True,0.37903404235839844,0.5623151063919067,False,0.5572282075881958,0.37903404235839844,0.5623151063919067,False,10.0,0.46196305751800537
2.0,0.3466414511203766,0.26685336232185364,0.24308276176452637,8.0,0.07239959388971329,0.0715535581111908,-0.033280372619628906,0.5,isaac,hold,7,6,direct,0.5,0.2,True,False,0.40454789996147156,0.00466647744178772,0.0003889321524184197,0.0007495880126953125,False,0.19856669008731842,0.2651865482330322,False,0.4190410077571869,0.19856669008731842,0.2651865482330322,False,10.0,0.20980238914489746
2.000000000000001,0.3065968155860901,0.1879396289587021,0.11348390579223633,7.999999999999999,0.026331432163715363,0.02624979056417942,-0.011781692504882812,0.5,isaac,hold,7,7,direct,0.5,0.2,True,True,0.41264399886131287,0.006024020723998547,4.084997272002511e-05,-1.6689300537109375e-06,True,0.16181041300296783,0.12069582939147949,False,0.33292827010154724,0.16181041300296783,0.12069582939147949,True,10.0,0.10170221328735352
2.0,0.489219069480896,0.43163371086120605,-0.04086661338806152,8.0,0.017371417954564095,0.017221219837665558,0.005600929260253906,0.5,isaac,hold,7,8,direct,0.5,0.2,True,True,0.49817919731140137,0.005866502411663532,3.474505865597166e-05,-2.384185791015625e-07,True,0.4163541793823242,0.15265750885009766,False,0.5065904855728149,0.4163541793823242,0.15265750885009766,True,10.0,0.03526568412780762
2.000000000000001,0.4965193569660187,0.4491734802722931,0.09296321868896484,8.0,0.017339622601866722,0.017282553017139435,-0.008909940719604492,0.5,isaac,hold,7,9,direct,0.5,0.2,True,True,0.4953139126300812,0.006210268475115299,2.3900798623799346e-05,-2.384185791015625e-07,True,0.4340052306652069,0.12051153182983398,False,0.51385897397995,0.4340052306652069,0.12051153182983398,True,10.0,0.08405327796936035
2.0,0.5490542054176331,0.4554680287837982,0.06885308027267456,8.0,0.0742538645863533,0.07351190596818924,-0.020837977528572083,0.5,isaac,hold,7,10,direct,0.5,0.2,True,True,0.4475758969783783,0.0084548844024539,0.0007387252408079803,-0.0002967715263366699,True,0.3833405375480652,0.1742452085018158,False,0.6233080625534058,0.3833405375480652,0.1742452085018158,True,10.0,0.04801510274410248
2.000000000000001,0.5742235779762268,0.5216024518013,0.015459567308425903,7.999999999999999,0.020686211064457893,0.020651355385780334,-0.0014500617980957031,0.5,isaac,hold,7,11,direct,0.5,0.2,True,False,0.43068453669548035,0.005997606553137302,1.617525595065672e-05,-1.043081283569336e-06,True,0.5020671486854553,0.1519833505153656,False,0.5949098467826843,0.5020671486854553,0.1519833505153656,False,10.0,0.0140095055103302
2.0,0.5754697918891907,0.5197064280509949,0.026408016681671143,8.0,0.02320193126797676,0.023121530190110207,-0.0035710930824279785,0.5,isaac,hold,7,12,direct,0.5,0.2,True,True,0.4307660758495331,0.0058577400632202625,3.730568278115243e-05,1.0728836059570312e-06,True,0.4972192943096161,0.15329772233963013,False,0.5986717939376831,0.4972192943096161,0.15329772233963013,True,10.0,0.022836923599243164
2.000000000000001,0.5681813359260559,0.4779708981513977,0.011209487915039062,8.0,0.08723540604114532,0.08650325238704681,-0.022436857223510742,0.5,isaac,hold,7,13,direct,0.5,0.2,True,True,0.42702487111091614,0.009423751384019852,0.0010613438207656145,-0.0004966259002685547,True,0.3936253488063812,0.12415885925292969,False,0.6554167866706848,0.3936253488063812,0.12415885925292969,True,10.0,0.01122736930847168
2.0,0.34972384572029114,0.23460040986537933,0.06567928194999695,8.0,0.053148459643125534,0.05270303413271904,-0.01687222719192505,0.5,isaac,hold,7,14,direct,0.5,0.2,True,True,0.416459858417511,0.008179613389074802,0.00041655427776277065,-7.429718971252441e-05,True,0.18320348858833313,0.09899228811264038,False,0.4028722643852234,0.18320348858833313,0.09899228811264038,True,10.0,0.0488070547580719
2.000000000000001,0.3962932229042053,0.35854828357696533,0.15053021907806396,7.999999999999999,0.011625475250184536,0.011530881747603416,-0.01670205593109131,0.5,isaac,hold,7,15,direct,0.5,0.2,True,True,0.4924001693725586,0.006320997606962919,4.190831532469019e-05,-3.814697265625e-06,True,0.34708526730537415,0.15058481693267822,False,0.40791869163513184,0.34708526730537415,0.15058481693267822,True,10.0,0.13382816314697266
2.0,0.316491961479187,0.25072020292282104,0.14729046821594238,8.0,0.018813330680131912,0.018649211153388023,-0.029883980751037598,1.0,isaac,hold,8,0,direct,0.5,0.2,True,True,0.4968346953392029,0.0068548740819096565,3.624153396231122e-05,2.1457672119140625e-06,True,0.2323560118675232,0.1473325490951538,False,0.33530527353286743,0.2323560118675232,0.1473325490951538,True,10.0,0.11740648746490479
2.000000000000001,0.431668758392334,0.3415675759315491,0.09851455688476562,8.0,0.04012168571352959,0.04005073383450508,-0.023591041564941406,1.0,isaac,hold,8,1,direct,0.5,0.2,True,True,0.476813942193985,0.007737382780760527,0.00042826132266782224,-5.447864532470703e-05,True,0.3077206313610077,0.09856373071670532,False,0.47179046273231506,0.3077206313610077,0.09856373071670532,True,10.0,0.07492351531982422
2.0,0.4598354995250702,0.374098002910614,0.2074350118637085,8.0,0.04161165654659271,0.04125914350152016,-0.043939948081970215,1.0,isaac,hold,8,2,direct,0.5,0.2,True,False,0.406722754240036,0.005583079531788826,0.0002744576777331531,-1.919269561767578e-05,False,0.3337637782096863,0.2078021764755249,False,0.5014471411705017,0.3337637782096863,0.2078021764755249,False,10.0,0.16349506378173828
2.000000000000001,0.4725702702999115,0.3933468759059906,0.21543633937835693,8.0,0.03537047281861305,0.03506654128432274,-0.04523468017578125,1.0,isaac,hold,8,3,direct,0.5,0.2,True,False,0.41971907019615173,0.006057059857994318,2.954151750600431e-05,1.5139579772949219e-05,True,0.3587362468242645,0.2155461311340332,False,0.5079407691955566,0.3587362468242645,0.2155461311340332,False,10.000000000000002,0.17020165920257568
2.0,0.4434502422809601,0.3727305233478546,0.25692105293273926,8.0,0.061401765793561935,0.05982644110918045,-0.06581854820251465,1.0,isaac,hold,8,4,direct,0.5,0.2,True,False,0.39890724420547485,0.005081253591924906,0.0004696619580499828,0.0007114410400390625,True,0.3143412470817566,0.27152132987976074,False,0.5048519968986511,0.3143412470817566,0.27152132987976074,False,10.0,0.1911025047302246
2.000000000000001,0.4702814817428589,0.45815742015838623,0.5382734537124634,8.0,0.08694671839475632,0.08406782150268555,-0.07631039619445801,1.0,isaac,hold,8,5,direct,0.5,0.2,True,False,0.405788391828537,0.005459422245621681,9.023523307405412e-05,0.0001571178436279297,True,0.37903404235839844,0.5623151063919067,False,0.5572282075881958,0.37903404235839844,0.5623151063919067,False,10.0,0.46196305751800537
2.0,0.3466414511203766,0.26685336232185364,0.24308276176452637,8.0,0.0766904428601265,0.07565239071846008,-0.05426836013793945,1.0,isaac,hold,8,6,direct,0.5,0.2,True,False,0.40454789996147156,0.004153686109930277,0.0006503051263280213,0.0012664794921875,True,0.1952938288450241,0.2651865482330322,False,0.4233318567276001,0.1952938288450241,0.2651865482330322,False,10.0,0.18881440162658691
2.000000000000001,0.3065968155860901,0.1879396289587021,0.11348390579223633,7.999999999999999,0.02729722112417221,0.027238110080361366,-0.02229762077331543,1.0,isaac,hold,8,7,direct,0.5,0.2,True,True,0.41264399886131287,0.006019667722284794,2.812014463415835e-05,3.337860107421875e-06,True,0.160780131816864,0.12069582939147949,False,0.3338940739631653,0.160780131816864,0.12069582939147949,True,10.0,0.0911862850189209
2.0,0.489219069480896,0.43163371086120605,-0.04086661338806152,8.0,0.01696883700788021,0.016800299286842346,0.009462833404541016,1.0,isaac,hold,8,8,direct,0.5,0.2,True,True,0.49817919731140137,0.005864666774868965,3.713320620590821e-05,-3.337860107421875e-06,True,0.4166819155216217,0.15265750885009766,False,0.506187915802002,0.4166819155216217,0.15265750885009766,True,10.0,0.03140377998352051
2.000000000000001,0.4965193569660187,0.4491734802722931,0.09296321868896484,8.0,0.018288806080818176,0.018228964880108833,-0.017130613327026367,1.0,isaac,hold,8,9,direct,0.5,0.2,True,True,0.4953139126300812,0.006230706349015236,1.6220723409787752e-05,9.5367431640625e-07,True,0.43330878019332886,0.12051153182983398,False,0.5148081183433533,0.43330878019332886,0.12051153182983398,True,10.0,0.07583260536193848
2.0,0.5490542054176331,0.4554680287837982,0.06885308027267456,8.0,0.07413919270038605,0.07339570671319962,-0.025128543376922607,1.0,isaac,hold,8,10,direct,0.5,0.2,True,True,0.4475758969783783,0.008452524431049824,0.0006484673940576613,-0.00019960105419158936,True,0.3834095597267151,0.1742452085018158,False,0.6231933832168579,0.3834095597267151,0.1742452085018158,True,10.0,0.04372453689575195
2.000000000000001,0.5742235779762268,0.5216024518013,0.015459567308425903,7.999999999999999,0.020832981914281845,0.020794227719306946,-0.0028943121433258057,1.0,isaac,hold,8,11,direct,0.5,0.2,True,False,0.43068453669548035,0.006001354660838842,1.4919592103979085e-05,-3.8743019104003906e-07,True,0.5019515156745911,0.1519833505153656,False,0.5950565934181213,0.5019515156745911,0.1519833505153656,False,10.0,0.012565255165100098
2.0,0.5754697918891907,0.5197064280509949,0.026408016681671143,8.0,0.023403596132993698,0.02332190051674843,-0.005908370018005371,1.0,isaac,hold,8,12,direct,0.5,0.2,True,True,0.4307660758495331,0.005864035803824663,4.471725333132781e-05,-5.960464477539062e-07,True,0.4970516264438629,0.15329772233963013,False,0.5988734364509583,0.4970516264438629,0.15329772233963013,True,10.0,0.02049964666366577
2.000000000000001,0.5681813359260559,0.4779708981513977,0.011209487915039062,8.0,0.08733437210321426,0.08660075068473816,-0.021636962890625,1.0,isaac,hold,8,13,direct,0.5,0.2,True,True,0.42702487111091614,0.009371412917971611,0.0013450543629005551,-0.00080108642578125,True,0.3935370147228241,0.12415885925292969,False,0.6555156111717224,0.3935370147228241,0.12415885925292969,True,10.0,0.010427474975585938
2.0,0.34972384572029114,0.23460040986537933,0.06567928194999695,8.0,0.05312001332640648,0.05268276482820511,-0.021418511867523193,1.0,isaac,hold,8,14,direct,0.5,0.2,True,True,0.416459858417511,0.008164426311850548,0.0004434491565916687,-6.392598152160645e-05,True,0.18314604461193085,0.09899228811264038,False,0.40284380316734314,0.18314604461193085,0.09899228811264038,True,10.0,0.044260770082473755
2.000000000000001,0.3962932229042053,0.35854828357696533,0.15053021907806396,7.999999999999999,0.01321137323975563,0.013006574474275112,-0.029902100563049316,1.0,isaac,hold,8,15,direct,0.5,0.2,True,False,0.4924001693725586,0.006346341222524643,4.5951910578878596e-05,-1.1920928955078125e-07,False,0.3456689119338989,0.15057682991027832,False,0.40950459241867065,0.3456689119338989,0.15057682991027832,False,10.0,0.12062811851501465
2.0,0.4604814946651459,0.36856505274772644,0.02953815460205078,8.0,0.3996083438396454,0.030736004933714867,0.25361108779907227,0.0,isaac,march,0,0,direct,0.5,-0.2,True,False,0.40763217210769653,0.02114899270236492,0.12126430124044418,0.10434770584106445,False,0.3380918502807617,0.28314924240112305,True,0.8600898385047913,0.3380918502807617,0.28314924240112305,False,10.0,0.28314924240112305
2.000000000000001,0.3500312268733978,0.28453704714775085,0.06667447090148926,8.0,0.4037491977214813,0.015700317919254303,0.22530889511108398,0.0,isaac,march,0,1,direct,0.5,-0.2,True,False,0.4940495789051056,0.02048143558204174,0.10204160213470459,0.07368314266204834,False,0.2752656042575836,0.29198336601257324,True,0.7537804841995239,0.2752656042575836,0.29198336601257324,False,10.0,0.29198336601257324
2.0,0.5234540104866028,0.4424465298652649,0.12665539979934692,8.0,0.4019916355609894,0.021543214097619057,0.2624102234840393,0.0,isaac,march,0,2,direct,0.5,-0.2,True,False,0.469986230134964,0.019295040518045425,0.11052706092596054,0.08312958478927612,False,0.4255238473415375,0.38906562328338623,True,0.9254456758499146,0.4255238473415375,0.38906562328338623,False,10.0,0.38906562328338623
2.000000000000001,0.5360191464424133,0.439155638217926,0.16956138610839844,8.0,0.40301513671875,0.02971513569355011,0.22022771835327148,0.0,isaac,march,0,3,direct,0.5,-0.2,True,False,0.43651387095451355,0.019540423527359962,0.10123052448034286,0.05964088439941406,False,0.4198487401008606,0.3897891044616699,True,0.9390342831611633,0.4198487401008606,0.3897891044616699,False,10.000000000000002,0.3897891044616699
2.0,0.5278980731964111,0.45246005058288574,0.1385963410139084,8.0,0.38891589641571045,0.02940843626856804,0.29450723528862,0.0,isaac,march,0,4,direct,0.5,-0.2,True,False,0.4125504791736603,0.02032024972140789,0.10439366847276688,0.07981729507446289,False,0.4314945936203003,0.4333568215370178,True,0.9168139100074768,0.4314945936203003,0.4333568215370178,False,10.0,0.4331035614013672
2.000000000000001,0.5339744091033936,0.4432772099971771,0.13329845666885376,8.0,0.3901032507419586,0.02741088718175888,0.2505963444709778,0.0,isaac,march,0,5,direct,0.5,-0.2,True,False,0.40339213609695435,0.018991654738783836,0.10717516392469406,0.06618058681488037,False,0.41654080152511597,0.3901289701461792,True,0.9240776300430298,0.41654080152511597,0.3901289701461792,False,10.0,0.38389480113983154
2.0,0.4756629168987274,0.38384655117988586,0.1284329891204834,8.0,0.4085228741168976,0.0235589612275362,0.26175928115844727,0.0,isaac,march,0,6,direct,0.5,-0.2,True,False,0.40236330032348633,0.019025275483727455,0.10515899211168289,0.05913186073303223,False,0.3603696823120117,0.3997647762298584,True,0.884185791015625,0.3603696823120117,0.3997647762298584,False,10.0,0.39019227027893066
2.000000000000001,0.40696239471435547,0.32029810547828674,0.13033843040466309,7.999999999999999,0.4041382372379303,0.022356294095516205,0.2664670944213867,0.0,isaac,march,0,7,direct,0.5,-0.2,True,False,0.4044593572616577,0.01999184489250183,0.10454383492469788,0.05168449878692627,False,0.3030640184879303,0.4073418378829956,True,0.8111006021499634,0.3030640184879303,0.4073418378829956,False,10.0,0.3968055248260498
2.0,0.33249494433403015,0.22017909586429596,0.0022687911987304688,8.0,0.4079800248146057,0.035478267818689346,0.20787811279296875,0.0,isaac,march,0,8,direct,0.5,-0.2,True,False,0.40429234504699707,0.021899443119764328,0.10053525120019913,0.04893970489501953,False,0.21117877960205078,0.2159135341644287,True,0.7404749393463135,0.21117877960205078,0.2159135341644287,False,10.0,0.21014690399169922
2.000000000000001,0.48608556389808655,0.4479367434978485,-0.3266878128051758,8.0,0.4012438952922821,0.04292083904147148,0.2753255367279053,0.0,isaac,march,0,9,direct,0.5,-0.2,True,False,0.4477761387825012,0.022620249539613724,0.1103251650929451,0.0835796594619751,False,0.4244537949562073,0.333593487739563,True,0.8873293995857239,0.4244537949562073,0.333593487739563,False,10.0,0.05136227607727051
2.0,0.8214043974876404,0.7219938039779663,-0.2921558618545532,8.0,0.4029862880706787,0.04228948801755905,0.26511967182159424,0.0,isaac,march,0,10,direct,0.5,-0.2,True,False,0.45253366231918335,0.021427849307656288,0.10401950776576996,0.06965982913970947,False,0.6814895272254944,0.5303081274032593,True,1.2243907451629639,0.6814895272254944,0.5303081274032593,False,10.0,0.027036190032958984
2.000000000000001,0.7427562475204468,0.6311039924621582,-0.15704739093780518,7.999999999999999,0.410944402217865,0.03770579770207405,0.29903101921081543,0.0,isaac,march,0,11,direct,0.5,-0.2,True,False,0.4415137767791748,0.019869813695549965,0.10156954824924469,0.07610952854156494,False,0.5935052633285522,0.3694570064544678,True,1.153700590133667,0.5935052633285522,0.3694570064544678,False,10.0,0.14198362827301025
2.0,0.7964431047439575,0.7084661722183228,0.12845659255981445,8.0,0.41262131929397583,0.031379133462905884,0.22347784042358398,0.0,isaac,march,0,12,direct,0.5,-0.2,True,False,0.42060256004333496,0.019767414778470993,0.09210135042667389,0.04278421401977539,False,0.6770910620689392,0.3935096263885498,True,1.2090644836425781,0.6770910620689392,0.3935096263885498,False,10.0,0.35193443298339844
2.000000000000001,0.8333490490913391,0.7543883323669434,0.19992494583129883,8.0,0.40325504541397095,0.03027264215052128,0.21882152557373047,0.0,isaac,march,0,13,direct,0.5,-0.2,True,False,0.41498538851737976,0.019697856158018112,0.09828738123178482,0.05603170394897461,False,0.7249158620834351,0.4214344024658203,True,1.23660409450531,0.7249158620834351,0.4214344024658203,False,10.0,0.4187464714050293
2.0,0.7529630661010742,0.6751146912574768,0.046478271484375,8.0,0.3980623483657837,0.03893910348415375,0.2193940281867981,0.0,isaac,march,0,14,direct,0.5,-0.2,True,False,0.41937708854675293,0.02131967805325985,0.10766135156154633,0.06960415840148926,False,0.6380284428596497,0.3624589443206787,True,1.151025414466858,0.6380284428596497,0.3624589443206787,False,10.0,0.2658722996711731
2.000000000000001,0.48486363887786865,0.3895643353462219,-0.013908147811889648,7.999999999999999,0.39553093910217285,0.03905501216650009,0.23417282104492188,0.0,isaac,march,0,15,direct,0.5,-0.2,True,False,0.4070509970188141,0.021203091368079185,0.11282185465097427,0.08763337135314941,False,0.3530256748199463,0.2218303680419922,True,0.8803946375846863,0.3530256748199463,0.2218303680419922,False,10.0,0.22026467323303223
2.0,0.4604814946651459,0.36856505274772644,0.02953815460205078,8.0,0.3967582583427429,0.03308882936835289,0.1502242088317871,0.5,isaac,march,1,0,direct,0.5,-0.2,True,False,0.40763217210769653,0.020102793350815773,0.1168280839920044,0.04989147186279297,False,0.33702966570854187,0.19213438034057617,True,0.8572397828102112,0.33702966570854187,0.19213438034057617,False,10.0,0.1797623634338379
2.000000000000001,0.3500312268733978,0.28453704714775085,0.06667447090148926,8.0,0.40075406432151794,0.01730550080537796,0.10247659683227539,0.5,isaac,march,1,1,direct,0.5,-0.2,True,False,0.4940495789051056,0.01991143636405468,0.10547740012407303,0.028897523880004883,False,0.2796735167503357,0.1697368621826172,True,0.7507853507995605,0.2796735167503357,0.1697368621826172,False,10.0,0.16915106773376465
2.0,0.5234540104866028,0.4424465298652649,0.12665539979934692,8.0,0.39379942417144775,0.023983830586075783,0.06869363784790039,0.5,isaac,march,1,2,direct,0.5,-0.2,True,False,0.469986230134964,0.019647683948278427,0.10708791762590408,0.018502771854400635,False,0.43577611446380615,0.1985539197921753,True,0.9172534942626953,0.43577611446380615,0.1985539197921753,False,10.0,0.19534903764724731
2.000000000000001,0.5360191464424133,0.439155638217926,0.16956138610839844,8.0,0.3938903212547302,0.023628829047083855,0.011936664581298828,0.5,isaac,march,1,3,direct,0.5,-0.2,True,False,0.43651387095451355,0.018940219655632973,0.09768255054950714,0.004761457443237305,False,0.4352993369102478,0.18242454528808594,True,0.9299094676971436,0.4352993369102478,0.18242454528808594,False,10.000000000000002,0.18149805068969727
2.0,0.5278980731964111,0.45246005058288574,0.1385963410139084,8.0,0.3940805196762085,0.0273154117166996,0.06359755992889404,0.5,isaac,march,1,4,direct,0.5,-0.2,True,False,0.4125504791736603,0.019164910539984703,0.0958416759967804,0.0073573291301727295,False,0.4454524517059326,0.20700614154338837,True,0.9219785928726196,0.4454524517059326,0.20700614154338837,False,10.0,0.20219390094280243
2.000000000000001,0.5339744091033936,0.4432772099971771,0.13329845666885376,8.0,0.38885968923568726,0.02388145588338375,0.057629406452178955,0.5,isaac,march,1,5,direct,0.5,-0.2,True,False,0.40339213609695435,0.019131828099489212,0.11250419169664383,0.006886601448059082,False,0.4304700195789337,0.20306748151779175,True,0.922834038734436,0.4304700195789337,0.20306748151779175,False,10.0,0.19092786312103271
2.0,0.4756629168987274,0.38384655117988586,0.1284329891204834,8.0,0.40472614765167236,0.013276861049234867,0.057180166244506836,0.5,isaac,march,1,6,direct,0.5,-0.2,True,False,0.40236330032348633,0.0183562058955431,0.10772839188575745,-0.0023832321166992188,False,0.3721220791339874,0.20238971710205078,True,0.8803890347480774,0.3721220791339874,0.20238971710205078,False,10.0,0.18561315536499023
2.000000000000001,0.40696239471435547,0.32029810547828674,0.13033843040466309,7.999999999999999,0.39770078659057617,0.023615330457687378,0.0650489330291748,0.5,isaac,march,1,7,direct,0.5,-0.2,True,False,0.4044593572616577,0.01934206858277321,0.10808359831571579,-0.015056848526000977,False,0.32154712080955505,0.21531355381011963,True,0.8046631813049316,0.32154712080955505,0.21531355381011963,False,10.0,0.1953873634338379
2.0,0.33249494433403015,0.22017909586429596,0.0022687911987304688,8.0,0.4115287661552429,0.03538269177079201,0.11403298377990723,0.5,isaac,march,1,8,direct,0.5,-0.2,True,False,0.40429234504699707,0.022349616512656212,0.09995788335800171,0.009346961975097656,False,0.2214774191379547,0.1297461986541748,True,0.7440236806869507,0.2214774191379547,0.1297461986541748,False,10.0,0.1163017749786377
2.000000000000001,0.48608556389808655,0.4479367434978485,-0.3266878128051758,8.0,0.4028959572315216,0.04415734112262726,0.3844841718673706,0.5,isaac,march,1,9,direct,0.5,-0.2,True,False,0.4477761387825012,0.02269674651324749,0.10416266322135925,0.06376135349273682,False,0.41780832409858704,0.33344924449920654,True,0.8889814615249634,0.41780832409858704,0.33344924449920654,False,10.0,0.057796359062194824
2.0,0.8214043974876404,0.7219938039779663,-0.2921558618545532,8.0,0.4032006859779358,0.04785044491291046,0.35967421531677246,0.5,isaac,march,1,10,direct,0.5,-0.2,True,False,0.45253366231918335,0.02131763845682144,0.10571204125881195,0.0647127628326416,False,0.6746552586555481,0.5303081274032593,True,1.2246050834655762,0.6746552586555481,0.5303081274032593,False,10.0,0.06751835346221924
2.000000000000001,0.7427562475204468,0.6311039924621582,-0.15704739093780518,7.999999999999999,0.4100099802017212,0.03678971529006958,0.2661468982696533,0.5,isaac,march,1,11,direct,0.5,-0.2,True,False,0.4415137767791748,0.019677206873893738,0.09719811379909515,0.033277273178100586,False,0.5944711565971375,0.3694570064544678,True,1.152766227722168,0.5944711565971375,0.3694570064544678,False,10.0,0.10909950733184814
2.0,0.7964431047439575,0.7084661722183228,0.12845659255981445,8.0,0.40901243686676025,0.02528616227209568,0.031372785568237305,0.5,isaac,march,1,12,direct,0.5,-0.2,True,False,0.42060256004333496,0.019180724397301674,0.09510780870914459,0.009239912033081055,False,0.6847129464149475,0.3935096263885498,True,1.2054555416107178,0.6847129464149475,0.3935096263885498,False,10.0,0.15982937812805176
2.000000000000001,0.8333490490913391,0.7543883323669434,0.19992494583129883,8.0,0.3970531225204468,0.030223160982131958,-0.006352663040161133,0.5,isaac,march,1,13,direct,0.5,-0.2,True,False,0.41498538851737976,0.02098711207509041,0.1084512323141098,0.0048427581787109375,False,0.728833794593811,0.39670872688293457,True,1.2304022312164307,0.728833794593811,0.39670872688293457,False,10.0,0.1935722827911377
2.0,0.7529630661010742,0.6751146912574768,0.046478271484375,8.0,0.39928674697875977,0.04255470260977745,0.11773490905761719,0.5,isaac,march,1,14,direct,0.5,-0.2,True,False,0.41937708854675293,0.021631591022014618,0.11217710375785828,0.03645867109298706,False,0.6364803314208984,0.3624589443206787,True,1.152249813079834,0.6364803314208984,0.3624589443206787,False,10.0,0.1642131805419922
2.000000000000001,0.48486363887786865,0.3895643353462219,-0.013908147811889648,7.999999999999999,0.3956134021282196,0.042184144258499146,0.15059137344360352,0.5,isaac,march,1,15,direct,0.5,-0.2,True,False,0.4070509970188141,0.021408692002296448,0.11098223924636841,0.049759864807128906,False,0.3537159562110901,0.2218303680419922,True,0.8804770708084106,0.3537159562110901,0.2218303680419922,False,10.0,0.13668322563171387
2.0,0.4604814946651459,0.36856505274772644,0.02953815460205078,8.0,0.39572542905807495,0.033726148307323456,0.0874333381652832,1.0,isaac,march,2,0,direct,0.5,-0.2,True,False,0.40763217210769653,0.01983216591179371,0.11463481187820435,0.03401613235473633,False,0.3375398814678192,0.19213438034057617,True,0.8562068939208984,0.3375398814678192,0.19213438034057617,False,10.0,0.11697149276733398
2.000000000000001,0.3500312268733978,0.28453704714775085,0.06667447090148926,8.0,0.3997035026550293,0.022491957992315292,0.04056501388549805,1.0,isaac,march,2,1,direct,0.5,-0.2,True,False,0.4940495789051056,0.020625749602913857,0.1103183925151825,0.0209963321685791,False,0.2768547832965851,0.11117315292358398,True,0.7497347593307495,0.2768547832965851,0.11117315292358398,False,10.0,0.1072394847869873
2.0,0.5234540104866028,0.4424465298652649,0.12665539979934692,8.0,0.39569175243377686,0.017154015600681305,-0.007280528545379639,1.0,isaac,march,2,2,direct,0.5,-0.2,True,False,0.469986230134964,0.01898075081408024,0.10570359230041504,-0.00452345609664917,False,0.44068628549575806,0.1269555687904358,True,0.9191458225250244,0.44068628549575806,0.1269555687904358,False,10.0,0.11937487125396729
2.000000000000001,0.5360191464424133,0.439155638217926,0.16956138610839844,8.0,0.39646029472351074,0.025919068604707718,-0.06755447387695312,1.0,isaac,march,2,3,direct,0.5,-0.2,True,False,0.43651387095451355,0.01898760348558426,0.09082849323749542,-0.01166534423828125,False,0.44183599948883057,0.1772780418395996,True,0.9324793815612793,0.44183599948883057,0.1772780418395996,False,10.000000000000002,0.10200691223144531
2.0,0.5278980731964111,0.45246005058288574,0.1385963410139084,8.0,0.3934881389141083,0.028916262090206146,-0.024548828601837158,1.0,isaac,march,2,4,direct,0.5,-0.2,True,False,0.4125504791736603,0.0189866553992033,0.09307292103767395,-0.006369888782501221,False,0.44598549604415894,0.15065698325634003,True,0.9213862419128418,0.44598549604415894,0.15065698325634003,False,10.0,0.11404751241207123
2.000000000000001,0.5339744091033936,0.4432772099971771,0.13329845666885376,8.0,0.3890573978424072,0.02326737530529499,-0.02278733253479004,1.0,isaac,march,2,5,direct,0.5,-0.2,True,False,0.40339213609695435,0.019044751301407814,0.10963904857635498,-0.013591945171356201,False,0.43771857023239136,0.15172696113586426,True,0.9230316877365112,0.43771857023239136,0.15172696113586426,False,10.0,0.11051112413406372
2.0,0.4756629168987274,0.38384655117988586,0.1284329891204834,8.0,0.40472012758255005,0.017520342022180557,-0.0265347957611084,1.0,isaac,march,2,6,direct,0.5,-0.2,True,False,0.40236330032348633,0.019033612683415413,0.11138210445642471,-0.01728034019470215,False,0.3802098035812378,0.15334773063659668,True,0.8803829550743103,0.3802098035812378,0.15334773063659668,False,10.0,0.101898193359375
2.000000000000001,0.40696239471435547,0.32029810547828674,0.13033843040466309,7.999999999999999,0.39579659700393677,0.0225553959608078,-0.02715325355529785,1.0,isaac,march,2,7,direct,0.5,-0.2,True,False,0.4044593572616577,0.020683953538537025,0.11267096549272537,-0.016812443733215332,False,0.32873567938804626,0.14512395858764648,True,0.802759051322937,0.32873567938804626,0.14512395858764648,False,10.0,0.10318517684936523
2.0,0.33249494433403015,0.22017909586429596,0.0022687911987304688,8.0,0.41011562943458557,0.03329126909375191,0.07522249221801758,1.0,isaac,march,2,8,direct,0.5,-0.2,True,False,0.40429234504699707,0.021923674270510674,0.100696861743927,-0.0038967132568359375,False,0.21956300735473633,0.10340094566345215,True,0.7426105737686157,0.21956300735473633,0.10340094566345215,False,10.0,0.07749128341674805
2.000000000000001,0.48608556389808655,0.4479367434978485,-0.3266878128051758,8.0,0.4040130376815796,0.04851632937788963,0.39349377155303955,1.0,isaac,march,2,9,direct,0.5,-0.2,True,False,0.4477761387825012,0.02368783950805664,0.11251381784677505,0.045798420906066895,False,0.4138990044593811,0.333418607711792,True,0.8900985717773438,0.4138990044593811,0.333418607711792,False,10.0,0.06680595874786377
2.0,0.8214043974876404,0.7219938039779663,-0.2921558618545532,8.0,0.4044549763202667,0.04410576447844505,0.34944164752960205,1.0,isaac,march,2,10,direct,0.5,-0.2,True,False,0.45253366231918335,0.021159296855330467,0.1027408316731453,0.030476927757263184,False,0.6780760884284973,0.5303081274032593,True,1.2258594036102295,0.6780760884284973,0.5303081274032593,False,10.0,0.05728578567504883
2.000000000000001,0.7427562475204468,0.6311039924621582,-0.15704739093780518,7.999999999999999,0.4092886447906494,0.0376192145049572,0.2385779619216919,1.0,isaac,march,2,11,direct,0.5,-0.2,True,False,0.4415137767791748,0.020096248015761375,0.09943414479494095,0.017410635948181152,False,0.5934913754463196,0.3694570064544678,True,1.1520447731018066,0.5934913754463196,0.3694570064544678,False,10.0,0.08153057098388672
2.0,0.7964431047439575,0.7084661722183228,0.12845659255981445,8.0,0.4069494307041168,0.02815200202167034,-0.04675149917602539,1.0,isaac,march,2,12,direct,0.5,-0.2,True,False,0.42060256004333496,0.019051313400268555,0.09576631337404251,-0.004508018493652344,False,0.6843034029006958,0.3935096263885498,True,1.203392505645752,0.6843034029006958,0.3935096263885498,False,10.0,0.08170509338378906
2.000000000000001,0.8333490490913391,0.7543883323669434,0.19992494583129883,8.0,0.39637646079063416,0.03267896920442581,-0.09741806983947754,1.0,isaac,march,2,13,direct,0.5,-0.2,True,False,0.41498538851737976,0.019591031596064568,0.10617328435182571,-0.007807731628417969,False,0.7313868999481201,0.39670872688293457,True,1.2297254800796509,0.7313868999481201,0.39670872688293457,False,10.0,0.10250687599182129
2.0,0.7529630661010742,0.6751146912574768,0.046478271484375,8.0,0.39860811829566956,0.04150204733014107,0.044959425926208496,1.0,isaac,march,2,14,direct,0.5,-0.2,True,False,0.41937708854675293,0.02366076409816742,0.11145932972431183,0.013385593891143799,False,0.642637312412262,0.3624589443206787,True,1.151571273803711,0.642637312412262,0.3624589443206787,False,10.0,0.0914376974105835
2.000000000000001,0.48486363887786865,0.3895643353462219,-0.013908147811889648,7.999999999999999,0.3950989246368408,0.0420352928340435,0.11141157150268555,1.0,isaac,march,2,15,direct,0.5,-0.2,True,False,0.4070509970188141,0.021282263100147247,0.11164318770170212,0.03350567817687988,False,0.35433006286621094,0.2218303680419922,True,0.879962682723999,0.35433006286621094,0.2218303680419922,False,10.0,0.0975034236907959
2.0,0.42147716879844666,0.3197096288204193,0.025748372077941895,8.0,0.40069371461868286,0.03125503286719322,0.24835610389709473,0.0,isaac,march,3,0,direct,0.5,0.0,True,False,0.40813836455345154,0.02052151970565319,0.11588876694440842,0.09889888763427734,False,0.28946512937545776,0.2741044759750366,True,0.8221708536148071,0.28946512937545776,0.2741044759750366,False,10.0,0.2741044759750366
2.000000000000001,0.3726576566696167,0.2935451567173004,0.1141737699508667,8.0,0.40204596519470215,0.023656195029616356,0.24433398246765137,0.0,isaac,march,3,1,direct,0.5,0.0,True,False,0.49139603972435,0.020056700333952904,0.10316243767738342,0.07966840267181396,False,0.27848413586616516,0.35850775241851807,True,0.7747036218643188,0.27848413586616516,0.35850775241851807,False,10.0,0.35850775241851807
2.0,0.5424615740776062,0.45124882459640503,0.16179132461547852,8.0,0.40005987882614136,0.02607690915465355,0.2534751892089844,0.0,isaac,march,3,2,direct,0.5,0.0,True,False,0.47052934765815735,0.020377526059746742,0.10771936178207397,0.07301592826843262,False,0.431941956281662,0.4152665138244629,True,0.9425214529037476,0.431941956281662,0.4152665138244629,False,10.0,0.4152665138244629
2.000000000000001,0.5638266801834106,0.46118342876434326,0.22832798957824707,8.0,0.41153043508529663,0.03754321113228798,0.2340991497039795,0.0,isaac,march,3,3,direct,0.5,0.0,True,False,0.4401111602783203,0.02058098092675209,0.10605090856552124,0.06640827655792236,False,0.4259423017501831,0.46242713928222656,True,0.9753570556640625,0.4259423017501831,0.46242713928222656,False,10.000000000000002,0.46242713928222656
2.0,0.5806723237037659,0.4844543933868408,0.22149527072906494,8.0,0.404208242893219,0.04218027740716934,0.24562132358551025,0.0,isaac,march,3,4,direct,0.5,0.0,True,False,0.413720041513443,0.020154373720288277,0.10481783747673035,0.07570779323577881,False,0.4445825219154358,0.4675332307815552,True,0.9848805665969849,0.4445825219154358,0.4675332307815552,False,10.0,0.4671165943145752
2.000000000000001,0.5686562061309814,0.46714624762535095,0.21226024627685547,8.0,0.4019887447357178,0.03976327180862427,0.257099986076355,0.0,isaac,march,3,5,direct,0.5,0.0,True,False,0.4022965729236603,0.019020752981305122,0.10766974091529846,0.07465982437133789,False,0.42769020795822144,0.4748058319091797,True,0.9706449508666992,0.42769020795822144,0.4748058319091797,False,10.0,0.46936023235321045
2.0,0.5160834193229675,0.41815444827079773,0.1616201400756836,8.0,0.4095950722694397,0.0241163931787014,0.27866411209106445,0.0,isaac,march,3,6,direct,0.5,0.0,True,False,0.40201500058174133,0.019305096939206123,0.10197685658931732,0.06043124198913574,False,0.3941090404987335,0.45003175735473633,True,0.9256784915924072,0.3941090404987335,0.45003175735473633,False,10.0,0.44028425216674805
2.000000000000001,0.43899011611938477,0.33526697754859924,0.11756277084350586,7.999999999999999,0.410204142332077,0.0298197939991951,0.2658660411834717,0.0,isaac,march,3,7,direct,0.5,0.0,True,False,0.4030483663082123,0.02066572941839695,0.11088134348392487,0.05199742317199707,False,0.3090966045856476,0.39605188369750977,True,0.8491942882537842,0.3090966045856476,0.39605188369750977,False,10.0,0.38342881202697754
2.0,0.34778061509132385,0.22751107811927795,0.019176721572875977,8.0,0.41444987058639526,0.038254838436841965,0.22758197784423828,0.0,isaac,march,3,8,direct,0.5,0.0,True,False,0.4023248553276062,0.021236443892121315,0.09890101850032806,0.04701089859008789,False,0.21054096519947052,0.25255417823791504,True,0.7622305154800415,0.21054096519947052,0.25255417823791504,False,10.0,0.24675869941711426
2.000000000000001,0.47612830996513367,0.43544450402259827,-0.22382616996765137,8.0,0.4001389145851135,0.046563759446144104,0.2910752296447754,0.0,isaac,march,3,9,direct,0.5,0.0,True,False,0.4619836211204529,0.02201133407652378,0.10230211913585663,0.07193946838378906,False,0.41020458936691284,0.2297753095626831,True,0.8762671947479248,0.41020458936691284,0.2297753095626831,False,10.0,0.06724905967712402
2.0,0.8049749135971069,0.7135197520256042,-0.38176000118255615,8.0,0.4022618532180786,0.042501673102378845,0.2591400146484375,0.0,isaac,march,3,10,direct,0.5,0.0,True,False,0.4615010917186737,0.020832393318414688,0.10311034321784973,0.07172811031341553,False,0.6773641705513,0.49687695503234863,True,1.207236886024475,0.6773641705513,0.49687695503234863,False,10.0,0.12261998653411865
2.000000000000001,0.7267559766769409,0.6125952005386353,-0.26934516429901123,7.999999999999999,0.4184521436691284,0.04475325718522072,0.2657989263534546,0.0,isaac,march,3,11,direct,0.5,0.0,True,False,0.4422875642776489,0.0194968543946743,0.09674815088510513,0.07213735580444336,False,0.5678499937057495,0.332783579826355,True,1.1452082395553589,0.5678499937057495,0.332783579826355,False,10.0,0.0035462379455566406
2.0,0.767259955406189,0.6699969172477722,0.07614171504974365,8.0,0.40535038709640503,0.03676023706793785,0.22178292274475098,0.0,isaac,march,3,12,direct,0.5,0.0,True,False,0.4222273528575897,0.020716356113553047,0.10287372767925262,0.05395185947418213,False,0.634240984916687,0.36336958408355713,True,1.1726105213165283,0.634240984916687,0.36336958408355713,False,10.0,0.29792463779449463
2.000000000000001,0.7832130193710327,0.703392744064331,0.2542686462402344,8.0,0.4140222370624542,0.03486455976963043,0.2468249797821045,0.0,isaac,march,3,13,direct,0.5,0.0,True,False,0.4178679287433624,0.019513888284564018,0.10144197940826416,0.06436705589294434,False,0.6689782738685608,0.5010936260223389,True,1.197235107421875,0.6689782738685608,0.5010936260223389,False,10.0,0.5010936260223389
2.0,0.7227511405944824,0.6467584371566772,0.16182909905910492,8.0,0.4042438864707947,0.0352761372923851,0.22559593617916107,0.0,isaac,march,3,14,direct,0.5,0.0,True,False,0.42003780603408813,0.020873013883829117,0.10394787788391113,0.07267756015062332,False,0.611630916595459,0.387425035238266,True,1.1269949674606323,0.611630916595459,0.387425035238266,False,10.0,0.387425035238266
2.000000000000001,0.4609399139881134,0.35803818702697754,-0.01950979232788086,7.999999999999999,0.3935707211494446,0.03888450190424919,0.22171640396118164,0.0,isaac,march,3,15,direct,0.5,0.0,True,False,0.40811142325401306,0.02040914259850979,0.1081351712346077,0.08513212203979492,False,0.3224690854549408,0.20220661163330078,True,0.8545106649398804,0.3224690854549408,0.20220661163330078,False,10.0,0.20220661163330078
2.0,0.42147716879844666,0.3197096288204193,0.025748372077941895,8.0,0.39751315116882324,0.03884978964924812,0.1446399688720703,0.5,isaac,march,4,0,direct,0.5,0.0,True,False,0.40813836455345154,0.020602291449904442,0.113404780626297,0.04781663417816162,False,0.2870433032512665,0.17069578170776367,True,0.8189902901649475,0.2870433032512665,0.17069578170776367,False,10.0,0.1703883409500122
2.000000000000001,0.3726576566696167,0.2935451567173004,0.1141737699508667,8.0,0.3974110782146454,0.026758067309856415,0.07158553600311279,0.5,isaac,march,4,1,direct,0.5,0.0,True,False,0.49139603972435,0.01953938789665699,0.10826756060123444,0.03222382068634033,False,0.28032538294792175,0.1857593059539795,True,0.7700687050819397,0.28032538294792175,0.1857593059539795,False,10.0,0.1857593059539795
2.0,0.5424615740776062,0.45124882459640503,0.16179132461547852,8.0,0.3966298997402191,0.02257082611322403,0.0368119478225708,0.5,isaac,march,4,2,direct,0.5,0.0,True,False,0.47052934765815735,0.020416704937815666,0.11011452972888947,0.009257793426513672,False,0.44721317291259766,0.2019439935684204,True,0.9390914440155029,0.44721317291259766,0.2019439935684204,False,10.0,0.19860327243804932
2.000000000000001,0.5638266801834106,0.46118342876434326,0.22832798957824707,8.0,0.4056156575679779,0.022727077826857567,-0.03632760047912598,0.5,isaac,march,4,3,direct,0.5,0.0,True,False,0.4401111602783203,0.01931224949657917,0.09239650517702103,-0.0057964324951171875,False,0.4452417492866516,0.24481284618377686,True,0.9694423079490662,0.4452417492866516,0.24481284618377686,False,10.000000000000002,0.1920003890991211
2.0,0.5806723237037659,0.4844543933868408,0.22149527072906494,8.0,0.4089943766593933,0.033984024077653885,-0.011179089546203613,0.5,isaac,march,4,4,direct,0.5,0.0,True,False,0.413720041513443,0.020490022376179695,0.09789504110813141,-0.007501363754272461,False,0.4598798155784607,0.2409740686416626,True,0.9896667003631592,0.4598798155784607,0.2409740686416626,False,10.0,0.21031618118286133
2.000000000000001,0.5686562061309814,0.46714624762535095,0.21226024627685547,8.0,0.399137020111084,0.02442103810608387,-0.012537360191345215,0.5,isaac,march,4,5,direct,0.5,0.0,True,False,0.4022965729236603,0.019246086478233337,0.10865925252437592,-0.011598587036132812,False,0.44837313890457153,0.235725998878479,True,0.9677932858467102,0.44837313890457153,0.235725998878479,False,10.0,0.19972288608551025
2.0,0.5160834193229675,0.41815444827079773,0.1616201400756836,8.0,0.4040346145629883,0.019944485276937485,0.0441279411315918,0.5,isaac,march,4,6,direct,0.5,0.0,True,False,0.40201500058174133,0.01942269131541252,0.11609591543674469,-0.0019390583038330078,False,0.4064122438430786,0.2276628017425537,True,0.9201180934906006,0.4064122438430786,0.2276628017425537,False,10.0,0.2057480812072754
2.000000000000001,0.43899011611938477,0.33526697754859924,0.11756277084350586,7.999999999999999,0.40455353260040283,0.025905977934598923,0.055176496505737305,0.5,isaac,march,4,7,direct,0.5,0.0,True,False,0.4030483663082123,0.02121199481189251,0.11488448828458786,-0.01020193099975586,False,0.32491055130958557,0.19563055038452148,True,0.8435436487197876,0.32491055130958557,0.19563055038452148,False,10.0,0.17273926734924316
2.0,0.34778061509132385,0.22751107811927795,0.019176721572875977,8.0,0.4052872061729431,0.03229820355772972,0.11075687408447266,0.5,isaac,march,4,8,direct,0.5,0.0,True,False,0.4023248553276062,0.021373730152845383,0.10350224375724792,0.007413387298583984,False,0.21046969294548035,0.14487290382385254,True,0.7530678510665894,0.21046969294548035,0.14487290382385254,False,10.0,0.12993359565734863
2.000000000000001,0.47612830996513367,0.43544450402259827,-0.22382616996765137,8.0,0.39957189559936523,0.04860552400350571,0.3196399211883545,0.5,isaac,march,4,9,direct,0.5,0.0,True,False,0.4619836211204529,0.02233048714697361,0.10299699753522873,0.051842331886291504,False,0.3999979794025421,0.22967708110809326,True,0.8757001757621765,0.3999979794025421,0.22967708110809326,False,10.0,0.09581375122070312
2.0,0.8049749135971069,0.7135197520256042,-0.38176000118255615,8.0,0.4043790400028229,0.04588780552148819,0.41720467805862427,0.5,isaac,march,4,10,direct,0.5,0.0,True,False,0.4615010917186737,0.0207977257668972,0.10218681395053864,0.0646524429321289,False,0.66849684715271,0.49687695503234863,True,1.2093539237976074,0.66849684715271,0.49687695503234863,False,10.0,0.035444676876068115
2.000000000000001,0.7267559766769409,0.6125952005386353,-0.26934516429901123,7.999999999999999,0.42019063234329224,0.04930097609758377,0.35316842794418335,0.5,isaac,march,4,11,direct,0.5,0.0,True,False,0.4422875642776489,0.019547151401638985,0.10297010093927383,0.057547032833099365,False,0.5633026361465454,0.332783579826355,True,1.146946668624878,0.5633026361465454,0.332783579826355,False,10.0,0.08382326364517212
2.0,0.767259955406189,0.6699969172477722,0.07614171504974365,8.0,0.4041099548339844,0.028756313025951385,0.06584596633911133,0.5,isaac,march,4,12,direct,0.5,0.0,True,False,0.4222273528575897,0.019223487004637718,0.09569010883569717,-0.00043892860412597656,False,0.6438444256782532,0.36336958408355713,True,1.171370029449463,0.6438444256782532,0.36336958408355713,False,10.0,0.14198768138885498
2.000000000000001,0.7832130193710327,0.703392744064331,0.2542686462402344,8.0,0.4095735549926758,0.0341818630695343,-0.04544329643249512,0.5,isaac,march,4,13,direct,0.5,0.0,True,False,0.4178679287433624,0.019020117819309235,0.10355734080076218,-0.007456302642822266,False,0.6733856797218323,0.36377859115600586,True,1.192786693572998,0.6733856797218323,0.36377859115600586,False,10.0,0.20882534980773926
2.0,0.7227511405944824,0.6467584371566772,0.16182909905910492,8.0,0.40251898765563965,0.03495553508400917,0.006376862525939941,0.5,isaac,march,4,14,direct,0.5,0.0,True,False,0.42003780603408813,0.023631414398550987,0.11438055336475372,0.016300827264785767,False,0.6157724857330322,0.32468122243881226,True,1.125270128250122,0.6157724857330322,0.32468122243881226,False,10.0,0.16820596158504486
2.000000000000001,0.4609399139881134,0.35803818702697754,-0.01950979232788086,7.999999999999999,0.39468568563461304,0.04254377260804176,0.15646791458129883,0.5,isaac,march,4,15,direct,0.5,0.0,True,False,0.40811142325401306,0.02057921700179577,0.10734228789806366,0.05093526840209961,False,0.3230518102645874,0.18162250518798828,True,0.8556256294250488,0.3230518102645874,0.18162250518798828,False,10.0,0.13695812225341797
2.0,0.42147716879844666,0.3197096288204193,0.025748372077941895,8.0,0.3972633481025696,0.03487030789256096,0.08724546432495117,1.0,isaac,march,5,0,direct,0.5,0.0,True,False,0.40813836455345154,0.020944811403751373,0.1173657476902008,0.032926321029663086,False,0.2906127870082855,0.14164865016937256,True,0.8187404870986938,0.2906127870082855,0.14164865016937256,False,10.0,0.11299383640289307
2.000000000000001,0.3726576566696167,0.2935451567173004,0.1141737699508667,8.0,0.39801740646362305,0.024967890232801437,0.005175471305847168,1.0,isaac,march,5,1,direct,0.5,0.0,True,False,0.49139603972435,0.019690347835421562,0.10829061269760132,0.014966368675231934,False,0.2879895567893982,0.12197411060333252,True,0.7706750631332397,0.2879895567893982,0.12197411060333252,False,10.0,0.11934924125671387
2.0,0.5424615740776062,0.45124882459640503,0.16179132461547852,8.0,0.39378470182418823,0.02356310933828354,-0.037369608879089355,1.0,isaac,march,5,2,direct,0.5,0.0,True,False,0.47052934765815735,0.02010250836610794,0.10739505290985107,0.0033224821090698242,False,0.4513978064060211,0.16228485107421875,True,0.9362462759017944,0.4513978064060211,0.16228485107421875,False,10.0,0.12442171573638916
2.000000000000001,0.5638266801834106,0.46118342876434326,0.22832798957824707,8.0,0.40600740909576416,0.02501389943063259,-0.12173819541931152,1.0,isaac,march,5,3,direct,0.5,0.0,True,False,0.4401111602783203,0.01912202313542366,0.10420870035886765,-0.009045958518981934,False,0.44945916533470154,0.24481284618377686,True,0.96983402967453,0.44945916533470154,0.24481284618377686,False,10.000000000000002,0.10658979415893555
2.0,0.5806723237037659,0.4844543933868408,0.22149527072906494,8.0,0.4074656665325165,0.032587047666311264,-0.10675477981567383,1.0,isaac,march,5,4,direct,0.5,0.0,True,False,0.413720041513443,0.020226897671818733,0.10072046518325806,-0.005289196968078613,False,0.46638554334640503,0.2409740686416626,True,0.98813796043396,0.46638554334640503,0.2409740686416626,False,10.0,0.11474049091339111
2.000000000000001,0.5686562061309814,0.46714624762535095,0.21226024627685547,8.0,0.3981839418411255,0.02016308531165123,-0.09563004970550537,1.0,isaac,march,5,5,direct,0.5,0.0,True,False,0.4022965729236603,0.019077133387327194,0.1106279268860817,-0.014224648475646973,False,0.4548946022987366,0.23183023929595947,True,0.9668400883674622,0.4548946022987366,0.23183023929595947,False,10.0,0.1166301965713501
2.0,0.5160834193229675,0.41815444827079773,0.1616201400756836,8.0,0.4039583206176758,0.013205080293118954,-0.048421621322631836,1.0,isaac,march,5,6,direct,0.5,0.0,True,False,0.40201500058174133,0.019954504445195198,0.11454452574253082,-0.02097034454345703,False,0.4103364050388336,0.1880810260772705,True,0.9200417995452881,0.4103364050388336,0.1880810260772705,False,10.0,0.11319851875305176
2.000000000000001,0.43899011611938477,0.33526697754859924,0.11756277084350586,7.999999999999999,0.4029284417629242,0.028015239164233208,-0.023189783096313477,1.0,isaac,march,5,7,direct,0.5,0.0,True,False,0.4030483663082123,0.02116917073726654,0.11934567242860794,-0.01594090461730957,False,0.33261680603027344,0.14837193489074707,True,0.8419185876846313,0.33261680603027344,0.14837193489074707,False,10.0,0.09437298774719238
2.0,0.34778061509132385,0.22751107811927795,0.019176721572875977,8.0,0.4132976531982422,0.029535971581935883,0.06882524490356445,1.0,isaac,march,5,8,direct,0.5,0.0,True,False,0.4023248553276062,0.02157868631184101,0.10196495056152344,-0.0037691593170166016,False,0.2178509682416916,0.10365176200866699,True,0.7610782980918884,0.2178509682416916,0.10365176200866699,False,10.0,0.08800196647644043
2.000000000000001,0.47612830996513367,0.43544450402259827,-0.22382616996765137,8.0,0.39887523651123047,0.04815876483917236,0.2948286533355713,1.0,isaac,march,5,9,direct,0.5,0.0,True,False,0.4619836211204529,0.023024827241897583,0.1027650237083435,0.0250166654586792,False,0.40416887402534485,0.22960293292999268,True,0.8750035762786865,0.40416887402534485,0.22960293292999268,False,10.0,0.07100248336791992
2.0,0.8049749135971069,0.7135197520256042,-0.38176000118255615,8.0,0.40529757738113403,0.046391312032938004,0.43158453702926636,1.0,isaac,march,5,10,direct,0.5,0.0,True,False,0.4615010917186737,0.021390993148088455,0.10155150294303894,0.047732651233673096,False,0.6674633026123047,0.49687695503234863,True,1.2102725505828857,0.6674633026123047,0.49687695503234863,False,10.0,0.049824535846710205
2.000000000000001,0.7267559766769409,0.6125952005386353,-0.26934516429901123,7.999999999999999,0.4210990071296692,0.046768203377723694,0.34775733947753906,1.0,isaac,march,5,11,direct,0.5,0.0,True,False,0.4422875642776489,0.019294103607535362,0.09778380393981934,0.026702523231506348,False,0.5661961436271667,0.332783579826355,True,1.1478550434112549,0.5661961436271667,0.332783579826355,False,10.0,0.07841217517852783
2.0,0.767259955406189,0.6699969172477722,0.07614171504974365,8.0,0.40773507952690125,0.029361940920352936,0.005826115608215332,1.0,isaac,march,5,12,direct,0.5,0.0,True,False,0.4222273528575897,0.019171668216586113,0.0972663089632988,-0.004147052764892578,False,0.6441155672073364,0.36336958408355713,True,1.1749951839447021,0.6441155672073364,0.36336958408355713,False,10.0,0.08196783065795898
2.000000000000001,0.7832130193710327,0.703392744064331,0.2542686462402344,8.0,0.40734776854515076,0.03648710995912552,-0.1417865753173828,1.0,isaac,march,5,13,direct,0.5,0.0,True,False,0.4178679287433624,0.02052769996225834,0.11602997034788132,-0.012680530548095703,False,0.6752806305885315,0.36377859115600586,True,1.1905608177185059,0.6752806305885315,0.36377859115600586,False,10.0,0.11248207092285156
2.0,0.7227511405944824,0.6467584371566772,0.16182909905910492,8.0,0.39768946170806885,0.03874136134982109,-0.06802256405353546,1.0,isaac,march,5,14,direct,0.5,0.0,True,False,0.42003780603408813,0.02388748899102211,0.11678074300289154,0.008176207542419434,False,0.6184051036834717,0.32468122243881226,True,1.1204406023025513,0.6184051036834717,0.32468122243881226,False,10.0,0.09380653500556946
2.000000000000001,0.4609399139881134,0.35803818702697754,-0.01950979232788086,7.999999999999999,0.3932167887687683,0.044260650873184204,0.12007713317871094,1.0,isaac,march,5,15,direct,0.5,0.0,True,False,0.40811142325401306,0.020771019160747528,0.11280815303325653,0.03996849060058594,False,0.323914498090744,0.18162250518798828,True,0.8541567325592041,0.323914498090744,0.18162250518798828,False,10.0,0.10056734085083008
2.0,0.41863539814949036,0.3403652608394623,0.19922232627868652,8.0,0.40152066946029663,0.03061719611287117,0.2551618814468384,0.0,isaac,march,6,0,direct,0.5,0.2,True,False,0.4968346953392029,0.020144091919064522,0.11294181644916534,0.09333902597427368,False,0.3170906901359558,0.4543842077255249,True,0.8201560974121094,0.3170906901359558,0.4543842077255249,False,10.0,0.4543842077255249
2.000000000000001,0.5870196223258972,0.5081276893615723,0.2483920454978943,8.0,0.4072156548500061,0.017911134287714958,0.2283882200717926,0.0,isaac,march,6,1,direct,0.5,0.2,True,False,0.476813942193985,0.020420264452695847,0.10349519550800323,0.0725984275341034,False,0.5023899078369141,0.4767802655696869,True,0.9942352771759033,0.5023899078369141,0.4767802655696869,False,10.0,0.4767802655696869
2.0,0.6694960594177246,0.5873978137969971,0.4275768995285034,8.0,0.40627849102020264,0.02537134848535061,0.2213897705078125,0.0,isaac,march,6,2,direct,0.5,0.2,True,False,0.406722754240036,0.01966194435954094,0.10604749619960785,0.06849384307861328,False,0.5655243992805481,0.6489666700363159,True,1.0757745504379272,0.5655243992805481,0.6489666700363159,False,10.0,0.6489666700363159
2.000000000000001,0.6665229797363281,0.5750237107276917,0.4014260768890381,8.0,0.4021446108818054,0.03419223055243492,0.22071945667266846,0.0,isaac,march,6,3,direct,0.5,0.2,True,False,0.41971907019615173,0.018462616950273514,0.0970112755894661,0.06505483388900757,False,0.5457157492637634,0.6221455335617065,True,1.0686676502227783,0.5457157492637634,0.6221455335617065,False,10.000000000000002,0.6221455335617065
2.0,0.6766147017478943,0.5779317617416382,0.303377628326416,8.0,0.4032348096370697,0.045119330286979675,0.2594273090362549,0.0,isaac,march,6,4,direct,0.5,0.2,True,False,0.39890724420547485,0.019980955868959427,0.1010565385222435,0.07481503486633301,False,0.5358050465583801,0.5632293224334717,True,1.0798494815826416,0.5358050465583801,0.5632293224334717,False,10.0,0.5628049373626709
2.000000000000001,0.6196311712265015,0.5145710110664368,0.3017970323562622,8.0,0.40501880645751953,0.04048989713191986,0.26103687286376953,0.0,isaac,march,6,5,direct,0.5,0.2,True,False,0.405788391828537,0.018898965790867805,0.10719117522239685,0.0682988166809082,False,0.4741370975971222,0.5697668790817261,True,1.0246500968933105,0.4741370975971222,0.5697668790817261,False,10.0,0.5628339052200317
2.0,0.4901084005832672,0.39006876945495605,0.1853492259979248,8.0,0.40887516736984253,0.026767022907733917,0.26432323455810547,0.0,isaac,march,6,6,direct,0.5,0.2,True,False,0.40454789996147156,0.0188697949051857,0.10079874098300934,0.05035686492919922,False,0.36331236362457275,0.4627053737640381,True,0.8989835977554321,0.36331236362457275,0.4627053737640381,False,10.0,0.4496724605560303
2.000000000000001,0.38800591230392456,0.29576563835144043,0.14299511909484863,7.999999999999999,0.397381067276001,0.022548537701368332,0.2370004653930664,0.0,isaac,march,6,7,direct,0.5,0.2,True,False,0.41264399886131287,0.019979683682322502,0.1027785986661911,0.038082122802734375,False,0.28034427762031555,0.39322996139526367,True,0.7853869795799255,0.28034427762031555,0.39322996139526367,False,10.0,0.37999558448791504
2.0,0.7154586911201477,0.6560492515563965,-0.3023197650909424,8.0,0.4053395688533783,0.03636395186185837,0.22012782096862793,0.0,isaac,march,6,8,direct,0.5,0.2,True,False,0.49817919731140137,0.02176859974861145,0.09992665797472,0.046675920486450195,False,0.6320042014122009,0.3754584789276123,True,1.1207983493804932,0.6320042014122009,0.3754584789276123,False,10.0,0.08219194412231445
2.000000000000001,0.49857014417648315,0.45937272906303406,-0.20287561416625977,8.0,0.40232765674591064,0.045056361705064774,0.2719688415527344,0.0,isaac,march,6,9,direct,0.5,0.2,True,False,0.4953139126300812,0.021968873217701912,0.10645595192909241,0.06074643135070801,False,0.4296492338180542,0.20920491218566895,True,0.9008978605270386,0.4296492338180542,0.20920491218566895,False,10.0,0.06909322738647461
2.0,0.7316008806228638,0.6613588929176331,-0.35465365648269653,8.0,0.39121073484420776,0.032580748200416565,0.2565403878688812,0.0,isaac,march,6,10,direct,0.5,0.2,True,False,0.4475758969783783,0.021312374621629715,0.10145007818937302,0.06306084990501404,False,0.6351057291030884,0.39962416887283325,True,1.1228115558624268,0.6351057291030884,0.39962416887283325,False,10.0,0.09811326861381531
2.000000000000001,0.7566316723823547,0.657762885093689,-0.29997262358665466,7.999999999999999,0.4000266194343567,0.03157654404640198,0.2693657875061035,0.0,isaac,march,6,11,direct,0.5,0.2,True,False,0.43068453669548035,0.020364467054605484,0.10127222537994385,0.07142680883407593,False,0.6306629776954651,0.4106941521167755,True,1.156658411026001,0.6306629776954651,0.4106941521167755,False,10.0,0.030606836080551147
2.0,0.7438197731971741,0.6439586281776428,0.05585247278213501,8.0,0.40264448523521423,0.024210141971707344,0.21397215127944946,0.0,isaac,march,6,12,direct,0.5,0.2,True,False,0.4307660758495331,0.018950849771499634,0.09199925512075424,0.03937947750091553,False,0.620536208152771,0.31313377618789673,True,1.146464228630066,0.620536208152771,0.31313377618789673,False,10.0,0.2698246240615845
2.000000000000001,0.7410945892333984,0.655458927154541,0.2996037006378174,8.0,0.4152671992778778,0.03868362680077553,0.2176985740661621,0.0,isaac,march,6,13,direct,0.5,0.2,True,False,0.42702487111091614,0.01969754323363304,0.09732997417449951,0.055045127868652344,False,0.6177207827568054,0.5184872150421143,True,1.156361699104309,0.6177207827568054,0.5184872150421143,False,10.0,0.5173022747039795
2.0,0.4695623219013214,0.36219605803489685,-0.0860733836889267,8.0,0.3982038199901581,0.04130996763706207,0.2014845758676529,0.0,isaac,march,6,14,direct,0.5,0.2,True,False,0.416459858417511,0.020572999492287636,0.10427514463663101,0.07275289297103882,False,0.3325310945510864,0.21102257072925568,True,0.8677660226821899,0.3325310945510864,0.21102257072925568,False,10.0,0.1154111921787262
2.000000000000001,0.3862791061401367,0.31620460748672485,0.14252007007598877,7.999999999999999,0.3916211724281311,0.03444015979766846,0.23917222023010254,0.0,isaac,march,6,15,direct,0.5,0.2,True,False,0.4924001693725586,0.0208649393171072,0.10779514163732529,0.08271992206573486,False,0.30413341522216797,0.3816922903060913,True,0.777900218963623,0.30413341522216797,0.3816922903060913,False,10.0,0.3816922903060913
2.0,0.41863539814949036,0.3403652608394623,0.19922232627868652,8.0,0.3974297046661377,0.044725123792886734,0.03428328037261963,0.5,isaac,march,7,0,direct,0.5,0.2,True,False,0.4968346953392029,0.019588055089116096,0.1255623698234558,0.0398409366607666,False,0.3342474400997162,0.2351437211036682,True,0.8160651326179504,0.3342474400997162,0.2351437211036682,False,10.0,0.23350560665130615
2.000000000000001,0.5870196223258972,0.5081276893615723,0.2483920454978943,8.0,0.3955129384994507,0.02480209246277809,-0.02016317844390869,0.5,isaac,march,7,1,direct,0.5,0.2,True,False,0.476813942193985,0.019585315138101578,0.11050406098365784,0.01578652858734131,False,0.5086011290550232,0.2504976987838745,True,0.9825326204299927,0.5086011290550232,0.2504976987838745,False,10.0,0.2282288670539856
2.0,0.6694960594177246,0.5873978137969971,0.4275768995285034,8.0,0.39458703994750977,0.03404497727751732,-0.17011260986328125,0.5,isaac,march,7,2,direct,0.5,0.2,True,False,0.406722754240036,0.02210298739373684,0.12471640855073929,-0.0305633544921875,False,0.5892758369445801,0.43108928203582764,True,1.0640830993652344,0.5892758369445801,0.43108928203582764,False,10.0,0.25746428966522217
2.000000000000001,0.6665229797363281,0.5750237107276917,0.4014260768890381,8.0,0.40035489201545715,0.026484142988920212,-0.15119647979736328,0.5,isaac,march,7,3,direct,0.5,0.2,True,False,0.41971907019615173,0.01883205585181713,0.09544220566749573,-0.02476024627685547,False,0.5655277371406555,0.4209268093109131,True,1.0668779611587524,0.5655277371406555,0.4209268093109131,False,10.000000000000002,0.2502295970916748
2.0,0.6766147017478943,0.5779317617416382,0.303377628326416,8.0,0.4085485637187958,0.025519955903291702,-0.07425689697265625,0.5,isaac,march,7,4,direct,0.5,0.2,True,False,0.39890724420547485,0.02021028846502304,0.0968390703201294,-0.006593465805053711,False,0.5622204542160034,0.3276228904724121,True,1.0851632356643677,0.5622204542160034,0.3276228904724121,False,10.0,0.22912073135375977
2.000000000000001,0.6196311712265015,0.5145710110664368,0.3017970323562622,8.0,0.40291982889175415,0.02353634685277939,-0.07606053352355957,0.5,isaac,march,7,5,direct,0.5,0.2,True,False,0.405788391828537,0.018946951255202293,0.10737717151641846,-0.0233917236328125,False,0.4964713752269745,0.33395445346832275,True,1.0225510597229004,0.4964713752269745,0.33395445346832275,False,10.0,0.22573649883270264
2.0,0.4901084005832672,0.39006876945495605,0.1853492259979248,8.0,0.403772234916687,0.020069655030965805,0.026233673095703125,0.5,isaac,march,7,6,direct,0.5,0.2,True,False,0.40454789996147156,0.020103251561522484,0.1163933277130127,-0.019388198852539062,False,0.38013118505477905,0.23615741729736328,True,0.8938807249069214,0.38013118505477905,0.23615741729736328,False,10.0,0.21158289909362793
2.000000000000001,0.38800591230392456,0.29576563835144043,0.14299511909484863,7.999999999999999,0.39088886976242065,0.021438153460621834,0.038198232650756836,0.5,isaac,march,7,7,direct,0.5,0.2,True,False,0.41264399886131287,0.021115735173225403,0.11296845972537994,-0.00779271125793457,False,0.2968415319919586,0.20377326011657715,True,0.7788947820663452,0.2968415319919586,0.20377326011657715,False,10.0,0.18119335174560547
2.0,0.7154586911201477,0.6560492515563965,-0.3023197650909424,8.0,0.40813082456588745,0.03755096718668938,0.3345308303833008,0.5,isaac,march,7,8,direct,0.5,0.2,True,False,0.49817919731140137,0.021540243178606033,0.10071852803230286,0.03778576850891113,False,0.6274979114532471,0.3754584789276123,True,1.1235895156860352,0.6274979114532471,0.3754584789276123,False,10.0,0.0322110652923584
2.000000000000001,0.49857014417648315,0.45937272906303406,-0.20287561416625977,8.0,0.40045642852783203,0.045127905905246735,0.3005964756011963,0.5,isaac,march,7,9,direct,0.5,0.2,True,False,0.4953139126300812,0.022170329466462135,0.10127947479486465,0.04854536056518555,False,0.4264911115169525,0.20920491218566895,True,0.8990265727043152,0.4264911115169525,0.20920491218566895,False,10.0,0.09772086143493652
2.0,0.7316008806228638,0.6613588929176331,-0.35465365648269653,8.0,0.3927074372768402,0.039247844368219376,0.4040611982345581,0.5,isaac,march,7,10,direct,0.5,0.2,True,False,0.4475758969783783,0.021290194243192673,0.10526487231254578,0.06467661261558533,False,0.6257443428039551,0.39962416887283325,True,1.1243083477020264,0.6257443428039551,0.39962416887283325,False,10.0,0.04940754175186157
2.000000000000001,0.7566316723823547,0.657762885093689,-0.29997262358665466,7.999999999999999,0.40490958094596863,0.03433450311422348,0.36221805214881897,0.5,isaac,march,7,11,direct,0.5,0.2,True,False,0.43068453669548035,0.01975937932729721,0.0994357019662857,0.05756375193595886,False,0.6243524551391602,0.4106941521167755,True,1.161541223526001,0.6243524551391602,0.4106941521167755,False,10.0,0.06224542856216431
2.0,0.7438197731971741,0.6439586281776428,0.05585247278213501,8.0,0.4028167426586151,0.024185597896575928,0.07123130559921265,0.5,isaac,march,7,12,direct,0.5,0.2,True,False,0.4307660758495331,0.018788237124681473,0.09475281089544296,0.0035277605056762695,False,0.6235377788543701,0.31313377618789673,True,1.1466364860534668,0.6235377788543701,0.31313377618789673,False,10.0,0.12708377838134766
2.000000000000001,0.7410945892333984,0.655458927154541,0.2996037006378174,8.0,0.4078734517097473,0.039466019719839096,-0.08023881912231445,0.5,isaac,march,7,13,direct,0.5,0.2,True,False,0.42702487111091614,0.01943366415798664,0.10463347285985947,-0.009898185729980469,False,0.6202771067619324,0.3331034183502197,True,1.148967981338501,0.6202771067619324,0.3331034183502197,False,10.0,0.21936488151550293
2.0,0.4695623219013214,0.36219605803489685,-0.0860733836889267,8.0,0.3994542956352234,0.04489004611968994,0.19957391917705536,0.5,isaac,march,7,14,direct,0.5,0.2,True,False,0.416459858417511,0.02177799679338932,0.10799698531627655,0.04756012558937073,False,0.32968050241470337,0.21102257072925568,True,0.8690165281295776,0.32968050241470337,0.21102257072925568,False,10.0,0.11350053548812866
2.000000000000001,0.3862791061401367,0.31620460748672485,0.14252007007598877,7.999999999999999,0.39144161343574524,0.045570190995931625,0.0503079891204834,0.5,isaac,march,7,15,direct,0.5,0.2,True,False,0.4924001693725586,0.021406404674053192,0.11360432207584381,0.0307009220123291,False,0.313837468624115,0.19282805919647217,True,0.7777206897735596,0.313837468624115,0.19282805919647217,False,10.0,0.19282805919647217
2.0,0.41863539814949036,0.3403652608394623,0.19922232627868652,8.0,0.3975173234939575,0.046275243163108826,-0.06580519676208496,1.0,isaac,march,8,0,direct,0.5,0.2,True,False,0.4968346953392029,0.020418720319867134,0.11970573663711548,0.02444446086883545,False,0.3400375545024872,0.20230460166931152,True,0.8161526918411255,0.3400375545024872,0.20230460166931152,False,10.0,0.13341712951660156
2.000000000000001,0.5870196223258972,0.5081276893615723,0.2483920454978943,8.0,0.39929139614105225,0.03378365933895111,-0.11860406398773193,1.0,isaac,march,8,1,direct,0.5,0.2,True,False,0.476813942193985,0.022749513387680054,0.11619415879249573,0.007198631763458252,False,0.5152382850646973,0.2504929304122925,True,0.9863110184669495,0.5152382850646973,0.2504929304122925,False,10.0,0.12978798151016235
2.0,0.6694960594177246,0.5873978137969971,0.4275768995285034,8.0,0.3955352008342743,0.03366905823349953,-0.26024162769317627,1.0,isaac,march,8,2,direct,0.5,0.2,True,False,0.406722754240036,0.02196856588125229,0.13638490438461304,-0.04538524150848389,False,0.5957580208778381,0.43108928203582764,True,1.0650311708450317,0.5957580208778381,0.43108928203582764,False,10.0,0.16733527183532715
2.000000000000001,0.6665229797363281,0.5750237107276917,0.4014260768890381,8.0,0.40161874890327454,0.024061180651187897,-0.25159597396850586,1.0,isaac,march,8,3,direct,0.5,0.2,True,False,0.41971907019615173,0.020389465615153313,0.11178766936063766,-0.034835100173950195,False,0.5716242790222168,0.4209268093109131,True,1.0681418180465698,0.5716242790222168,0.4209268093109131,False,10.000000000000002,0.14983010292053223
2.0,0.6766147017478943,0.5779317617416382,0.303377628326416,8.0,0.40545016527175903,0.027574224397540092,-0.17559599876403809,1.0,isaac,march,8,4,direct,0.5,0.2,True,False,0.39890724420547485,0.019816603511571884,0.09849558025598526,-0.018895387649536133,False,0.5650506615638733,0.3276228904724121,True,1.0820648670196533,0.5650506615638733,0.3276228904724121,False,10.0,0.12778162956237793
2.000000000000001,0.6196311712265015,0.5145710110664368,0.3017970323562622,8.0,0.40264892578125,0.023999633267521858,-0.17407989501953125,1.0,isaac,march,8,5,direct,0.5,0.2,True,False,0.405788391828537,0.019845224916934967,0.1144590824842453,-0.021419525146484375,False,0.5071075558662415,0.33395445346832275,True,1.0222800970077515,0.5071075558662415,0.33395445346832275,False,10.0,0.12771713733673096
2.0,0.4901084005832672,0.39006876945495605,0.1853492259979248,8.0,0.4038008749485016,0.01846059039235115,-0.07402276992797852,1.0,isaac,march,8,6,direct,0.5,0.2,True,False,0.40454789996147156,0.020519448444247246,0.11687798798084259,-0.0217440128326416,False,0.3829493820667267,0.21398448944091797,True,0.8939092755317688,0.3829493820667267,0.21398448944091797,False,10.0,0.11132645606994629
2.000000000000001,0.38800591230392456,0.29576563835144043,0.14299511909484863,7.999999999999999,0.39309900999069214,0.030306151136755943,-0.04294323921203613,1.0,isaac,march,8,7,direct,0.5,0.2,True,False,0.41264399886131287,0.021203819662332535,0.11838963627815247,-0.019377470016479492,False,0.2985457181930542,0.15792512893676758,True,0.7811048030853271,0.2985457181930542,0.15792512893676758,False,10.0,0.1000518798828125
2.0,0.7154586911201477,0.6560492515563965,-0.3023197650909424,8.0,0.4077422022819519,0.04058872163295746,0.3471653461456299,1.0,isaac,march,8,8,direct,0.5,0.2,True,False,0.49817919731140137,0.02220572531223297,0.09982484579086304,0.019920825958251953,False,0.6233339309692383,0.3754584789276123,True,1.1232008934020996,0.6233339309692383,0.3754584789276123,False,10.0,0.0448455810546875
2.000000000000001,0.49857014417648315,0.45937272906303406,-0.20287561416625977,8.0,0.40194523334503174,0.045762255787849426,0.275252103805542,1.0,isaac,march,8,9,direct,0.5,0.2,True,False,0.4953139126300812,0.023318756371736526,0.10395810753107071,0.026190519332885742,False,0.4274649918079376,0.20920491218566895,True,0.9005153775215149,0.4274649918079376,0.20920491218566895,False,10.0,0.07237648963928223
2.0,0.7316008806228638,0.6613588929176331,-0.35465365648269653,8.0,0.394191712141037,0.04157865047454834,0.40859556198120117,1.0,isaac,march,8,10,direct,0.5,0.2,True,False,0.4475758969783783,0.020878734067082405,0.10098209232091904,0.03433482348918915,False,0.6256248950958252,0.39962416887283325,True,1.1257925033569336,0.6256248950958252,0.39962416887283325,False,10.0,0.05394192039966583
2.000000000000001,0.7566316723823547,0.657762885093689,-0.29997262358665466,7.999999999999999,0.4038432538509369,0.03087075799703598,0.36490291357040405,1.0,isaac,march,8,11,direct,0.5,0.2,True,False,0.43068453669548035,0.01950809545814991,0.09912554919719696,0.032560884952545166,False,0.6269626021385193,0.4106941521167755,True,1.1604748964309692,0.6269626021385193,0.4106941521167755,False,10.0,0.06493028998374939
2.0,0.7438197731971741,0.6439586281776428,0.05585247278213501,8.0,0.39677858352661133,0.026423495262861252,0.018149375915527344,1.0,isaac,march,8,12,direct,0.5,0.2,True,False,0.4307660758495331,0.019414879381656647,0.09944097697734833,-0.011999428272247314,False,0.6234313249588013,0.31313377618789673,True,1.1405982971191406,0.6234313249588013,0.31313377618789673,False,10.0,0.07400184869766235
2.000000000000001,0.7410945892333984,0.655458927154541,0.2996037006378174,8.0,0.40603744983673096,0.04017651081085205,-0.1961686611175537,1.0,isaac,march,8,13,direct,0.5,0.2,True,False,0.42702487111091614,0.020084990188479424,0.11044517904520035,-0.02195119857788086,False,0.6244808435440063,0.3331034183502197,True,1.1471319198608398,0.6244808435440063,0.3331034183502197,False,10.0,0.10343503952026367
2.0,0.4695623219013214,0.36219605803489685,-0.0860733836889267,8.0,0.3979256749153137,0.04388384148478508,0.1704208105802536,1.0,isaac,march,8,14,direct,0.5,0.2,True,False,0.416459858417511,0.021905997768044472,0.11186164617538452,0.02733558416366577,False,0.32799628376960754,0.21102257072925568,True,0.8674880266189575,0.32799628376960754,0.21102257072925568,False,10.0,0.0843474268913269
2.000000000000001,0.3862791061401367,0.31620460748672485,0.14252007007598877,7.999999999999999,0.3928599953651428,0.05099130794405937,-0.02155923843383789,1.0,isaac,march,8,15,direct,0.5,0.2,True,False,0.4924001693725586,0.02215544879436493,0.11906518787145615,0.024464130401611328,False,0.3194546699523926,0.1487506628036499,True,0.7791391015052795,0.3194546699523926,0.1487506628036499,False,10.0,0.12096083164215088
