time,target_q,current_q,error,dq
0,0.250434,0.150434,0.1,2.8577e-07
0.002,0.250434,0.150434,0.1,2.86327e-07
0.004,0.250434,0.150531,0.0999028,0.0485778
0.006,0.250434,0.150725,0.0997093,0.0967487
0.008,0.250434,0.150725,0.0997093,0.0967487
0.01,0.250434,0.151004,0.0994299,0.139699
0.012,0.250434,0.151359,0.0990751,0.17743
0.014,0.250434,0.152258,0.0981759,0.239166
0.016,0.250434,0.152786,0.0976477,0.264095
0.018,0.250434,0.155977,0.094457,0.350671
0.02,0.250434,0.156709,0.0937252,0.365899
0.022,0.250434,0.158206,0.0922274,0.376559
0.024,0.250434,0.158965,0.0914686,0.379422
0.026,0.250434,0.159728,0.0907063,0.381128
0.028,0.250434,0.159728,0.0907063,0.381128
0.03,0.250434,0.162774,0.0876595,0.379464
0.032,0.250434,0.162774,0.0876595,0.379464
0.034,0.250434,0.163531,0.0869029,0.378295
0.036,0.250434,0.165025,0.0854085,0.371853
0.038,0.250434,0.165761,0.0846725,0.367968
0.04,0.250434,0.167207,0.0832265,0.359276
0.042,0.250434,0.167207,0.0832265,0.359276
0.044,0.250434,0.167917,0.0825174,0.35455
0.046,0.250434,0.168616,0.0818181,0.349618
0.048,0.250434,0.169305,0.0811291,0.344513
0.05,0.250434,0.169983,0.0804506,0.339261
0.052,0.250434,0.171308,0.079126,0.32842
0.054,0.250434,0.171954,0.0784802,0.322874
0.056,0.250434,0.172588,0.0778456,0.317277
0.058,0.250434,0.173824,0.0766103,0.306015
0.06,0.250434,0.173824,0.0766103,0.306015
0.062,0.250434,0.174424,0.0760096,0.300376
0.064,0.250434,0.175014,0.0754201,0.294744
0.066,0.250434,0.175592,0.0748418,0.289131
0.068,0.250434,0.175592,0.0748418,0.289131
0.07,0.250434,0.175592,0.0748418,0.289131
0.072,0.250434,0.177794,0.0726398,0.266965
0.074,0.250434,0.178317,0.0721167,0.261552
0.076,0.250434,0.179331,0.0711026,0.250877
0.078,0.250434,0.179823,0.0706114,0.245623
0.08,0.250434,0.180303,0.0701305,0.240433
0.082,0.250434,0.180774,0.0696599,0.235313
0.084,0.250434,0.181235,0.0691991,0.230371
0.086,0.250434,0.181686,0.0687474,0.225866
0.088,0.250434,0.182566,0.0678682,0.217884
0.09,0.250434,0.182994,0.0674396,0.214267
0.092,0.250434,0.183416,0.067018,0.210827
0.094,0.250434,0.183831,0.0666029,0.207522
0.096,0.250434,0.184642,0.0657919,0.201188
0.098,0.250434,0.184642,0.0657919,0.201188
0.1,0.250434,0.185038,0.0653957,0.198111
0.102,0.250434,0.185428,0.0650056,0.195068
0.104,0.250434,0.18619,0.0642434,0.189038
0.106,0.250434,0.18619,0.0642434,0.189038
0.108,0.250434,0.186563,0.0638713,0.186032
0.11,0.250434,0.187289,0.0631453,0.180006
0.112,0.250434,0.187643,0.0627913,0.176979
0.114,0.250434,0.18799,0.0624434,0.17394
0.116,0.250434,0.188332,0.0621017,0.170889
0.118,0.250434,0.188332,0.0621017,0.170889
0.12,0.250434,0.188332,0.0621017,0.170889
0.122,0.250434,0.189949,0.0604849,0.155526
0.124,0.250434,0.190254,0.0601801,0.152407
0.126,0.250434,0.190552,0.0598815,0.149281
0.128,0.250434,0.190845,0.0595892,0.146152
0.13,0.250434,0.191131,0.0593032,0.143024
0.132,0.250434,0.19141,0.0590234,0.139897
0.134,0.250434,0.192212,0.0582214,0.130551
0.136,0.250434,0.192467,0.0579666,0.127427
0.138,0.250434,0.192959,0.0574753,0.121278
0.14,0.250434,0.193195,0.0572389,0.118228
0.142,0.250434,0.193195,0.0572389,0.118228
0.144,0.250434,0.19365,0.0567841,0.112186
0.146,0.250434,0.193868,0.0565657,0.109197
0.148,0.250434,0.194287,0.0561467,0.103296
0.15,0.250434,0.194287,0.0561467,0.103296
0.152,0.250434,0.194488,0.0559459,0.100385
0.154,0.250434,0.194872,0.0555616,0.0946536
0.156,0.250434,0.195056,0.0553779,0.0918351
0.158,0.250434,0.195056,0.0553779,0.0918351
0.16,0.250434,0.195407,0.0550272,0.0862992
0.162,0.250434,0.195574,0.05486,0.0835842
0.164,0.250434,0.195736,0.0546982,0.080906
0.166,0.250434,0.195892,0.0545417,0.0782655
0.168,0.250434,0.19619,0.0542442,0.0731013
0.17,0.250434,0.196331,0.054103,0.0705792
0.172,0.250434,0.196846,0.0535877,0.0607143
0.174,0.250434,0.196963,0.0534712,0.0582142
0.176,0.250434,0.197075,0.0533593,0.0559703
0.178,0.250434,0.197182,0.0532517,0.0537799
0.18,0.250434,0.197384,0.0530494,0.0495217
0.182,0.250434,0.197479,0.0529545,0.0474546
0.184,0.250434,0.19757,0.0528637,0.0454295
0.186,0.250434,0.197657,0.0527768,0.043447
0.188,0.250434,0.19774,0.0526938,0.0415073
0.19,0.250434,0.197895,0.052539,0.0377575
0.192,0.250434,0.197895,0.052539,0.0377575
0.194,0.250434,0.198035,0.0523988,0.0341811
0.196,0.250434,0.1981,0.0523338,0.0324579
0.198,0.250434,0.198162,0.0522723,0.030778
0.2,0.250434,0.198275,0.0521589,0.0275472
0.202,0.250434,0.198275,0.0521589,0.0275472
0.204,0.250434,0.198327,0.0521069,0.0259959
0.206,0.250434,0.198376,0.052058,0.0244869
0.208,0.250434,0.198422,0.0520119,0.0230201
0.21,0.250434,0.198506,0.0519283,0.0202111
0.212,0.250434,0.198543,0.0518906,0.0188683
0.214,0.250434,0.198578,0.0518554,0.0175659
0.216,0.250434,0.198611,0.0518228,0.0163036
0.218,0.250434,0.198717,0.0517165,0.0114898
0.22,0.250434,0.198717,0.0517165,0.0114898
0.222,0.250434,0.198738,0.0516959,0.0102699
0.224,0.250434,0.198773,0.0516607,0.00837238
0.226,0.250434,0.198788,0.0516454,0.00764947
0.228,0.250434,0.198788,0.0516454,0.00764947
0.23,0.250434,0.198788,0.0516454,0.00764947
0.232,0.250434,0.19884,0.0515941,0.00584077
0.234,0.250434,0.198851,0.051583,0.0055636
0.236,0.250434,0.198862,0.0515723,0.00533897
0.238,0.250434,0.198882,0.051552,0.00499567
0.24,0.250434,0.198882,0.051552,0.00499567
0.242,0.250434,0.198892,0.0515423,0.00486455
0.244,0.250434,0.198901,0.0515328,0.00475411
0.246,0.250434,0.19891,0.0515234,0.0046607
0.248,0.250434,0.198929,0.0515053,0.00451364
0.25,0.250434,0.198938,0.0514963,0.00445559
0.252,0.250434,0.198946,0.0514875,0.00440559
0.254,0.250434,0.198964,0.0514702,0.0043247
0.256,0.250434,0.198964,0.0514702,0.0043247
0.258,0.250434,0.198972,0.0514616,0.00429182
0.26,0.250434,0.198989,0.0514446,0.00423749
0.262,0.250434,0.198998,0.0514361,0.00421491
0.264,0.250434,0.199006,0.0514278,0.0041948
0.266,0.250434,0.199014,0.0514194,0.00417681
0.268,0.250434,0.199023,0.0514111,0.00416064
0.27,0.250434,0.199039,0.0513945,0.00413282
0.272,0.250434,0.199039,0.0513945,0.00413282
0.274,0.250434,0.199048,0.0513863,0.00412077
0.276,0.250434,0.199048,0.0513863,0.00412077
0.278,0.250434,0.199048,0.0513863,0.00412077
0.28,0.250434,0.199089,0.0513453,0.00407767
0.282,0.250434,0.199097,0.0513372,0.00407245
0.284,0.250434,0.199097,0.0513372,0.00407245
0.286,0.250434,0.199105,0.0513291,0.00406426
0.288,0.250434,0.199121,0.0513129,0.00404978
0.29,0.250434,0.199129,0.0513048,0.00404335
0.292,0.250434,0.199137,0.0512967,0.00403737
0.294,0.250434,0.199145,0.0512886,0.00403176
0.296,0.250434,0.199153,0.0512806,0.0040265
0.298,0.250434,0.199169,0.0512645,0.00401681
0.3,0.250434,0.199169,0.0512645,0.00401681
0.302,0.250434,0.199177,0.0512565,0.00401232
0.304,0.250434,0.199193,0.0512405,0.00400391
0.306,0.250434,0.199201,0.0512325,0.00399995
0.308,0.250434,0.199209,0.0512245,0.00399614
0.31,0.250434,0.199225,0.0512085,0.00398886
0.312,0.250434,0.199233,0.0512005,0.00398538
0.314,0.250434,0.199241,0.0511926,0.00398198
0.316,0.250434,0.199241,0.0511926,0.00398198
0.318,0.250434,0.199249,0.0511846,0.00397867
0.32,0.250434,0.199265,0.0511687,0.00397225
0.322,0.250434,0.199273,0.0511608,0.00396913
0.324,0.250434,0.199273,0.0511608,0.00396913
0.326,0.250434,0.199313,0.0511212,0.00395639
0.328,0.250434,0.199313,0.0511212,0.00395639
0.33,0.250434,0.199328,0.0511054,0.00395176
0.332,0.250434,0.199328,0.0511054,0.00395176
0.334,0.250434,0.199344,0.0510896,0.00394496
0.336,0.250434,0.199344,0.0510896,0.00394496
0.338,0.250434,0.199352,0.0510817,0.00394176
0.34,0.250434,0.199368,0.0510659,0.00393567
0.342,0.250434,0.199376,0.0510581,0.00393349
0.344,0.250434,0.199391,0.0510424,0.0039275
0.346,0.250434,0.199391,0.0510424,0.0039275
0.348,0.250434,0.199407,0.0510267,0.00392176
0.35,0.250434,0.199415,0.0510188,0.00391896
0.352,0.250434,0.199415,0.0510188,0.00391896
0.354,0.250434,0.199431,0.0510032,0.00391345
0.356,0.250434,0.199446,0.0509875,0.00390803
0.358,0.250434,0.199446,0.0509875,0.00390803
0.36,0.250434,0.199454,0.0509797,0.00390534
0.362,0.250434,0.19947,0.0509641,0.0039
0.364,0.250434,0.199478,0.0509563,0.00389734
0.366,0.250434,0.199485,0.0509485,0.00389468
0.368,0.250434,0.199493,0.0509408,0.00389203
0.37,0.250434,0.199501,0.050933,0.00388938
0.372,0.250434,0.199516,0.0509174,0.00388408
0.374,0.250434,0.199516,0.0509174,0.00388408
0.376,0.250434,0.199524,0.0509097,0.00388144
0.378,0.250434,0.199563,0.0508709,0.00387026
0.38,0.250434,0.199563,0.0508709,0.00387026
0.382,0.250434,0.199571,0.0508632,0.00386944
0.384,0.250434,0.199586,0.0508477,0.00386268
0.386,0.250434,0.199594,0.05084,0.00385949
0.388,0.250434,0.199602,0.0508323,0.00385639
0.39,0.250434,0.199609,0.0508246,0.00385338
0.392,0.250434,0.199625,0.0508092,0.00384752
0.394,0.250434,0.199632,0.0508015,0.00384465
0.396,0.250434,0.199632,0.0508015,0.00384465
0.398,0.250434,0.19964,0.0507938,0.00384181
0.4,0.250434,0.199655,0.0507785,0.00383618
0.402,0.250434,0.199663,0.0507708,0.00383339
0.404,0.250434,0.199671,0.0507631,0.0038306
0.406,0.250434,0.199686,0.0507478,0.00382504
0.408,0.250434,0.199686,0.0507478,0.00382504
0.41,0.250434,0.199701,0.0507326,0.00381947
0.412,0.250434,0.199701,0.0507326,0.00381947
0.414,0.250434,0.199717,0.0507173,0.00381389
0.416,0.250434,0.199724,0.0507097,0.00381109
0.418,0.250434,0.199732,0.0507021,0.00380829
0.42,0.250434,0.199732,0.0507021,0.00380829
0.422,0.250434,0.199762,0.0506716,0.00379774
0.424,0.250434,0.19977,0.0506641,0.00379476
0.426,0.250434,0.199785,0.0506489,0.00378883
0.428,0.250434,0.199793,0.0506413,0.00378589
0.43,0.250434,0.1998,0.0506338,0.00378295
0.432,0.250434,0.199808,0.0506262,0.00378002
0.434,0.250434,0.199808,0.0506262,0.00378002
0.436,0.250434,0.199808,0.0506262,0.00378002
0.438,0.250434,0.199838,0.050596,0.00376899
0.44,0.250434,0.199845,0.0505885,0.00376591
0.442,0.250434,0.199853,0.0505809,0.00376283
0.444,0.250434,0.19986,0.0505734,0.00375977
0.446,0.250434,0.199868,0.0505659,0.00375672
0.448,0.250434,0.199875,0.0505584,0.00375368
0.45,0.250434,0.19989,0.0505434,0.0037476
0.452,0.250434,0.199898,0.0505359,0.00374456
0.454,0.250434,0.199905,0.0505284,0.00374152
0.456,0.250434,0.199913,0.050521,0.00373847
0.458,0.250434,0.19992,0.0505135,0.00373541
0.46,0.250434,0.199928,0.050506,0.00373234
0.462,0.250434,0.199935,0.0504986,0.00372927
0.464,0.250434,0.199943,0.0504911,0.00372619
0.466,0.250434,0.199958,0.0504762,0.00371999
0.468,0.250434,0.199965,0.0504688,0.00371688
0.47,0.250434,0.199972,0.0504614,0.00371376
0.472,0.250434,0.19998,0.0504539,0.00371062
0.474,0.250434,0.199987,0.0504465,0.00370748
0.476,0.250434,0.199987,0.0504465,0.00370748
0.478,0.250434,0.200024,0.0504096,0.00369355
0.48,0.250434,0.200024,0.0504096,0.00369355
0.482,0.250434,0.200039,0.0503948,0.0036881
0.484,0.250434,0.200046,0.0503874,0.00368425
0.486,0.250434,0.200054,0.0503801,0.00368051
0.488,0.250434,0.200069,0.0503654,0.00367327
0.49,0.250434,0.200076,0.050358,0.00366973
0.492,0.250434,0.200076,0.050358,0.00366973
0.494,0.250434,0.200083,0.0503507,0.00366623
0.496,0.250434,0.200098,0.050336,0.0036593
0.498,0.250434,0.200105,0.0503287,0.00365586
0.5,0.250434,0.200112,0.0503214,0.00365242
0.502,0.250434,0.20012,0.0503141,0.00364899
0.504,0.250434,0.200134,0.0502996,0.00364212
0.506,0.250434,0.200142,0.0502923,0.00363869
0.508,0.250434,0.200142,0.0502923,0.00363869
0.51,0.250434,0.200156,0.0502777,0.00363179
0.512,0.250434,0.200163,0.0502705,0.00362833
0.514,0.250434,0.200171,0.0502632,0.00362486
0.516,0.250434,0.200178,0.050256,0.00362137
0.518,0.250434,0.200185,0.0502488,0.00361788
0.52,0.250434,0.200192,0.0502415,0.00361438
0.522,0.250434,0.2002,0.0502343,0.00361086
0.524,0.250434,0.2002,0.0502343,0.00361086
0.526,0.250434,0.2002,0.0502343,0.00361086
0.528,0.250434,0.200236,0.0501983,0.00359501
0.53,0.250434,0.200243,0.0501911,0.00359309
0.532,0.250434,0.200257,0.0501768,0.00358458
0.534,0.250434,0.200264,0.0501696,0.00358048
0.536,0.250434,0.200271,0.0501624,0.00357646
0.538,0.250434,0.200279,0.0501553,0.0035725
0.54,0.250434,0.2003,0.0501339,0.00356087
0.542,0.250434,0.200307,0.0501268,0.00355771
0.544,0.250434,0.200321,0.0501126,0.00354984
0.546,0.250434,0.200321,0.0501126,0.00354984
0.548,0.250434,0.200328,0.0501055,0.00354594
0.55,0.250434,0.200343,0.0500913,0.00353819
0.552,0.250434,0.20035,0.0500843,0.00353433
0.554,0.250434,0.200357,0.0500772,0.00353047
0.556,0.250434,0.200364,0.0500702,0.00352661
0.558,0.250434,0.200371,0.0500631,0.00352275
0.56,0.250434,0.200385,0.0500491,0.003515
0.562,0.250434,0.200385,0.0500491,0.003515
0.564,0.250434,0.200392,0.050042,0.00351112
0.566,0.250434,0.200406,0.050028,0.00350333
0.568,0.250434,0.200413,0.050021,0.00349942
0.57,0.250434,0.20042,0.050014,0.0034955
0.572,0.250434,0.200427,0.050007,0.00349157
0.574,0.250434,0.200434,0.0500001,0.00348762
0.576,0.250434,0.200441,0.0499931,0.00348367
0.578,0.250434,0.200448,0.0499861,0.0034797
0.58,0.250434,0.200475,0.0499584,0.00346555
0.582,0.250434,0.200482,0.0499514,0.00346117
0.584,0.250434,0.200496,0.0499376,0.00345255
0.586,0.250434,0.200503,0.0499307,0.00344829
0.588,0.250434,0.20051,0.0499238,0.00344407
0.59,0.250434,0.200517,0.049917,0.00343986
0.592,0.250434,0.200524,0.0499101,0.00343567
0.594,0.250434,0.200537,0.0498964,0.00342731
0.596,0.250434,0.200537,0.0498964,0.00342731
0.598,0.250434,0.200551,0.0498827,0.00341895
0.6,0.250434,0.200558,0.0498759,0.00341477
0.602,0.250434,0.200558,0.0498759,0.00341477
0.604,0.250434,0.200565,0.049869,0.00341059
0.606,0.250434,0.200578,0.0498554,0.00340219
0.608,0.250434,0.200585,0.0498486,0.00339799
0.61,0.250434,0.200592,0.0498418,0.00339377
0.612,0.250434,0.200599,0.0498351,0.00338955
0.614,0.250434,0.200606,0.0498283,0.00338532
0.616,0.250434,0.200612,0.0498215,0.00338108
0.618,0.250434,0.200619,0.0498148,0.00337683
0.62,0.250434,0.200626,0.049808,0.00337257
0.622,0.250434,0.200626,0.049808,0.00337257
0.624,0.250434,0.200646,0.0497878,0.00336037
0.626,0.250434,0.200646,0.0497878,0.00336037
0.628,0.250434,0.200659,0.0497744,0.00335256
0.63,0.250434,0.200666,0.0497677,0.00334796
0.632,0.250434,0.200673,0.049761,0.0033434
0.634,0.250434,0.200686,0.0497477,0.0033344
0.636,0.250434,0.200686,0.0497477,0.0033344
0.638,0.250434,0.200686,0.0497477,0.0033344
0.64,0.250434,0.200706,0.0497277,0.00332103
0.642,0.250434,0.200719,0.0497145,0.00331267
0.644,0.250434,0.200726,0.0497079,0.00330813
0.646,0.250434,0.200733,0.0497013,0.00330362
0.648,0.250434,0.200739,0.0496947,0.00329913
0.65,0.250434,0.200746,0.0496881,0.00329464
0.652,0.250434,0.200752,0.0496815,0.00329016
0.654,0.250434,0.200759,0.0496749,0.00328568
0.656,0.250434,0.200772,0.0496618,0.00327673
0.658,0.250434,0.200779,0.0496553,0.00327226
0.66,0.250434,0.200785,0.0496487,0.00326778
0.662,0.250434,0.200792,0.0496422,0.0032633
0.664,0.250434,0.200798,0.0496357,0.00325882
0.666,0.250434,0.200805,0.0496292,0.00325433
0.668,0.250434,0.200818,0.0496162,0.00324534
0.67,0.250434,0.200818,0.0496162,0.00324534
0.672,0.250434,0.200831,0.0496032,0.00323633
0.674,0.250434,0.200837,0.0495968,0.00323182
0.676,0.250434,0.200844,0.0495903,0.0032273
0.678,0.250434,0.20085,0.0495839,0.00322278
0.68,0.250434,0.200856,0.0495774,0.00321825
0.682,0.250434,0.200863,0.049571,0.00321372
0.684,0.250434,0.200869,0.0495646,0.00320918
0.686,0.250434,0.200882,0.0495518,0.00320009
0.688,0.250434,0.200888,0.0495454,0.00319554
0.69,0.250434,0.200895,0.049539,0.00319099
0.692,0.250434,0.200901,0.0495326,0.00318643
0.694,0.250434,0.20092,0.0495136,0.00316074
0.696,0.250434,0.200927,0.0495073,0.00315518
0.698,0.250434,0.200933,0.049501,0.00314973
0.7,0.250434,0.200945,0.0494884,0.00314039
0.702,0.250434,0.200952,0.0494822,0.00313623
0.704,0.250434,0.200958,0.0494759,0.00313226
0.706,0.250434,0.200964,0.0494696,0.00312842
0.708,0.250434,0.20097,0.0494634,0.00312466
0.71,0.250434,0.200977,0.0494571,0.00312093
0.712,0.250434,0.200989,0.0494447,0.00311346
0.714,0.250434,0.200995,0.0494385,0.00310969
0.716,0.250434,0.201002,0.0494323,0.00310587
0.718,0.250434,0.201008,0.049426,0.00310201
0.72,0.250434,0.201008,0.049426,0.00310201
0.722,0.250434,0.20102,0.0494137,0.00309414
0.724,0.250434,0.201026,0.0494075,0.00309012
0.726,0.250434,0.201033,0.0494013,0.00308606
0.728,0.250434,0.201045,0.049389,0.00307778
0.73,0.250434,0.201045,0.049389,0.00307778
0.732,0.250434,0.201057,0.0493767,0.00306933
0.734,0.250434,0.201057,0.0493767,0.00306933
0.736,0.250434,0.201069,0.0493645,0.00306073
0.738,0.250434,0.201076,0.0493584,0.00305638
0.74,0.250434,0.201082,0.0493522,0.00305201
0.742,0.250434,0.201088,0.0493461,0.00304761
0.744,0.250434,0.201094,0.0493401,0.00304318
0.746,0.250434,0.201118,0.0493158,0.00302687
0.748,0.250434,0.201124,0.0493098,0.00302206
0.75,0.250434,0.20113,0.0493037,0.00301728
0.752,0.250434,0.201136,0.0492977,0.00301254
0.754,0.250434,0.201142,0.0492917,0.00300784
0.756,0.250434,0.201142,0.0492917,0.00300784
0.758,0.250434,0.20116,0.0492737,0.00299388
0.76,0.250434,0.201166,0.0492677,0.00298981
0.762,0.250434,0.201178,0.0492558,0.0029804
0.764,0.250434,0.201178,0.0492558,0.0029804
0.766,0.250434,0.20119,0.0492439,0.00297109
0.768,0.250434,0.201196,0.049238,0.00296647
0.77,0.250434,0.201196,0.049238,0.00296647
0.772,0.250434,0.201208,0.0492261,0.00295726
0.774,0.250434,0.201214,0.0492202,0.00295268
0.776,0.250434,0.201225,0.0492084,0.00294354
0.778,0.250434,0.201225,0.0492084,0.00294354
0.78,0.250434,0.201231,0.0492025,0.00293898
0.782,0.250434,0.201243,0.0491908,0.0029299
0.784,0.250434,0.201243,0.0491908,0.0029299
0.786,0.250434,0.201249,0.049185,0.00292536
0.788,0.250434,0.201261,0.0491733,0.00291632
0.79,0.250434,0.201266,0.0491675,0.00291181
0.792,0.250434,0.201272,0.0491617,0.00290731
0.794,0.250434,0.201278,0.0491558,0.00290281
0.796,0.250434,0.201284,0.04915,0.00289833
0.798,0.250434,0.201307,0.049127,0.00288099
0.8,0.250434,0.201313,0.0491212,0.00287752
0.802,0.250434,0.201318,0.0491154,0.00287278
0.804,0.250434,0.20133,0.049104,0.00286349
0.806,0.250434,0.201336,0.0490983,0.00285892
0.808,0.250434,0.201341,0.0490926,0.00285439
0.81,0.250434,0.201347,0.0490869,0.0028499
0.812,0.250434,0.201358,0.0490755,0.002841
0.814,0.250434,0.201358,0.0490755,0.002841
0.816,0.250434,0.20137,0.0490642,0.00283219
0.818,0.250434,0.201375,0.0490585,0.00282782
0.82,0.250434,0.201375,0.0490585,0.00282782
0.822,0.250434,0.201387,0.0490472,0.00281912
0.824,0.250434,0.201392,0.0490416,0.0028148
0.826,0.250434,0.201398,0.049036,0.00281049
0.828,0.250434,0.201404,0.0490303,0.00280619
0.83,0.250434,0.201415,0.0490192,0.00279764
0.832,0.250434,0.20142,0.0490136,0.00279338
0.834,0.250434,0.20142,0.0490136,0.00279338
0.836,0.250434,0.201426,0.049008,0.00278914
0.838,0.250434,0.201437,0.0489969,0.00278069
0.84,0.250434,0.201443,0.0489913,0.00277648
0.842,0.250434,0.201443,0.0489913,0.00277648
0.844,0.250434,0.201443,0.0489913,0.00277648
0.846,0.250434,0.201443,0.0489913,0.00277648
0.848,0.250434,0.201465,0.0489692,0.0027603
0.85,0.250434,0.20147,0.0489637,0.00275606
0.852,0.250434,0.201476,0.0489582,0.00275185
0.854,0.250434,0.201487,0.0489472,0.00274351
0.856,0.250434,0.201492,0.0489417,0.00273938
0.858,0.250434,0.201498,0.0489362,0.00273528
0.86,0.250434,0.201498,0.0489362,0.00273528
0.862,0.250434,0.201519,0.0489144,0.00271955
0.864,0.250434,0.201525,0.048909,0.00271646
0.866,0.250434,0.20153,0.0489036,0.00271218
0.868,0.250434,0.20153,0.0489036,0.00271218
0.87,0.250434,0.201541,0.0488927,0.00270381
0.872,0.250434,0.201547,0.0488873,0.00269972
0.874,0.250434,0.201552,0.0488819,0.00269567
0.876,0.250434,0.201557,0.0488766,0.00269165
0.878,0.250434,0.201568,0.0488658,0.00268373
0.88,0.250434,0.201573,0.0488605,0.00267982
0.882,0.250434,0.201579,0.0488551,0.00267593
0.884,0.250434,0.201584,0.0488498,0.00267206
0.886,0.250434,0.201589,0.0488444,0.00266822
0.888,0.250434,0.201595,0.0488391,0.00266439
0.89,0.250434,0.2016,0.0488338,0.00266059
0.892,0.250434,0.201611,0.0488232,0.00265304
0.894,0.250434,0.201616,0.0488179,0.0026493
0.896,0.250434,0.201621,0.0488126,0.00264557
0.898,0.250434,0.201627,0.0488073,0.00264186
0.9,0.250434,0.201627,0.0488073,0.00264186
0.902,0.250434,0.201627,0.0488073,0.00264186
0.904,0.250434,0.201627,0.0488073,0.00264186
0.906,0.250434,0.201653,0.048781,0.00262469
0.908,0.250434,0.201658,0.0487757,0.00262136
0.91,0.250434,0.201663,0.0487705,0.00261749
0.912,0.250434,0.201674,0.0487601,0.00260995
0.914,0.250434,0.201679,0.0487548,0.00260627
0.916,0.250434,0.201684,0.0487496,0.00260264
0.918,0.250434,0.201689,0.0487444,0.00259905
0.92,0.250434,0.201695,0.0487392,0.0025955
0.922,0.250434,0.2017,0.0487341,0.00259197
0.924,0.250434,0.201705,0.0487289,0.00258848
0.926,0.250434,0.201715,0.0487186,0.00258158
0.928,0.250434,0.20172,0.0487134,0.00257817
0.93,0.250434,0.201726,0.0487082,0.00257477
0.932,0.250434,0.201731,0.0487031,0.00257141
0.934,0.250434,0.201736,0.048698,0.00256754
0.936,0.250434,0.201741,0.0486928,0.00256431
0.938,0.250434,0.201746,0.0486877,0.00256109
0.94,0.250434,0.201751,0.0486826,0.00255787
0.942,0.250434,0.201761,0.0486724,0.00255146
0.944,0.250434,0.201761,0.0486724,0.00255146
0.946,0.250434,0.201767,0.0486673,0.00254827
0.948,0.250434,0.201767,0.0486673,0.00254827
0.95,0.250434,0.201777,0.0486571,0.00254192
0.952,0.250434,0.201797,0.0486368,0.00253075
0.954,0.250434,0.201802,0.0486318,0.00252885
0.956,0.250434,0.201812,0.0486217,0.0025218
0.958,0.250434,0.201817,0.0486166,0.00251844
0.96,0.250434,0.201817,0.0486166,0.00251844
0.962,0.250434,0.201832,0.0486016,0.0025088
0.964,0.250434,0.201842,0.0485916,0.00250305
0.966,0.250434,0.201847,0.0485866,0.00249996
0.968,0.250434,0.201847,0.0485866,0.00249996
0.97,0.250434,0.201857,0.0485766,0.00249395
0.972,0.250434,0.201862,0.0485716,0.002491
0.974,0.250434,0.201872,0.0485616,0.00248522
0.976,0.250434,0.201872,0.0485616,0.00248522
0.978,0.250434,0.201877,0.0485567,0.00248237
0.98,0.250434,0.201887,0.0485468,0.00247676
0.982,0.250434,0.201887,0.0485468,0.00247676
0.984,0.250434,0.201897,0.0485369,0.00247124
0.986,0.250434,0.201902,0.0485319,0.00246852
0.988,0.250434,0.201907,0.048527,0.00246582
0.99,0.250434,0.201912,0.0485221,0.00246314
0.992,0.250434,0.201917,0.0485172,0.00246049
0.994,0.250434,0.201922,0.0485123,0.00245785
0.996,0.250434,0.201931,0.0485024,0.00245264
0.998,0.250434,0.201946,0.0484878,0.00244496
1,0.250434,0.201951,0.0484829,0.00244291
1.002,0.250434,0.201961,0.0484731,0.00243776
1.004,0.250434,0.201966,0.0484682,0.00243524
1.006,0.250434,0.20197,0.0484634,0.00243275
1.008,0.250434,0.201975,0.0484585,0.00243029
1.01,0.250434,0.201985,0.0484488,0.00242544
1.012,0.250434,0.201985,0.0484488,0.00242544
1.014,0.250434,0.201995,0.0484391,0.00242069
1.016,0.250434,0.202,0.0484343,0.00241835
1.018,0.250434,0.202004,0.0484294,0.00241603
1.02,0.250434,0.202009,0.0484246,0.00241373
1.022,0.250434,0.202014,0.0484198,0.00241145
1.024,0.250434,0.202019,0.048415,0.00240919
1.026,0.250434,0.202024,0.0484102,0.00240695
1.028,0.250434,0.202033,0.0484006,0.00240253
1.03,0.250434,0.202033,0.0484006,0.00240253
1.032,0.250434,0.202038,0.0483958,0.00240035
1.034,0.250434,0.202048,0.0483862,0.00239604
1.036,0.250434,0.202052,0.0483814,0.00239391
1.038,0.250434,0.202057,0.0483766,0.0023918
1.04,0.250434,0.202062,0.0483718,0.00238971
1.042,0.250434,0.202067,0.048367,0.00238764
1.044,0.250434,0.202072,0.0483623,0.00238558
1.046,0.250434,0.202076,0.0483575,0.00238354
1.048,0.250434,0.202076,0.0483575,0.00238354
1.05,0.250434,0.202076,0.0483575,0.00238354
1.052,0.250434,0.202105,0.048329,0.00237296
1.054,0.250434,0.20211,0.0483242,0.00237079
1.056,0.250434,0.20211,0.0483242,0.00237079
1.058,0.250434,0.202114,0.0483195,0.00236868
1.06,0.250434,0.202114,0.0483195,0.00236868
1.062,0.250434,0.202133,0.0483006,0.00236075
1.064,0.250434,0.202138,0.0482959,0.00235932
1.066,0.250434,0.202147,0.0482864,0.00235548
1.068,0.250434,0.202152,0.0482817,0.00235362
1.07,0.250434,0.202157,0.048277,0.00235179
1.072,0.250434,0.202162,0.0482723,0.00234999
1.074,0.250434,0.202166,0.0482676,0.00234823
1.076,0.250434,0.202171,0.0482629,0.00234648
1.078,0.250434,0.20218,0.0482536,0.00234307
1.08,0.250434,0.202185,0.0482489,0.00234139
1.082,0.250434,0.202185,0.0482489,0.00234139
1.084,0.250434,0.202194,0.0482395,0.00233809
1.086,0.250434,0.202199,0.0482349,0.00233647
1.088,0.250434,0.202204,0.0482302,0.00233487
1.09,0.250434,0.202208,0.0482255,0.00233328
1.092,0.250434,0.202213,0.0482209,0.0023317
1.094,0.250434,0.202222,0.0482115,0.0023286
1.096,0.250434,0.202227,0.0482069,0.00232707
1.098,0.250434,0.202232,0.0482022,0.00232556
1.1,0.250434,0.202236,0.0481976,0.00232406
1.102,0.250434,0.202236,0.0481976,0.00232406
1.104,0.250434,0.202236,0.0481976,0.00232406
1.106,0.250434,0.202259,0.0481744,0.00231778
1.108,0.250434,0.202264,0.0481697,0.00231661
1.11,0.250434,0.202269,0.0481651,0.00231495
1.112,0.250434,0.202273,0.0481605,0.00231335
1.114,0.250434,0.202278,0.0481559,0.00231181
1.116,0.250434,0.202287,0.0481466,0.00230885
1.118,0.250434,0.202292,0.048142,0.00230742
1.12,0.250434,0.202296,0.0481374,0.00230602
1.122,0.250434,0.202301,0.0481328,0.00230465
1.124,0.250434,0.20231,0.0481236,0.00230197
1.126,0.250434,0.202315,0.048119,0.00230066
1.128,0.250434,0.202319,0.0481144,0.00229936
1.13,0.250434,0.202324,0.0481098,0.00229808
1.132,0.250434,0.202329,0.0481052,0.00229682
1.134,0.250434,0.202333,0.0481006,0.00229557
1.136,0.250434,0.202338,0.048096,0.00229433
1.138,0.250434,0.202342,0.0480914,0.0022931
1.14,0.250434,0.202352,0.0480823,0.00229068
1.142,0.250434,0.202352,0.0480823,0.00229068
1.144,0.250434,0.202356,0.0480777,0.00228948
1.146,0.250434,0.202365,0.0480685,0.00228713
1.148,0.250434,0.20237,0.048064,0.00228596
1.15,0.250434,0.202374,0.0480594,0.00228481
1.152,0.250434,0.202379,0.0480548,0.00228366
1.154,0.250434,0.202384,0.0480503,0.00228253
1.156,0.250434,0.202393,0.0480411,0.00228028
1.158,0.250434,0.202393,0.0480411,0.00228028
1.16,0.250434,0.202397,0.0480366,0.00227917
1.162,0.250434,0.202402,0.048032,0.00227807
1.164,0.250434,0.202406,0.0480275,0.00227697
1.166,0.250434,0.202415,0.0480184,0.00227481
1.168,0.250434,0.20242,0.0480138,0.00227374
1.17,0.250434,0.202425,0.0480093,0.00227267
1.172,0.250434,0.202429,0.0480047,0.00227162
1.174,0.250434,0.202438,0.0479957,0.00226952
1.176,0.250434,0.202438,0.0479957,0.00226952
1.178,0.250434,0.202438,0.0479957,0.00226952
1.18,0.250434,0.202456,0.0479775,0.00226584
1.182,0.250434,0.202461,0.047973,0.00226562
1.184,0.250434,0.202465,0.0479685,0.00226437
1.186,0.250434,0.20247,0.0479639,0.00226317
1.188,0.250434,0.202479,0.0479549,0.00226089
1.19,0.250434,0.202479,0.0479549,0.00226089
1.192,0.250434,0.202488,0.0479458,0.00225873
1.194,0.250434,0.202493,0.0479413,0.00225769
1.196,0.250434,0.202497,0.0479368,0.00225666
1.198,0.250434,0.202502,0.0479323,0.00225565
1.2,0.250434,0.202506,0.0479278,0.00225465
1.202,0.250434,0.202511,0.0479233,0.00225366
1.204,0.250434,0.20252,0.0479143,0.0022517
1.206,0.250434,0.20252,0.0479143,0.0022517
1.208,0.250434,0.202524,0.0479098,0.00225073
1.21,0.250434,0.202533,0.0479008,0.00224881
1.212,0.250434,0.202533,0.0479008,0.00224881
1.214,0.250434,0.202542,0.0478918,0.00224691
1.216,0.250434,0.202547,0.0478873,0.00224597
1.218,0.250434,0.202569,0.0478649,0.00224199
1.22,0.250434,0.202569,0.0478649,0.00224199
1.222,0.250434,0.202573,0.0478604,0.00224178
1.224,0.250434,0.202582,0.0478514,0.0022394
1.226,0.250434,0.202587,0.0478469,0.00223828
1.228,0.250434,0.202591,0.0478425,0.0022372
1.23,0.250434,0.2026,0.0478335,0.00223512
1.232,0.250434,0.202605,0.0478291,0.00223411
1.234,0.250434,0.202609,0.0478246,0.00223312
1.236,0.250434,0.202609,0.0478246,0.00223312
1.238,0.250434,0.202618,0.0478157,0.00223116
1.24,0.250434,0.202623,0.0478112,0.00223019
1.242,0.250434,0.202632,0.0478023,0.00222828
1.244,0.250434,0.202632,0.0478023,0.00222828
1.246,0.250434,0.202636,0.0477978,0.00222732
1.248,0.250434,0.202645,0.0477889,0.00222541
1.25,0.250434,0.202649,0.0477845,0.00222446
1.252,0.250434,0.202649,0.0477845,0.00222446
1.254,0.250434,0.202658,0.0477756,0.00222255
1.256,0.250434,0.202663,0.0477712,0.0022216
1.258,0.250434,0.202667,0.0477667,0.00222064
1.26,0.250434,0.202672,0.0477623,0.00221968
1.262,0.250434,0.202694,0.0477401,0.00221601
1.264,0.250434,0.202694,0.0477401,0.00221601
1.266,0.250434,0.202698,0.0477357,0.0022148
1.268,0.250434,0.202707,0.0477268,0.00221248
1.27,0.250434,0.202707,0.0477268,0.00221248
1.272,0.250434,0.202711,0.0477224,0.00221136
1.274,0.250434,0.202716,0.047718,0.00221026
1.276,0.250434,0.202729,0.0477047,0.00220704
1.278,0.250434,0.202738,0.0476959,0.00220526
1.28,0.250434,0.202738,0.0476959,0.00220526
1.282,0.250434,0.202742,0.0476915,0.00220413
1.284,0.250434,0.202751,0.0476827,0.00220191
1.286,0.250434,0.202751,0.0476827,0.00220191
1.288,0.250434,0.20276,0.0476739,0.00219972
1.29,0.250434,0.202764,0.0476695,0.00219862
1.292,0.250434,0.202769,0.0476651,0.00219753
1.294,0.250434,0.202773,0.0476607,0.00219643
1.296,0.250434,0.202778,0.0476563,0.00219533
1.298,0.250434,0.202782,0.0476519,0.00219423
1.3,0.250434,0.202791,0.0476432,0.002192
1.302,0.250434,0.202795,0.0476388,0.00219088
1.304,0.250434,0.202799,0.0476344,0.00218976
1.306,0.250434,0.202804,0.04763,0.00218862
1.308,0.250434,0.202813,0.0476213,0.00218633
1.31,0.250434,0.202813,0.0476213,0.00218633
1.312,0.250434,0.202817,0.0476169,0.00218517
1.314,0.250434,0.202826,0.0476082,0.00218283
1.316,0.250434,0.202826,0.0476082,0.00218283
1.318,0.250434,0.202843,0.0475907,0.00217921
1.32,0.250434,0.202843,0.0475907,0.00217921
1.322,0.250434,0.202848,0.0475864,0.00217901
1.324,0.250434,0.202852,0.047582,0.00217736
1.326,0.250434,0.202861,0.0475733,0.00217424
1.328,0.250434,0.202865,0.047569,0.00217275
1.33,0.250434,0.202869,0.0475646,0.0021713
1.332,0.250434,0.202874,0.0475603,0.00216988
1.334,0.250434,0.202878,0.0475559,0.00216848
1.336,0.250434,0.202882,0.0475516,0.00216709
1.338,0.250434,0.202887,0.0475473,0.0021657
1.34,0.250434,0.202895,0.0475386,0.00216295
1.342,0.250434,0.2029,0.0475343,0.00216157
1.344,0.250434,0.202904,0.04753,0.00216018
1.346,0.250434,0.202908,0.0475257,0.0021588
1.348,0.250434,0.202913,0.0475213,0.0021574
1.35,0.250434,0.202917,0.047517,0.002156
1.352,0.250434,0.202921,0.0475127,0.00215459
1.354,0.250434,0.202925,0.0475084,0.00215317
1.356,0.250434,0.202934,0.0474998,0.00215031
1.358,0.250434,0.202938,0.0474955,0.00214886
1.36,0.250434,0.202943,0.0474912,0.0021474
1.362,0.250434,0.202943,0.0474912,0.0021474
1.364,0.250434,0.202956,0.0474783,0.00214335
1.366,0.250434,0.20296,0.0474741,0.00214177
1.368,0.250434,0.202968,0.0474655,0.0021386
1.37,0.250434,0.202973,0.0474612,0.00213702
1.372,0.250434,0.202977,0.047457,0.00213543
1.374,0.250434,0.202981,0.0474527,0.00213383
1.376,0.250434,0.202994,0.0474399,0.0021294
1.378,0.250434,0.202998,0.0474357,0.00212849
1.38,0.250434,0.203002,0.0474314,0.00212663
1.382,0.250434,0.203011,0.0474229,0.00212299
1.384,0.250434,0.203011,0.0474229,0.00212299
1.386,0.250434,0.203015,0.0474187,0.0021212
1.388,0.250434,0.203019,0.0474144,0.00211941
1.39,0.250434,0.203028,0.047406,0.00211586
1.392,0.250434,0.203032,0.0474017,0.00211409
1.394,0.250434,0.203036,0.0473975,0.00211231
1.396,0.250434,0.203041,0.0473933,0.00211053
1.398,0.250434,0.203045,0.0473891,0.00210873
1.4,0.250434,0.203049,0.0473849,0.00210693
1.402,0.250434,0.203057,0.0473764,0.0021033
1.404,0.250434,0.203057,0.0473764,0.0021033
1.406,0.250434,0.203066,0.047368,0.00209963
1.408,0.250434,0.20307,0.0473638,0.00209777
1.41,0.250434,0.203074,0.0473596,0.0020959
1.412,0.250434,0.203078,0.0473555,0.00209402
1.414,0.250434,0.203087,0.0473471,0.00209022
1.416,0.250434,0.203099,0.0473346,0.0020848
1.418,0.250434,0.203103,0.0473304,0.00208354
1.42,0.250434,0.203112,0.0473221,0.00207919
1.422,0.250434,0.203116,0.0473179,0.00207704
1.424,0.250434,0.20312,0.0473138,0.00207491
1.426,0.250434,0.203124,0.0473096,0.00207279
1.428,0.250434,0.203133,0.0473014,0.00206855
1.43,0.250434,0.203137,0.0472972,0.00206643
1.432,0.250434,0.203137,0.0472972,0.00206643
1.434,0.250434,0.203145,0.047289,0.00206217
1.436,0.250434,0.203149,0.0472849,0.00206002
1.438,0.250434,0.203153,0.0472807,0.00205787
1.44,0.250434,0.203161,0.0472725,0.00205354
1.442,0.250434,0.203161,0.0472725,0.00205354
1.444,0.250434,0.20317,0.0472643,0.00204916
1.446,0.250434,0.203174,0.0472602,0.00204695
1.448,0.250434,0.203178,0.0472561,0.00204473
1.45,0.250434,0.203182,0.047252,0.00204249
1.452,0.250434,0.203186,0.047248,0.00204025
1.454,0.250434,0.20319,0.0472439,0.00203799
1.456,0.250434,0.203194,0.0472398,0.00203571
1.458,0.250434,0.203194,0.0472398,0.00203571
1.46,0.250434,0.203194,0.0472398,0.00203571
1.462,0.250434,0.203194,0.0472398,0.00203571
1.464,0.250434,0.203214,0.0472195,0.0020261
1.466,0.250434,0.203218,0.0472155,0.00202336
1.468,0.250434,0.203222,0.0472114,0.00202067
1.47,0.250434,0.203226,0.0472074,0.00201803
1.472,0.250434,0.203226,0.0472074,0.00201803
1.474,0.250434,0.203235,0.0471993,0.00201285
1.476,0.250434,0.203247,0.0471873,0.00200558
1.478,0.250434,0.203251,0.0471833,0.00200298
1.48,0.250434,0.203259,0.0471753,0.00199781
1.482,0.250434,0.203259,0.0471753,0.00199781
1.484,0.250434,0.203263,0.0471713,0.00199523
1.486,0.250434,0.203271,0.0471633,0.00199008
1.488,0.250434,0.203275,0.0471594,0.00198749
1.49,0.250434,0.203278,0.0471554,0.00198491
1.492,0.250434,0.203282,0.0471514,0.00198231
1.494,0.250434,0.203286,0.0471475,0.00197971
1.496,0.250434,0.203294,0.0471396,0.00197448
1.498,0.250434,0.203294,0.0471396,0.00197448
1.5,0.250434,0.203298,0.0471356,0.00197185
1.502,0.250434,0.203302,0.0471317,0.00196921
1.504,0.250434,0.203306,0.0471278,0.00196656
1.506,0.250434,0.20331,0.0471238,0.0019639
1.508,0.250434,0.203318,0.047116,0.00195854
1.51,0.250434,0.203322,0.0471121,0.00195584
1.512,0.250434,0.203322,0.0471121,0.00195584
1.514,0.250434,0.203322,0.0471121,0.00195584
1.516,0.250434,0.203322,0.0471121,0.00195584
1.518,0.250434,0.203337,0.0470965,0.00194529
1.52,0.250434,0.203341,0.0470926,0.00194318
1.522,0.250434,0.203349,0.0470848,0.00193728
1.524,0.250434,0.203349,0.0470848,0.00193728
1.526,0.250434,0.203357,0.0470771,0.00193146
1.528,0.250434,0.203361,0.0470732,0.00192857
1.53,0.250434,0.203364,0.0470694,0.00192568
1.532,0.250434,0.203368,0.0470656,0.00192279
1.534,0.250434,0.203372,0.0470617,0.00191991
1.536,0.250434,0.203376,0.0470579,0.00191702
1.538,0.250434,0.203384,0.0470502,0.00191124
1.54,0.250434,0.203387,0.0470464,0.00190834
1.542,0.250434,0.203391,0.0470426,0.00190543
1.544,0.250434,0.203391,0.0470426,0.00190543
1.546,0.250434,0.203399,0.047035,0.00189959
1.548,0.250434,0.203403,0.0470312,0.00189666
1.55,0.250434,0.20341,0.0470236,0.00189077
1.552,0.250434,0.20341,0.0470236,0.00189077
1.554,0.250434,0.203418,0.0470161,0.00188485
1.556,0.250434,0.203422,0.0470123,0.00188188
1.558,0.250434,0.203422,0.0470123,0.00188188
1.56,0.250434,0.203433,0.0470011,0.00187291
1.562,0.250434,0.203433,0.0470011,0.00187291
1.564,0.250434,0.203437,0.0469973,0.00186991
1.566,0.250434,0.20344,0.0469936,0.00186689
1.568,0.250434,0.203448,0.0469861,0.00186084
1.57,0.250434,0.203451,0.0469824,0.0018578
1.572,0.250434,0.203455,0.0469787,0.00185476
1.574,0.250434,0.203459,0.046975,0.0018517
1.576,0.250434,0.203463,0.0469713,0.00184864
1.578,0.250434,0.203463,0.0469713,0.00184864
1.58,0.250434,0.203463,0.0469713,0.00184864
1.582,0.250434,0.203463,0.0469713,0.00184864
1.584,0.250434,0.203477,0.0469566,0.00183726
1.586,0.250434,0.203481,0.0469529,0.00183498
1.588,0.250434,0.203488,0.0469456,0.00182814
1.59,0.250434,0.203492,0.046942,0.00182479
1.592,0.250434,0.203496,0.0469383,0.00182149
1.594,0.250434,0.203496,0.0469383,0.00182149
1.596,0.250434,0.203499,0.0469347,0.00181821
1.598,0.250434,0.20351,0.0469238,0.00180884
1.6,0.250434,0.203517,0.0469166,0.00180231
1.602,0.250434,0.203521,0.046913,0.00179907
1.604,0.250434,0.203524,0.0469094,0.00179584
1.606,0.250434,0.203528,0.0469058,0.00179262
1.608,0.250434,0.203532,0.0469022,0.0017894
1.61,0.250434,0.203535,0.0468987,0.00178619
1.612,0.250434,0.203539,0.0468951,0.00178298
1.614,0.250434,0.203546,0.046888,0.00177657
1.616,0.250434,0.203549,0.0468844,0.00177336
1.618,0.250434,0.203553,0.0468809,0.00177015
1.62,0.250434,0.203557,0.0468774,0.00176694
1.622,0.250434,0.20356,0.0468738,0.00176373
1.624,0.250434,0.203564,0.0468703,0.00176052
1.626,0.250434,0.203567,0.0468668,0.00175731
1.628,0.250434,0.203571,0.0468633,0.00175409
1.63,0.250434,0.203578,0.0468563,0.00174766
1.632,0.250434,0.203581,0.0468528,0.00174444
1.634,0.250434,0.203581,0.0468528,0.00174444
1.636,0.250434,0.203598,0.0468355,0.0017292
1.638,0.250434,0.203598,0.0468355,0.0017292
1.64,0.250434,0.203602,0.046832,0.00172674
1.642,0.250434,0.203605,0.0468286,0.00172318
1.644,0.250434,0.203612,0.0468217,0.0017159
1.646,0.250434,0.203616,0.0468183,0.00171256
1.648,0.250434,0.203619,0.0468148,0.00170925
1.65,0.250434,0.203626,0.046808,0.00170268
1.652,0.250434,0.203626,0.046808,0.00170268
1.654,0.250434,0.203629,0.0468046,0.00169941
1.656,0.250434,0.203636,0.0467978,0.00169289
1.658,0.250434,0.203636,0.0467978,0.00169289
1.66,0.250434,0.203639,0.0467945,0.00168965
1.662,0.250434,0.203646,0.0467877,0.00168317
1.664,0.250434,0.203649,0.0467844,0.00167994
1.666,0.250434,0.203656,0.0467777,0.00167348
1.668,0.250434,0.203656,0.0467777,0.00167348
1.67,0.250434,0.20366,0.0467743,0.00167026
1.672,0.250434,0.203663,0.046771,0.00166705
1.674,0.250434,0.203666,0.0467677,0.00166383
1.676,0.250434,0.20367,0.0467643,0.00166062
1.678,0.250434,0.203673,0.046761,0.00165742
1.68,0.250434,0.203673,0.046761,0.00165742
1.682,0.250434,0.203689,0.0467446,0.00164167
1.684,0.250434,0.203693,0.0467413,0.00163844
1.686,0.250434,0.203696,0.046738,0.00163522
1.688,0.250434,0.203696,0.046738,0.00163522
1.69,0.250434,0.203699,0.0467347,0.00163201
1.692,0.250434,0.203712,0.0467217,0.00161958
1.694,0.250434,0.203712,0.0467217,0.00161958
1.696,0.250434,0.203719,0.0467153,0.00161363
1.698,0.250434,0.203722,0.0467121,0.00161035
1.7,0.250434,0.203725,0.0467089,0.0016071
1.702,0.250434,0.203728,0.0467056,0.00160388
1.704,0.250434,0.203731,0.0467024,0.00160069
1.706,0.250434,0.203735,0.0466992,0.00159751
1.708,0.250434,0.203741,0.0466929,0.00159122
1.71,0.250434,0.203741,0.0466929,0.00159122
1.712,0.250434,0.203744,0.0466897,0.00158809
1.714,0.250434,0.203751,0.0466834,0.00158188
1.716,0.250434,0.203754,0.0466802,0.00157879
1.718,0.250434,0.203757,0.0466771,0.00157572
1.72,0.250434,0.20376,0.0466739,0.00157265
1.722,0.250434,0.203763,0.0466708,0.00156959
1.724,0.250434,0.203769,0.0466645,0.0015635
1.726,0.250434,0.203769,0.0466645,0.0015635
1.728,0.250434,0.203772,0.0466614,0.00156047
1.73,0.250434,0.203785,0.046649,0.00154872
1.732,0.250434,0.203788,0.0466459,0.00154625
1.734,0.250434,0.203794,0.0466397,0.00154003
1.736,0.250434,0.203797,0.0466366,0.00153697
1.738,0.250434,0.2038,0.0466336,0.00153394
1.74,0.250434,0.203803,0.0466305,0.00153094
1.742,0.250434,0.203806,0.0466274,0.00152796
1.744,0.250434,0.203809,0.0466244,0.001525
1.746,0.250434,0.203816,0.0466183,0.00151915
1.748,0.250434,0.203816,0.0466183,0.00151915
1.75,0.250434,0.203819,0.0466153,0.00151625
1.752,0.250434,0.203825,0.0466092,0.00151049
1.754,0.250434,0.203828,0.0466062,0.00150763
1.756,0.250434,0.203831,0.0466032,0.00150478
1.758,0.250434,0.203834,0.0466002,0.00150195
1.76,0.250434,0.203837,0.0465972,0.00149913
1.762,0.250434,0.20384,0.0465942,0.00149632
1.764,0.250434,0.203843,0.0465912,0.00149353
1.766,0.250434,0.203846,0.0465882,0.00149075
1.768,0.250434,0.203852,0.0465823,0.00148523
1.77,0.250434,0.203855,0.0465793,0.00148248
1.772,0.250434,0.203857,0.0465764,0.00147976
1.774,0.250434,0.203857,0.0465764,0.00147976
1.776,0.250434,0.203857,0.0465764,0.00147976
1.778,0.250434,0.203872,0.0465617,0.00146773
1.78,0.250434,0.203875,0.0465587,0.0014648
1.782,0.250434,0.203878,0.0465558,0.00146192
1.784,0.250434,0.203878,0.0465558,0.00146192
1.786,0.250434,0.203887,0.0465471,0.00145364
1.788,0.250434,0.203887,0.0465471,0.00145364
1.79,0.250434,0.203893,0.0465413,0.00144832
1.792,0.250434,0.203895,0.0465384,0.00144571
1.794,0.250434,0.203898,0.0465355,0.00144312
1.796,0.250434,0.203904,0.0465297,0.00143802
1.798,0.250434,0.203904,0.0465297,0.00143802
1.8,0.250434,0.203904,0.0465297,0.00143802
1.802,0.250434,0.203907,0.0465268,0.00143551
1.804,0.250434,0.203918,0.0465154,0.00142637
1.806,0.250434,0.203921,0.0465126,0.00142379
1.808,0.250434,0.203921,0.0465126,0.00142379
1.81,0.250434,0.203927,0.0465069,0.00141877
1.812,0.250434,0.20393,0.0465041,0.00141632
1.814,0.250434,0.203933,0.0465012,0.00141389
1.816,0.250434,0.203935,0.0464984,0.0014115
1.818,0.250434,0.203941,0.0464928,0.00140679
1.82,0.250434,0.203941,0.0464928,0.00140679
1.822,0.250434,0.203944,0.04649,0.00140447
1.824,0.250434,0.203949,0.0464844,0.0013999
1.826,0.250434,0.203952,0.0464816,0.00139764
1.828,0.250434,0.203955,0.0464788,0.0013954
1.83,0.250434,0.203958,0.046476,0.00139318
1.832,0.250434,0.203961,0.0464732,0.00139098
1.834,0.250434,0.203963,0.0464704,0.00138879
1.836,0.250434,0.203969,0.0464649,0.00138448
1.838,0.250434,0.203969,0.0464649,0.00138448
1.84,0.250434,0.203975,0.0464594,0.00138023
1.842,0.250434,0.203977,0.0464566,0.00137813
1.844,0.250434,0.20398,0.0464539,0.00137605
1.846,0.250434,0.203991,0.0464429,0.00136863
1.848,0.250434,0.203994,0.0464402,0.00136726
1.85,0.250434,0.203994,0.0464402,0.00136726
1.852,0.250434,0.203999,0.0464347,0.00136283
1.854,0.250434,0.204002,0.046432,0.00136071
1.856,0.250434,0.204005,0.0464293,0.00135864
1.858,0.250434,0.204007,0.0464265,0.00135662
1.86,0.250434,0.20401,0.0464238,0.00135464
1.862,0.250434,0.204015,0.0464184,0.00135079
1.864,0.250434,0.204018,0.0464157,0.00134891
1.866,0.250434,0.204018,0.0464157,0.00134891
1.868,0.250434,0.204024,0.0464104,0.00134522
1.87,0.250434,0.204026,0.0464077,0.00134342
1.872,0.250434,0.204029,0.046405,0.00134163
1.874,0.250434,0.204032,0.0464023,0.00133987
1.876,0.250434,0.204034,0.0463996,0.00133813
1.878,0.250434,0.204037,0.0463969,0.00133641
1.88,0.250434,0.204042,0.0463916,0.00133302
1.882,0.250434,0.204042,0.0463916,0.00133302
1.884,0.250434,0.204045,0.046389,0.00133136
1.886,0.250434,0.20405,0.0463836,0.00132808
1.888,0.250434,0.204053,0.046381,0.00132648
1.89,0.250434,0.204053,0.046381,0.00132648
1.892,0.250434,0.204056,0.0463783,0.00132489
1.894,0.250434,0.204066,0.0463678,0.00131941
1.896,0.250434,0.204069,0.0463651,0.00131853
1.898,0.250434,0.204074,0.0463599,0.0013151
1.9,0.250434,0.204077,0.0463572,0.00131348
1.902,0.250434,0.204079,0.0463546,0.00131191
1.904,0.250434,0.204084,0.0463494,0.00130891
1.906,0.250434,0.20409,0.0463441,0.00130605
1.908,0.250434,0.20409,0.0463441,0.00130605
1.91,0.250434,0.204095,0.0463389,0.00130331
1.912,0.250434,0.204095,0.0463389,0.00130331
1.914,0.250434,0.2041,0.0463337,0.00130066
1.916,0.250434,0.2041,0.0463337,0.00130066
1.918,0.250434,0.204105,0.0463285,0.00129811
1.92,0.250434,0.204108,0.0463259,0.00129687
1.922,0.250434,0.204113,0.0463208,0.00129443
1.924,0.250434,0.204116,0.0463182,0.00129324
1.926,0.250434,0.204116,0.0463182,0.00129324
1.928,0.250434,0.204118,0.0463156,0.00129208
1.93,0.250434,0.204123,0.0463104,0.00128979
1.932,0.250434,0.204126,0.0463078,0.00128867
1.934,0.250434,0.204129,0.0463053,0.00128758
1.936,0.250434,0.204131,0.0463027,0.00128649
1.938,0.250434,0.204134,0.0463001,0.00128543
1.94,0.250434,0.204139,0.046295,0.00128335
1.942,0.250434,0.204139,0.046295,0.00128335
1.944,0.250434,0.204139,0.046295,0.00128335
1.946,0.250434,0.204141,0.0462924,0.00128234
1.948,0.250434,0.204154,0.0462796,0.00127883
1.95,0.250434,0.204157,0.0462771,0.00127765
1.952,0.250434,0.204159,0.0462745,0.00127654
1.954,0.250434,0.204162,0.046272,0.00127549
1.956,0.250434,0.204164,0.0462694,0.00127449
1.958,0.250434,0.204167,0.0462669,0.00127353
1.96,0.250434,0.204172,0.0462618,0.00127173
1.962,0.250434,0.204172,0.0462618,0.00127173
1.964,0.250434,0.204175,0.0462592,0.00127087
1.966,0.250434,0.204177,0.0462567,0.00127004
1.968,0.250434,0.204182,0.0462516,0.00126845
1.97,0.250434,0.204185,0.0462491,0.00126769
1.972,0.250434,0.204187,0.0462466,0.00126695
1.974,0.250434,0.20419,0.046244,0.00126623
1.976,0.250434,0.204192,0.0462415,0.00126552
1.978,0.250434,0.204195,0.046239,0.00126484
1.98,0.250434,0.2042,0.0462339,0.00126351
1.982,0.250434,0.2042,0.0462339,0.00126351
1.984,0.250434,0.204205,0.0462289,0.00126225
1.986,0.250434,0.204208,0.0462263,0.00126164
1.988,0.250434,0.20421,0.0462238,0.00126105
1.99,0.250434,0.204213,0.0462213,0.00126047
1.992,0.250434,0.204215,0.0462188,0.00125991
1.994,0.250434,0.204215,0.0462188,0.00125991
1.996,0.250434,0.204228,0.0462062,0.00125785
1.998,0.250434,0.204228,0.0462062,0.00125785
2,0.250434,0.204233,0.0462012,0.0012567
2.002,0.250434,0.204235,0.0461987,0.00125617
2.004,0.250434,0.204238,0.0461961,0.00125567
2.006,0.250434,0.20424,0.0461936,0.00125519
2.008,0.250434,0.204248,0.0461861,0.0012539
2.01,0.250434,0.20425,0.0461836,0.0012535
2.012,0.250434,0.204253,0.0461811,0.00125312
2.014,0.250434,0.204255,0.0461786,0.00125275
2.016,0.250434,0.204258,0.0461761,0.0012524
2.018,0.250434,0.20426,0.0461736,0.00125206
2.02,0.250434,0.204265,0.0461686,0.00125142
2.022,0.250434,0.204265,0.0461686,0.00125142
2.024,0.250434,0.204268,0.0461661,0.00125112
2.026,0.250434,0.204273,0.0461611,0.00125056
2.028,0.250434,0.204275,0.0461586,0.00125029
2.03,0.250434,0.204278,0.0461561,0.00125004
2.032,0.250434,0.20428,0.0461536,0.00124979
2.034,0.250434,0.204283,0.0461511,0.00124956
2.036,0.250434,0.204285,0.0461486,0.00124934
2.038,0.250434,0.204288,0.0461461,0.00124912
2.04,0.250434,0.20429,0.0461436,0.00124892
2.042,0.250434,0.204293,0.0461411,0.00124873
2.044,0.250434,0.204295,0.0461386,0.00124855
2.046,0.250434,0.204305,0.0461286,0.00124859
2.048,0.250434,0.20431,0.0461236,0.00124867
2.05,0.250434,0.204313,0.0461211,0.00124835
2.052,0.250434,0.204313,0.0461211,0.00124835
2.054,0.250434,0.204318,0.0461161,0.00124783
2.056,0.250434,0.20432,0.0461136,0.00124763
2.058,0.250434,0.204323,0.0461111,0.00124745
2.06,0.250434,0.204325,0.0461086,0.0012473
2.062,0.250434,0.204328,0.0461061,0.00124718
2.064,0.250434,0.204333,0.0461011,0.00124697
2.066,0.250434,0.204335,0.0460986,0.00124689
2.068,0.250434,0.204335,0.0460986,0.00124689
2.07,0.250434,0.20434,0.0460937,0.00124677
2.072,0.250434,0.204343,0.0460912,0.00124672
2.074,0.250434,0.204345,0.0460887,0.00124669
2.076,0.250434,0.204348,0.0460862,0.00124666
2.078,0.250434,0.204353,0.0460812,0.00124662
2.08,0.250434,0.204353,0.0460812,0.00124662
2.082,0.250434,0.204358,0.0460762,0.00124661
2.084,0.250434,0.20436,0.0460737,0.00124662
2.086,0.250434,0.20436,0.0460737,0.00124662
2.088,0.250434,0.204363,0.0460712,0.00124663
2.09,0.250434,0.204363,0.0460712,0.00124663
2.092,0.250434,0.204363,0.0460712,0.00124663
2.094,0.250434,0.204373,0.0460612,0.00124696
2.096,0.250434,0.204375,0.0460587,0.00124744
2.098,0.250434,0.204378,0.0460562,0.00124734
2.1,0.250434,0.20438,0.0460538,0.00124727
2.102,0.250434,0.204383,0.0460513,0.00124723
2.104,0.250434,0.204385,0.0460488,0.00124721
2.106,0.250434,0.204385,0.0460488,0.00124721
2.108,0.250434,0.204393,0.0460413,0.00124747
2.11,0.250434,0.204395,0.0460388,0.00124794
2.112,0.250434,0.204398,0.0460363,0.00124785
2.114,0.250434,0.2044,0.0460338,0.00124779
2.116,0.250434,0.204403,0.0460313,0.00124775
2.118,0.250434,0.204405,0.0460288,0.00124774
2.12,0.250434,0.20441,0.0460238,0.00124776
2.122,0.250434,0.204413,0.0460213,0.00124779
2.124,0.250434,0.204415,0.0460188,0.00124783
2.126,0.250434,0.204418,0.0460163,0.00124788
2.128,0.250434,0.20442,0.0460138,0.00124793
2.13,0.250434,0.204425,0.0460088,0.00124806
2.132,0.250434,0.204428,0.0460063,0.00124812
2.134,0.250434,0.204428,0.0460063,0.00124812
2.136,0.250434,0.204433,0.0460013,0.00124826
2.138,0.250434,0.204435,0.0459989,0.00124833
2.14,0.250434,0.204438,0.0459964,0.0012484
2.142,0.250434,0.20444,0.0459938,0.00124847
2.144,0.250434,0.20444,0.0459938,0.00124847
2.146,0.250434,0.204445,0.0459889,0.00124861
2.148,0.250434,0.204455,0.0459789,0.00124956
2.15,0.250434,0.204455,0.0459789,0.00124956
2.152,0.250434,0.204457,0.0459764,0.00125022
2.154,0.250434,0.204462,0.0459714,0.00124989
2.156,0.250434,0.204465,0.0459689,0.00124978
2.158,0.250434,0.204467,0.0459664,0.00124971
2.16,0.250434,0.20447,0.0459639,0.00124965
2.162,0.250434,0.204472,0.0459614,0.00124962
2.164,0.250434,0.204477,0.0459564,0.00124958
2.166,0.250434,0.20448,0.0459539,0.00124958
2.168,0.250434,0.20448,0.0459539,0.00124958
2.17,0.250434,0.204485,0.0459489,0.00124958
2.172,0.250434,0.204487,0.0459464,0.00124958
2.174,0.250434,0.20449,0.0459439,0.00124959
2.176,0.250434,0.204492,0.0459414,0.00124959
2.178,0.250434,0.204495,0.0459389,0.00124959
2.18,0.250434,0.204497,0.0459364,0.00124959
2.182,0.250434,0.204502,0.0459314,0.00124958
2.184,0.250434,0.204502,0.0459314,0.00124958
2.186,0.250434,0.204505,0.0459289,0.00124957
2.188,0.250434,0.204507,0.0459264,0.00124955
2.19,0.250434,0.204512,0.0459214,0.0012495
2.192,0.250434,0.204515,0.0459189,0.00124947
2.194,0.250434,0.204515,0.0459189,0.00124947
2.196,0.250434,0.204517,0.0459164,0.00124943
2.198,0.250434,0.204525,0.0459089,0.00124952
2.2,0.250434,0.20453,0.0459039,0.00124969
2.202,0.250434,0.204532,0.0459014,0.00124951
2.204,0.250434,0.204535,0.0458989,0.00124934
2.206,0.250434,0.204535,0.0458989,0.00124934
2.208,0.250434,0.20454,0.0458939,0.00124902
2.21,0.250434,0.20454,0.0458939,0.00124902
2.212,0.250434,0.20455,0.0458839,0.00124908
2.214,0.250434,0.204552,0.0458814,0.00124879
2.216,0.250434,0.204555,0.0458789,0.00124852
2.218,0.250434,0.20456,0.0458739,0.00124803
2.22,0.250434,0.204562,0.0458714,0.00124779
2.222,0.250434,0.204565,0.0458689,0.00124756
2.224,0.250434,0.204567,0.0458664,0.00124732
2.226,0.250434,0.20457,0.0458639,0.00124709
2.228,0.250434,0.204572,0.0458615,0.00124685
2.23,0.250434,0.204575,0.0458589,0.00124661
2.232,0.250434,0.204577,0.0458565,0.00124636
2.234,0.250434,0.204582,0.0458515,0.00124585
2.236,0.250434,0.204585,0.045849,0.00124558
2.238,0.250434,0.204585,0.045849,0.00124558
2.24,0.250434,0.20459,0.045844,0.00124502
2.242,0.250434,0.204592,0.0458415,0.00124472
2.244,0.250434,0.204595,0.045839,0.00124441
2.246,0.250434,0.204597,0.0458365,0.0012441
2.248,0.250434,0.2046,0.045834,0.00124377
2.25,0.250434,0.2046,0.045834,0.00124377
2.252,0.250434,0.20461,0.0458241,0.00124302
2.254,0.250434,0.204615,0.0458191,0.00124259
2.256,0.250434,0.204617,0.0458166,0.00124198
2.258,0.250434,0.20462,0.0458142,0.00124141
2.26,0.250434,0.204622,0.0458117,0.00124086
2.262,0.250434,0.204625,0.0458092,0.00124031
2.264,0.250434,0.20463,0.0458042,0.00123925
2.266,0.250434,0.20463,0.0458042,0.00123925
2.268,0.250434,0.204632,0.0458018,0.00123872
2.27,0.250434,0.204637,0.0457968,0.00123766
2.272,0.250434,0.204637,0.0457968,0.00123766
2.274,0.250434,0.20464,0.0457943,0.00123712
2.276,0.250434,0.204644,0.0457894,0.00123602
2.278,0.250434,0.204647,0.0457869,0.00123545
2.28,0.250434,0.204652,0.045782,0.00123429
2.282,0.250434,0.204652,0.045782,0.00123429
2.284,0.250434,0.204654,0.0457795,0.00123369
2.286,0.250434,0.204659,0.0457746,0.00123246
2.288,0.250434,0.204659,0.0457746,0.00123246
2.29,0.250434,0.204662,0.0457721,0.00123183
2.292,0.250434,0.204667,0.0457672,0.00123053
2.294,0.250434,0.204667,0.0457672,0.00123053
2.296,0.250434,0.204667,0.0457672,0.00123053
2.298,0.250434,0.204667,0.0457672,0.00123053
2.3,0.250434,0.204681,0.0457525,0.00122818
2.302,0.250434,0.204684,0.04575,0.00122706
2.304,0.250434,0.204686,0.0457475,0.00122599
2.306,0.250434,0.204686,0.0457475,0.00122599
2.308,0.250434,0.204696,0.0457378,0.00122207
2.31,0.250434,0.204696,0.0457378,0.00122207
2.312,0.250434,0.204699,0.0457353,0.00122113
2.314,0.250434,0.204703,0.0457304,0.00121927
2.316,0.250434,0.204706,0.045728,0.00121833
2.318,0.250434,0.204708,0.0457256,0.0012174
2.32,0.250434,0.204711,0.0457231,0.00121646
2.322,0.250434,0.204713,0.0457207,0.0012155
2.324,0.250434,0.204716,0.0457183,0.00121454
2.326,0.250434,0.20472,0.0457134,0.00121259
2.328,0.250434,0.20472,0.0457134,0.00121259
2.33,0.250434,0.204725,0.0457086,0.0012106
2.332,0.250434,0.204728,0.0457062,0.00120958
2.334,0.250434,0.20473,0.0457037,0.00120855
2.336,0.250434,0.204733,0.0457013,0.0012075
2.338,0.250434,0.204735,0.0456989,0.00120644
2.34,0.250434,0.204737,0.0456965,0.00120537
2.342,0.250434,0.20474,0.0456941,0.00120428
2.344,0.250434,0.204742,0.0456917,0.00120318
2.346,0.250434,0.204745,0.0456893,0.00120207
2.348,0.250434,0.204757,0.0456773,0.00119743
2.35,0.250434,0.204757,0.0456773,0.00119743
2.352,0.250434,0.204761,0.0456725,0.00119531
2.354,0.250434,0.204761,0.0456725,0.00119531
2.356,0.250434,0.204766,0.0456677,0.00119231
2.358,0.250434,0.204769,0.0456654,0.00119086
2.36,0.250434,0.204773,0.0456606,0.00118803
2.362,0.250434,0.204773,0.0456606,0.00118803
2.364,0.250434,0.204778,0.0456559,0.00118523
2.366,0.250434,0.20478,0.0456535,0.00118384
2.368,0.250434,0.204783,0.0456511,0.00118244
2.37,0.250434,0.204785,0.0456488,0.00118103
2.372,0.250434,0.204787,0.0456464,0.00117962
2.374,0.250434,0.20479,0.045644,0.00117821
2.376,0.250434,0.204792,0.0456417,0.00117678
2.378,0.250434,0.204797,0.045637,0.00117389
2.38,0.250434,0.204797,0.045637,0.00117389
2.382,0.250434,0.204802,0.0456323,0.00117096
2.384,0.250434,0.204804,0.04563,0.00116948
2.386,0.250434,0.204806,0.0456276,0.00116798
2.388,0.250434,0.204809,0.0456253,0.00116647
2.39,0.250434,0.204811,0.045623,0.00116494
2.392,0.250434,0.204822,0.0456114,0.00115822
2.394,0.250434,0.204822,0.0456114,0.00115822
2.396,0.250434,0.204827,0.0456067,0.00115529
2.398,0.250434,0.204829,0.0456044,0.00115338
2.4,0.250434,0.204832,0.0456021,0.00115151
2.402,0.250434,0.204832,0.0456021,0.00115151
2.404,0.250434,0.204839,0.0455952,0.00114626
2.406,0.250434,0.204839,0.0455952,0.00114626
2.408,0.250434,0.204841,0.045593,0.00114443
2.41,0.250434,0.204845,0.0455884,0.00114081
2.412,0.250434,0.204848,0.0455861,0.001139
2.414,0.250434,0.20485,0.0455838,0.00113719
2.416,0.250434,0.204852,0.0455816,0.00113539
2.418,0.250434,0.204857,0.045577,0.00113176
2.42,0.250434,0.204857,0.045577,0.00113176
2.422,0.250434,0.204859,0.0455748,0.00112993
2.424,0.250434,0.204864,0.0455703,0.00112626
2.426,0.250434,0.204866,0.045568,0.00112441
2.428,0.250434,0.204868,0.0455658,0.00112255
2.43,0.250434,0.204868,0.0455658,0.00112255
2.432,0.250434,0.204873,0.0455613,0.0011188
2.434,0.250434,0.204875,0.0455591,0.00111691
2.436,0.250434,0.204877,0.0455568,0.00111501
2.438,0.250434,0.204881,0.0455524,0.00111117
2.44,0.250434,0.204881,0.0455524,0.00111117
2.442,0.250434,0.204884,0.0455502,0.00110923
2.444,0.250434,0.204895,0.0455391,0.00110042
2.446,0.250434,0.204895,0.0455391,0.00110042
2.448,0.250434,0.204897,0.0455369,0.00109901
2.45,0.250434,0.204901,0.0455325,0.0010944
2.452,0.250434,0.204903,0.0455304,0.00109216
2.454,0.250434,0.204906,0.0455282,0.00108995
2.456,0.250434,0.204908,0.045526,0.00108776
2.458,0.250434,0.20491,0.0455238,0.00108559
2.46,0.250434,0.204912,0.0455217,0.00108343
2.462,0.250434,0.204914,0.0455195,0.00108128
2.464,0.250434,0.204919,0.0455152,0.00107699
2.466,0.250434,0.204921,0.045513,0.00107485
2.468,0.250434,0.204923,0.0455109,0.0010727
2.47,0.250434,0.204925,0.0455088,0.00107055
2.472,0.250434,0.204925,0.0455088,0.00107055
2.474,0.250434,0.204929,0.0455045,0.00106623
2.476,0.250434,0.204931,0.0455024,0.00106407
2.478,0.250434,0.204934,0.0455002,0.00106189
2.48,0.250434,0.204936,0.0454981,0.00105971
2.482,0.250434,0.204938,0.045496,0.00105753
2.484,0.250434,0.204942,0.0454918,0.00105313
2.486,0.250434,0.204944,0.0454897,0.00105093
2.488,0.250434,0.204944,0.0454897,0.00105093
2.49,0.250434,0.204944,0.0454897,0.00105093
2.492,0.250434,0.204955,0.0454792,0.00104075
2.494,0.250434,0.204955,0.0454792,0.00104075
2.496,0.250434,0.204959,0.0454751,0.0010365
2.498,0.250434,0.204961,0.045473,0.00103399
2.5,0.250434,0.204961,0.045473,0.00103399
2.502,0.250434,0.204963,0.045471,0.00103152
2.504,0.250434,0.204969,0.0454648,0.0010243
2.506,0.250434,0.204971,0.0454628,0.00102211
2.508,0.250434,0.204973,0.0454607,0.00101971
2.51,0.250434,0.204975,0.0454587,0.00101733
2.512,0.250434,0.204977,0.0454566,0.00101495
2.514,0.250434,0.204981,0.0454526,0.00101023
2.516,0.250434,0.204983,0.0454506,0.00100787
2.518,0.250434,0.204985,0.0454486,0.00100552
2.52,0.250434,0.204989,0.0454446,0.00100082
2.522,0.250434,0.204989,0.0454446,0.00100082
2.524,0.250434,0.204991,0.0454426,0.000998462
2.526,0.250434,0.204995,0.0454386,0.00099375
2.528,0.250434,0.204997,0.0454366,0.000991392
2.53,0.250434,0.204997,0.0454366,0.000991392
2.532,0.250434,0.204999,0.0454346,0.000989031
2.534,0.250434,0.205003,0.0454307,0.000984304
2.536,0.250434,0.205005,0.0454287,0.000981937
2.538,0.250434,0.205007,0.0454268,0.000979568
2.54,0.250434,0.205009,0.0454248,0.000977196
2.542,0.250434,0.205019,0.0454151,0.000965787
2.544,0.250434,0.205021,0.0454132,0.000963821
2.546,0.250434,0.205023,0.0454113,0.000961262
2.548,0.250434,0.205025,0.0454093,0.000958731
2.55,0.250434,0.205026,0.0454074,0.000956229
2.552,0.250434,0.205028,0.0454055,0.000953751
2.554,0.250434,0.205032,0.0454017,0.000948844
2.556,0.250434,0.205034,0.0453998,0.00094641
2.558,0.250434,0.205036,0.0453979,0.000943986
2.56,0.250434,0.205038,0.0453961,0.000941569
2.562,0.250434,0.20504,0.0453942,0.000939159
2.564,0.250434,0.205042,0.0453923,0.000936754
2.566,0.250434,0.205043,0.0453904,0.000934354
2.568,0.250434,0.205045,0.0453886,0.000931957
2.57,0.250434,0.205049,0.0453849,0.000927175
2.572,0.250434,0.205051,0.045383,0.000924788
2.574,0.250434,0.205051,0.045383,0.000924788
2.576,0.250434,0.205055,0.0453793,0.000920023
2.578,0.250434,0.205056,0.0453775,0.000917644
2.58,0.250434,0.205058,0.0453757,0.000915268
2.582,0.250434,0.20506,0.0453738,0.000912895
2.584,0.250434,0.205062,0.045372,0.000910525
2.586,0.250434,0.205071,0.045363,0.000899165
2.588,0.250434,0.205071,0.045363,0.000899165
2.59,0.250434,0.205074,0.0453594,0.000894689
2.592,0.250434,0.205076,0.0453576,0.000892208
2.594,0.250434,0.205078,0.0453558,0.00088976
2.596,0.250434,0.20508,0.0453541,0.000887338
2.598,0.250434,0.205085,0.0453488,0.000880347
2.6,0.250434,0.205085,0.0453488,0.000880347
2.602,0.250434,0.205087,0.045347,0.000877966
2.604,0.250434,0.20509,0.0453435,0.000873254
2.606,0.250434,0.205092,0.0453418,0.000870921
2.608,0.250434,0.205094,0.04534,0.000868599
2.61,0.250434,0.205096,0.0453383,0.00086629
2.612,0.250434,0.205097,0.0453366,0.00086399
2.614,0.250434,0.205099,0.0453348,0.000861701
2.616,0.250434,0.205101,0.0453331,0.00085942
2.618,0.250434,0.205104,0.0453297,0.000854885
2.62,0.250434,0.205106,0.045328,0.000852629
2.622,0.250434,0.205108,0.0453263,0.000850382
2.624,0.250434,0.205108,0.0453263,0.000850382
2.626,0.250434,0.205111,0.0453229,0.000845912
2.628,0.250434,0.205113,0.0453212,0.000843689
2.63,0.250434,0.205114,0.0453195,0.000841474
2.632,0.250434,0.205116,0.0453179,0.000839267
2.634,0.250434,0.205119,0.0453145,0.000834878
2.636,0.250434,0.205119,0.0453145,0.000834878
2.638,0.250434,0.205119,0.0453145,0.000834878
2.64,0.250434,0.205126,0.0453079,0.000826616
2.642,0.250434,0.205128,0.0453062,0.00082483
2.644,0.250434,0.205131,0.0453029,0.000820279
2.646,0.250434,0.205133,0.0453013,0.000818057
2.648,0.250434,0.205134,0.0452997,0.000815866
2.65,0.250434,0.205136,0.045298,0.000813701
2.652,0.250434,0.205137,0.0452964,0.00081156
2.654,0.250434,0.205139,0.0452948,0.000809439
2.656,0.250434,0.205141,0.0452932,0.000807337
2.658,0.250434,0.205144,0.04529,0.000803182
2.66,0.250434,0.205145,0.0452884,0.000801127
2.662,0.250434,0.205145,0.0452884,0.000801127
2.664,0.250434,0.205149,0.0452852,0.00079706
2.666,0.250434,0.20515,0.0452836,0.000795046
2.668,0.250434,0.205152,0.045282,0.000793045
2.67,0.250434,0.205155,0.0452788,0.00078908
2.672,0.250434,0.205155,0.0452788,0.00078908
2.674,0.250434,0.205157,0.0452773,0.000787116
2.676,0.250434,0.205158,0.0452757,0.000785165
2.678,0.250434,0.205161,0.0452726,0.000781299
2.68,0.250434,0.205161,0.0452726,0.000781299
2.682,0.250434,0.205163,0.045271,0.000779384
2.684,0.250434,0.205164,0.0452694,0.000777482
2.686,0.250434,0.205171,0.0452633,0.000770392
2.688,0.250434,0.205174,0.0452602,0.000766921
2.69,0.250434,0.205175,0.0452587,0.000764986
2.692,0.250434,0.205177,0.0452571,0.000763088
2.694,0.250434,0.205178,0.0452556,0.000761224
2.696,0.250434,0.20518,0.0452541,0.00075939
2.698,0.250434,0.205181,0.0452526,0.000757581
2.7,0.250434,0.205183,0.0452511,0.000755797
2.702,0.250434,0.205187,0.0452466,0.000750705
2.704,0.250434,0.205187,0.0452466,0.000750705
2.706,0.250434,0.20519,0.0452436,0.000747261
2.708,0.250434,0.205192,0.0452421,0.000745571
2.71,0.250434,0.205193,0.0452406,0.000743901
2.712,0.250434,0.205195,0.0452391,0.00074225
2.714,0.250434,0.205196,0.0452376,0.000740618
2.716,0.250434,0.205198,0.0452361,0.000739002
2.718,0.250434,0.205199,0.0452347,0.000737404
2.72,0.250434,0.205202,0.0452317,0.000734257
2.722,0.250434,0.205202,0.0452317,0.000734257
2.724,0.250434,0.205205,0.0452288,0.000731174
2.726,0.250434,0.205207,0.0452273,0.000729656
2.728,0.250434,0.205208,0.0452259,0.000728154
2.73,0.250434,0.205209,0.0452244,0.000726668
2.732,0.250434,0.205211,0.045223,0.000725197
2.734,0.250434,0.205214,0.0452201,0.000722302
2.736,0.250434,0.205214,0.0452201,0.000722302
2.738,0.250434,0.205215,0.0452186,0.000720878
2.74,0.250434,0.205218,0.0452158,0.000718078
2.742,0.250434,0.205218,0.0452158,0.000718078
2.744,0.250434,0.205218,0.0452158,0.000718078
2.746,0.250434,0.205225,0.0452086,0.000711462
2.748,0.250434,0.205225,0.0452086,0.000711462
2.75,0.250434,0.205228,0.0452058,0.000708843
2.752,0.250434,0.205229,0.0452044,0.000707565
2.754,0.250434,0.205231,0.045203,0.000706305
2.756,0.250434,0.205232,0.0452016,0.000705064
2.758,0.250434,0.205234,0.0452002,0.00070384
2.76,0.250434,0.205237,0.0451973,0.000701447
2.762,0.250434,0.205237,0.0451973,0.000701447
2.764,0.250434,0.205238,0.0451959,0.000700276
2.766,0.250434,0.205241,0.0451932,0.000697986
2.768,0.250434,0.205242,0.0451917,0.000696867
2.77,0.250434,0.205242,0.0451917,0.000696867
2.772,0.250434,0.205245,0.045189,0.000694678
2.774,0.250434,0.205246,0.0451876,0.000693609
2.776,0.250434,0.205248,0.0451862,0.000692557
2.778,0.250434,0.205249,0.0451848,0.000691521
2.78,0.250434,0.20525,0.0451834,0.000690502
2.782,0.250434,0.205253,0.0451807,0.000688515
2.784,0.250434,0.205253,0.0451807,0.000688515
2.786,0.250434,0.205255,0.0451793,0.000687546
2.788,0.250434,0.205256,0.0451779,0.000686594
2.79,0.250434,0.205257,0.0451766,0.000685659
2.792,0.250434,0.205263,0.0451711,0.000682452
2.794,0.250434,0.205264,0.0451697,0.000681526
2.796,0.250434,0.205267,0.045167,0.000679762
2.798,0.250434,0.205268,0.0451656,0.000678922
2.8,0.250434,0.20527,0.0451643,0.000678106
2.802,0.250434,0.205272,0.0451616,0.000676542
2.804,0.250434,0.205275,0.0451589,0.000675061
2.806,0.250434,0.205278,0.0451562,0.000673761
2.808,0.250434,0.205279,0.0451548,0.000673065
2.81,0.250434,0.20528,0.0451535,0.00067239
2.812,0.250434,0.205282,0.0451522,0.000671737
2.814,0.250434,0.205283,0.0451508,0.000671104
2.816,0.250434,0.205284,0.0451495,0.00067049
2.818,0.250434,0.205286,0.0451481,0.000669895
2.82,0.250434,0.205288,0.0451455,0.000668759
2.822,0.250434,0.20529,0.0451441,0.000668217
2.824,0.250434,0.205291,0.0451428,0.000667693
2.826,0.250434,0.205292,0.0451414,0.000667185
2.828,0.250434,0.205294,0.0451401,0.000666694
2.83,0.250434,0.205296,0.0451375,0.000665762
2.832,0.250434,0.205296,0.0451375,0.000665762
2.834,0.250434,0.205298,0.0451361,0.000665321
2.836,0.250434,0.205299,0.0451348,0.000664895
2.838,0.250434,0.205302,0.0451321,0.000664092
2.84,0.250434,0.205302,0.0451321,0.000664092
2.842,0.250434,0.205304,0.0451295,0.000663353
2.844,0.250434,0.205306,0.0451282,0.000663008
2.846,0.250434,0.205306,0.0451282,0.000663008
2.848,0.250434,0.205306,0.0451282,0.000663008
2.85,0.250434,0.205312,0.0451215,0.000661617
2.852,0.250434,0.205312,0.0451215,0.000661617
2.854,0.250434,0.205315,0.0451189,0.000661086
2.856,0.250434,0.205316,0.0451176,0.00066085
2.858,0.250434,0.205318,0.0451162,0.000660631
2.86,0.250434,0.205319,0.0451149,0.000660429
2.862,0.250434,0.20532,0.0451136,0.000660244
2.864,0.250434,0.205323,0.045111,0.000659922
2.866,0.250434,0.205324,0.0451096,0.000659785
2.868,0.250434,0.205324,0.0451096,0.000659785
2.87,0.250434,0.205327,0.045107,0.000659555
2.872,0.250434,0.205328,0.0451057,0.000659463
2.874,0.250434,0.205329,0.0451044,0.000659385
2.876,0.250434,0.205331,0.045103,0.000659321
2.878,0.250434,0.205332,0.0451017,0.000659272
2.88,0.250434,0.205335,0.0450991,0.000659215
2.882,0.250434,0.205336,0.0450978,0.000659208
2.884,0.250434,0.205337,0.0450965,0.000659214
2.886,0.250434,0.205339,0.0450951,0.000659234
2.888,0.250434,0.20534,0.0450938,0.000659267
2.89,0.250434,0.205341,0.0450925,0.000659313
2.892,0.250434,0.205341,0.0450925,0.000659313
2.894,0.250434,0.205347,0.0450872,0.00065963
2.896,0.250434,0.205351,0.0450833,0.000660086
2.898,0.250434,0.205351,0.0450833,0.000660086
2.9,0.250434,0.205352,0.0450819,0.000660218
2.902,0.250434,0.205355,0.0450793,0.000660527
2.904,0.250434,0.205355,0.0450793,0.000660527
2.906,0.250434,0.205356,0.045078,0.000660703
2.908,0.250434,0.205357,0.0450767,0.000660892
2.91,0.250434,0.20536,0.045074,0.000661311
2.912,0.250434,0.205361,0.0450727,0.000661538
2.914,0.250434,0.205362,0.0450714,0.000661778
2.916,0.250434,0.205364,0.04507,0.00066203
2.918,0.250434,0.205365,0.0450687,0.000662293
2.92,0.250434,0.205366,0.0450674,0.000662567
2.922,0.250434,0.205369,0.0450647,0.000663149
2.924,0.250434,0.20537,0.0450634,0.000663455
2.926,0.250434,0.205372,0.0450621,0.000663773
2.928,0.250434,0.205373,0.0450608,0.0006641
2.93,0.250434,0.205374,0.0450594,0.000664438
2.932,0.250434,0.205376,0.0450581,0.000664785
2.934,0.250434,0.205377,0.0450568,0.000665142
2.936,0.250434,0.20538,0.0450541,0.000665886
2.938,0.250434,0.205381,0.0450528,0.000666272
2.94,0.250434,0.205382,0.0450514,0.000666666
2.942,0.250434,0.205382,0.0450514,0.000666666
2.944,0.250434,0.205382,0.0450514,0.000666666
2.946,0.250434,0.20539,0.0450434,0.000669596
2.948,0.250434,0.20539,0.0450434,0.000669596
2.95,0.250434,0.205393,0.0450407,0.000670705
2.952,0.250434,0.205394,0.0450394,0.00067106
2.954,0.250434,0.205396,0.0450381,0.000671445
2.956,0.250434,0.205397,0.0450367,0.000671856
2.958,0.250434,0.2054,0.045034,0.00067274
2.96,0.250434,0.2054,0.045034,0.00067274
2.962,0.250434,0.205403,0.0450313,0.000673691
2.964,0.250434,0.205404,0.04503,0.000674186
2.966,0.250434,0.205405,0.0450286,0.000674692
2.968,0.250434,0.205407,0.0450273,0.000675208
2.97,0.250434,0.205408,0.0450259,0.000675733
2.972,0.250434,0.205409,0.0450246,0.000676267
2.974,0.250434,0.205411,0.0450232,0.000676808
2.976,0.250434,0.205413,0.0450205,0.000677911
2.978,0.250434,0.205415,0.0450191,0.000678472
2.98,0.250434,0.205416,0.0450178,0.000679039
2.982,0.250434,0.205417,0.0450164,0.000679612
2.984,0.250434,0.205419,0.0450151,0.000680189
2.986,0.250434,0.205422,0.0450124,0.000681359
2.988,0.250434,0.205422,0.0450124,0.000681359
2.99,0.250434,0.205426,0.0450083,0.000683282
2.992,0.250434,0.20543,0.0450041,0.000685353
2.994,0.250434,0.205431,0.0450028,0.00068589
2.996,0.250434,0.205432,0.0450014,0.000686443
2.998,0.250434,0.205434,0.045,0.000687012
3,0.250434,0.205434,0.045,0.000687012
3.002,0.250434,0.205435,0.0449987,0.000687593
3.004,0.250434,0.205439,0.0449945,0.000689392
3.006,0.250434,0.205441,0.0449931,0.000690142
3.008,0.250434,0.205441,0.0449931,0.000690142
3.01,0.250434,0.205443,0.0449904,0.000691335
3.012,0.250434,0.205445,0.044989,0.000691942
3.014,0.250434,0.205446,0.0449876,0.000692556
3.016,0.250434,0.205448,0.0449862,0.000693175
3.018,0.250434,0.205449,0.0449848,0.000693798
3.02,0.250434,0.20545,0.0449834,0.000694424
3.022,0.250434,0.205453,0.0449807,0.000695684
3.024,0.250434,0.205455,0.0449793,0.000696316
3.026,0.250434,0.205456,0.0449779,0.000696949
3.028,0.250434,0.205457,0.0449765,0.000697582
3.03,0.250434,0.205459,0.0449751,0.000698216
3.032,0.250434,0.20546,0.0449737,0.000698849
3.034,0.250434,0.205462,0.0449723,0.000699482
3.036,0.250434,0.205463,0.0449709,0.000700115
3.038,0.250434,0.205464,0.0449695,0.000700746
3.04,0.250434,0.205467,0.0449667,0.000702005
3.042,0.250434,0.205469,0.0449653,0.000702632
3.044,0.250434,0.20547,0.0449639,0.000703257
3.046,0.250434,0.20547,0.0449639,0.000703257
3.048,0.250434,0.20547,0.0449639,0.000703257
3.05,0.250434,0.205476,0.0449582,0.000705875
3.052,0.250434,0.205477,0.0449568,0.000706462
3.054,0.250434,0.20548,0.044954,0.000707639
3.056,0.250434,0.205481,0.0449526,0.000708228
3.058,0.250434,0.205483,0.0449512,0.000708816
3.06,0.250434,0.205484,0.0449497,0.000709403
3.062,0.250434,0.205486,0.0449483,0.000709988
3.064,0.250434,0.205488,0.0449455,0.00071115
3.066,0.250434,0.205488,0.0449455,0.00071115
3.068,0.250434,0.205491,0.0449426,0.000712297
3.07,0.250434,0.205493,0.0449412,0.000712865
3.072,0.250434,0.205494,0.0449398,0.000713429
3.074,0.250434,0.205496,0.0449383,0.000713987
3.076,0.250434,0.205497,0.0449369,0.000714541
3.078,0.250434,0.2055,0.044934,0.000715633
3.08,0.250434,0.2055,0.044934,0.000715633
3.082,0.250434,0.205501,0.0449326,0.000716171
3.084,0.250434,0.205504,0.0449298,0.000717228
3.086,0.250434,0.205504,0.0449298,0.000717228
3.088,0.250434,0.205507,0.0449269,0.000718262
3.09,0.250434,0.205508,0.0449254,0.000718769
3.092,0.250434,0.20551,0.044924,0.000719269
3.094,0.250434,0.205511,0.0449226,0.000719762
3.096,0.250434,0.205514,0.0449197,0.000720728
3.098,0.250434,0.205514,0.0449197,0.000720728
3.1,0.250434,0.205514,0.0449197,0.000720728
3.102,0.250434,0.205514,0.0449197,0.000720728
3.104,0.250434,0.205514,0.0449197,0.000720728
3.106,0.250434,0.20552,0.0449139,0.000722571
3.108,0.250434,0.205523,0.044911,0.000723445
3.11,0.250434,0.205524,0.0449096,0.000723869
3.112,0.250434,0.205526,0.0449081,0.000724286
3.114,0.250434,0.205527,0.0449067,0.000724694
3.116,0.250434,0.205527,0.0449067,0.000724694
3.118,0.250434,0.205533,0.0449009,0.000726628
3.12,0.250434,0.205534,0.0448994,0.000726918
3.122,0.250434,0.205536,0.044898,0.000727209
3.124,0.250434,0.205537,0.0448965,0.000727366
3.126,0.250434,0.205539,0.044895,0.000727686
3.128,0.250434,0.205542,0.0448921,0.000728307
3.13,0.250434,0.205542,0.0448921,0.000728307
3.132,0.250434,0.205543,0.0448907,0.000728605
3.134,0.250434,0.205546,0.0448878,0.000729174
3.136,0.250434,0.205548,0.0448863,0.000729444
3.138,0.250434,0.205549,0.0448848,0.000729705
3.14,0.250434,0.20555,0.0448834,0.000729955
3.142,0.250434,0.205552,0.0448819,0.000730195
3.144,0.250434,0.205553,0.0448805,0.000730424
3.146,0.250434,0.205555,0.044879,0.000730642
3.148,0.250434,0.205558,0.0448761,0.000731046
3.15,0.250434,0.205559,0.0448746,0.000731231
3.152,0.250434,0.205561,0.0448731,0.000731405
3.154,0.250434,0.205562,0.0448717,0.000731567
3.156,0.250434,0.205568,0.0448658,0.000732485
3.158,0.250434,0.205568,0.0448658,0.000732485
3.16,0.250434,0.205571,0.0448629,0.000732882
3.162,0.250434,0.205572,0.0448614,0.000732845
3.164,0.250434,0.205572,0.0448614,0.000732845
3.166,0.250434,0.205574,0.04486,0.000732818
3.168,0.250434,0.205577,0.044857,0.000732778
3.17,0.250434,0.20558,0.0448541,0.000732734
3.172,0.250434,0.20558,0.0448541,0.000732734
3.174,0.250434,0.205583,0.0448512,0.000732668
3.176,0.250434,0.205584,0.0448497,0.000732624
3.178,0.250434,0.205586,0.0448482,0.00073257
3.18,0.250434,0.205587,0.0448468,0.000732506
3.182,0.250434,0.205589,0.0448453,0.000732432
3.184,0.250434,0.205591,0.0448424,0.000732248
3.186,0.250434,0.205591,0.0448424,0.000732248
3.188,0.250434,0.205593,0.0448409,0.000732138
3.19,0.250434,0.205596,0.044838,0.00073188
3.192,0.250434,0.205597,0.0448365,0.000731731
3.194,0.250434,0.205599,0.0448351,0.00073157
3.196,0.250434,0.2056,0.0448336,0.000731394
3.198,0.250434,0.205602,0.0448321,0.000731206
3.2,0.250434,0.205603,0.0448307,0.000731003
3.202,0.250434,0.205606,0.0448278,0.000730556
3.204,0.250434,0.205606,0.0448278,0.000730556
3.206,0.250434,0.205608,0.0448263,0.000730312
3.208,0.250434,0.20561,0.0448234,0.00072978
3.21,0.250434,0.205612,0.0448219,0.000729493
3.212,0.250434,0.205613,0.0448205,0.000729192
3.214,0.250434,0.205613,0.0448205,0.000729192
3.216,0.250434,0.205621,0.0448132,0.000727839
3.218,0.250434,0.205621,0.0448132,0.000727839
3.22,0.250434,0.205624,0.0448103,0.000727242
3.222,0.250434,0.205625,0.0448088,0.000726714
3.224,0.250434,0.205628,0.0448059,0.000725672
3.226,0.250434,0.205628,0.0448059,0.000725672
3.228,0.250434,0.205631,0.044803,0.000724628
3.23,0.250434,0.205631,0.044803,0.000724628
3.232,0.250434,0.205635,0.0447987,0.000723014
3.234,0.250434,0.205637,0.0447972,0.000722587
3.236,0.250434,0.205638,0.0447958,0.000721996
3.238,0.250434,0.205641,0.0447929,0.000720786
3.24,0.250434,0.205641,0.0447929,0.000720786
3.242,0.250434,0.205644,0.04479,0.000719538
3.244,0.250434,0.205645,0.0447886,0.000718897
3.246,0.250434,0.205647,0.0447871,0.000718244
3.248,0.250434,0.205648,0.0447857,0.000717578
3.25,0.250434,0.20565,0.0447843,0.000716899
3.252,0.250434,0.205652,0.0447814,0.0007155
3.254,0.250434,0.205652,0.0447814,0.0007155
3.256,0.250434,0.205655,0.0447786,0.000713941
3.258,0.250434,0.205657,0.0447771,0.000713212
3.26,0.250434,0.205657,0.0447771,0.000713212
3.262,0.250434,0.20566,0.0447743,0.000711699
3.264,0.250434,0.205661,0.0447728,0.000710917
3.266,0.250434,0.205662,0.0447714,0.000710119
3.268,0.250434,0.205664,0.04477,0.000709303
3.27,0.250434,0.205665,0.0447686,0.000708472
3.272,0.250434,0.205667,0.0447672,0.000707626
3.274,0.250434,0.205668,0.0447658,0.000706763
3.276,0.250434,0.20567,0.0447644,0.000705886
3.278,0.250434,0.205671,0.0447629,0.000704993
3.28,0.250434,0.205671,0.0447629,0.000704993
3.282,0.250434,0.205671,0.0447629,0.000704993
3.284,0.250434,0.205675,0.0447587,0.000702225
3.286,0.250434,0.205678,0.0447559,0.000700305
3.288,0.250434,0.205679,0.0447545,0.000699324
3.29,0.250434,0.205681,0.0447531,0.000698327
3.292,0.250434,0.205684,0.0447503,0.000696292
3.294,0.250434,0.205684,0.0447503,0.000696292
3.296,0.250434,0.205685,0.0447489,0.000695252
3.298,0.250434,0.205688,0.0447462,0.000693131
3.3,0.250434,0.205689,0.0447448,0.000692049
3.302,0.250434,0.20569,0.0447434,0.000690953
3.304,0.250434,0.205692,0.044742,0.000689843
3.306,0.250434,0.205695,0.0447393,0.000687581
3.308,0.250434,0.205696,0.0447379,0.00068643
3.31,0.250434,0.205696,0.0447379,0.00068643
3.312,0.250434,0.205699,0.0447352,0.000684086
3.314,0.250434,0.205699,0.0447352,0.000684086
3.316,0.250434,0.205701,0.0447324,0.000681687
3.318,0.250434,0.205703,0.0447311,0.000680468
3.32,0.250434,0.205704,0.0447297,0.000679235
3.322,0.250434,0.205707,0.044727,0.00067673
3.324,0.250434,0.205708,0.0447257,0.000675457
3.326,0.250434,0.205708,0.0447257,0.000675457
3.328,0.250434,0.205711,0.044723,0.000672874
3.33,0.250434,0.205711,0.044723,0.000672874
3.332,0.250434,0.205714,0.0447203,0.000670239
3.334,0.250434,0.205715,0.0447189,0.000668903
3.336,0.250434,0.205715,0.0447189,0.000668903
3.338,0.250434,0.205722,0.0447123,0.000662354
3.34,0.250434,0.205722,0.0447123,0.000662354
3.342,0.250434,0.205724,0.0447097,0.000659686
3.344,0.250434,0.205726,0.0447083,0.000658156
3.346,0.250434,0.205727,0.044707,0.000656633
3.348,0.250434,0.205728,0.0447057,0.000655114
3.35,0.250434,0.205729,0.0447044,0.000653596
3.352,0.250434,0.205731,0.0447031,0.000652076
3.354,0.250434,0.205733,0.0447005,0.000649024
3.356,0.250434,0.205733,0.0447005,0.000649024
3.358,0.250434,0.205735,0.0446992,0.00064749
3.36,0.250434,0.20574,0.0446941,0.000641584
3.362,0.250434,0.205741,0.0446928,0.000640278
3.364,0.250434,0.205744,0.0446902,0.000636899
3.366,0.250434,0.205745,0.044689,0.000635224
3.368,0.250434,0.205746,0.0446877,0.000633554
3.37,0.250434,0.205747,0.0446864,0.000631887
3.372,0.250434,0.205749,0.0446852,0.00063022
3.374,0.250434,0.20575,0.0446839,0.000628551
3.376,0.250434,0.205751,0.0446827,0.000626879
3.378,0.250434,0.205752,0.0446814,0.000625204
3.38,0.250434,0.205754,0.0446801,0.000623523
3.382,0.250434,0.205756,0.0446777,0.000620143
3.384,0.250434,0.205757,0.0446764,0.000618444
3.386,0.250434,0.205759,0.0446752,0.000616738
3.388,0.250434,0.20576,0.044674,0.000615025
3.39,0.250434,0.205761,0.0446727,0.000613304
3.392,0.250434,0.205762,0.0446715,0.000611577
3.394,0.250434,0.205764,0.0446703,0.000609842
3.396,0.250434,0.205766,0.0446679,0.00060635
3.398,0.250434,0.205767,0.0446667,0.000604594
3.4,0.250434,0.205768,0.0446655,0.00060283
3.402,0.250434,0.20577,0.0446642,0.00060106
3.404,0.250434,0.20577,0.0446642,0.00060106
3.406,0.250434,0.205776,0.0446583,0.000592385
3.408,0.250434,0.205777,0.0446571,0.000590521
3.41,0.250434,0.205778,0.0446559,0.00058866
3.412,0.250434,0.20578,0.0446536,0.000584945
3.414,0.250434,0.205781,0.0446524,0.000583089
3.416,0.250434,0.205783,0.0446513,0.000581232
3.418,0.250434,0.205784,0.0446501,0.000579373
3.42,0.250434,0.205786,0.0446478,0.000575649
3.422,0.250434,0.205787,0.0446467,0.000573783
3.424,0.250434,0.205787,0.0446467,0.000573783
3.426,0.250434,0.205789,0.0446444,0.000570041
3.428,0.250434,0.205789,0.0446444,0.000570041
3.43,0.250434,0.205792,0.0446421,0.000566286
3.432,0.250434,0.205793,0.044641,0.000564404
3.434,0.250434,0.205794,0.0446398,0.000562518
3.436,0.250434,0.205795,0.0446387,0.000560629
3.438,0.250434,0.205796,0.0446376,0.000558737
3.44,0.250434,0.205797,0.0446365,0.000556841
3.442,0.250434,0.2058,0.0446343,0.000553042
3.444,0.250434,0.2058,0.0446343,0.000553042
3.446,0.250434,0.205802,0.0446321,0.000549233
3.448,0.250434,0.205802,0.0446321,0.000549233
3.45,0.250434,0.205804,0.0446299,0.000545414
3.452,0.250434,0.205805,0.0446288,0.000543502
3.454,0.250434,0.205806,0.0446277,0.000541587
3.456,0.250434,0.205806,0.0446277,0.000541587
3.458,0.250434,0.205806,0.0446277,0.000541587
3.46,0.250434,0.205806,0.0446277,0.000541587
3.462,0.250434,0.205807,0.0446266,0.000539671
3.464,0.250434,0.205813,0.0446213,0.000530129
3.466,0.250434,0.205815,0.0446192,0.000526262
3.468,0.250434,0.205816,0.0446181,0.000524331
3.47,0.250434,0.205817,0.0446171,0.000522402
3.472,0.250434,0.205818,0.0446161,0.000520474
3.474,0.250434,0.205819,0.044615,0.000518547
3.476,0.250434,0.205822,0.0446119,0.000512774
3.478,0.250434,0.205823,0.0446109,0.000510936
3.48,0.250434,0.205825,0.0446089,0.000507066
3.482,0.250434,0.205826,0.0446079,0.000505137
3.484,0.250434,0.205826,0.0446079,0.000505137
3.486,0.250434,0.205828,0.0446059,0.000501292
3.488,0.250434,0.205829,0.0446049,0.000499375
3.49,0.250434,0.20583,0.0446039,0.000497461
3.492,0.250434,0.205832,0.0446019,0.000493644
3.494,0.250434,0.205832,0.0446019,0.000493644
3.496,0.250434,0.205833,0.0446009,0.00049174
3.498,0.250434,0.205834,0.0445999,0.000489839
3.5,0.250434,0.205835,0.044599,0.000487942
3.502,0.250434,0.205837,0.044597,0.000484159
3.504,0.250434,0.205838,0.044596,0.000482273
3.506,0.250434,0.205839,0.0445951,0.000480391
3.508,0.250434,0.205841,0.0445932,0.000476639
3.51,0.250434,0.205841,0.0445932,0.000476639
3.512,0.250434,0.205842,0.0445922,0.000474769
3.514,0.250434,0.205844,0.0445903,0.000471043
3.516,0.250434,0.205844,0.0445903,0.000471043
3.518,0.250434,0.205845,0.0445885,0.000467337
3.52,0.250434,0.205846,0.0445875,0.000465491
3.522,0.250434,0.205846,0.0445875,0.000465491
3.524,0.250434,0.205846,0.0445875,0.000465491
3.526,0.250434,0.20585,0.0445838,0.00045838
3.528,0.250434,0.205851,0.0445829,0.00045675
3.53,0.250434,0.205851,0.0445829,0.00045675
3.532,0.250434,0.205853,0.0445811,0.000452982
3.534,0.250434,0.205854,0.0445802,0.000451129
3.536,0.250434,0.205855,0.0445793,0.000449294
3.538,0.250434,0.205855,0.0445784,0.000447475
3.54,0.250434,0.205856,0.0445775,0.000445669
3.542,0.250434,0.205858,0.0445758,0.000442096
3.544,0.250434,0.205858,0.0445758,0.000442096
3.546,0.250434,0.205859,0.0445749,0.000440326
3.548,0.250434,0.205861,0.0445731,0.000436817
3.55,0.250434,0.205862,0.0445722,0.000435076
3.552,0.250434,0.205862,0.0445714,0.000433346
3.554,0.250434,0.205863,0.0445705,0.000431624
3.556,0.250434,0.205864,0.0445697,0.000429912
3.558,0.250434,0.205866,0.044568,0.000426515
3.56,0.250434,0.205866,0.044568,0.000426515
3.562,0.250434,0.205867,0.0445671,0.000424831
3.564,0.250434,0.205868,0.0445654,0.000421489
3.566,0.250434,0.205869,0.0445646,0.000419832
3.568,0.250434,0.20587,0.0445637,0.000418185
3.57,0.250434,0.20587,0.0445637,0.000418185
3.572,0.250434,0.205874,0.0445596,0.000410295
3.574,0.250434,0.205875,0.0445588,0.00040888
3.576,0.250434,0.205876,0.044558,0.000407226
3.578,0.250434,0.205878,0.0445563,0.000403989
3.58,0.250434,0.205878,0.0445563,0.000403989
3.582,0.250434,0.20588,0.044554,0.00039929
3.584,0.250434,0.205882,0.0445524,0.000396297
3.586,0.250434,0.205882,0.0445516,0.000394784
3.588,0.250434,0.205883,0.0445508,0.000393287
3.59,0.250434,0.205883,0.0445508,0.000393287
3.592,0.250434,0.205885,0.0445492,0.000390339
3.594,0.250434,0.205885,0.0445485,0.000388887
3.596,0.250434,0.205887,0.0445469,0.000386025
3.598,0.250434,0.205887,0.0445469,0.000386025
3.6,0.250434,0.205888,0.0445454,0.000383216
3.602,0.250434,0.205889,0.0445446,0.000381832
3.604,0.250434,0.20589,0.0445438,0.000380461
3.606,0.250434,0.20589,0.0445438,0.000380461
3.608,0.250434,0.205892,0.0445423,0.000377758
3.61,0.250434,0.205892,0.0445416,0.000376426
3.612,0.250434,0.205894,0.0445401,0.000373803
3.614,0.250434,0.205894,0.0445401,0.000373803
3.616,0.250434,0.205895,0.0445393,0.000372511
3.618,0.250434,0.205896,0.0445378,0.000369967
3.62,0.250434,0.205897,0.0445371,0.000368716
3.622,0.250434,0.205897,0.0445371,0.000368716
3.624,0.250434,0.205897,0.0445371,0.000368716
3.626,0.250434,0.205897,0.0445371,0.000368716
3.628,0.250434,0.2059,0.0445342,0.000364032
3.63,0.250434,0.2059,0.0445335,0.00036301
3.632,0.250434,0.205901,0.0445327,0.000361769
3.634,0.250434,0.205902,0.044532,0.000360555
3.636,0.250434,0.205903,0.0445313,0.000359368
3.638,0.250434,0.205904,0.0445299,0.000357064
3.64,0.250434,0.205905,0.0445292,0.000355944
3.642,0.250434,0.205905,0.0445284,0.000354843
3.644,0.250434,0.205906,0.0445277,0.000353761
3.646,0.250434,0.205908,0.0445263,0.000351649
3.648,0.250434,0.205908,0.0445256,0.000350619
3.65,0.250434,0.205908,0.0445256,0.000350619
3.652,0.250434,0.20591,0.0445242,0.000348606
3.654,0.250434,0.20591,0.0445235,0.000347624
3.656,0.250434,0.205911,0.0445228,0.000346657
3.658,0.250434,0.205912,0.0445222,0.000345707
3.66,0.250434,0.205912,0.0445215,0.000344771
3.662,0.250434,0.205913,0.0445208,0.000343852
3.664,0.250434,0.205914,0.0445201,0.000342948
3.666,0.250434,0.205914,0.0445194,0.000342059
3.668,0.250434,0.205916,0.044518,0.000340328
3.67,0.250434,0.205917,0.0445174,0.000339486
3.672,0.250434,0.205917,0.0445167,0.00033866
3.674,0.250434,0.205918,0.044516,0.000337849
3.676,0.250434,0.205918,0.044516,0.000337849
3.678,0.250434,0.205918,0.044516,0.000337849
3.68,0.250434,0.205921,0.0445133,0.000334941
3.682,0.250434,0.205921,0.0445126,0.000334365
3.684,0.250434,0.205923,0.0445113,0.000332819
3.686,0.250434,0.205923,0.0445106,0.000332088
3.688,0.250434,0.205924,0.04451,0.000331383
3.69,0.250434,0.205925,0.0445093,0.000330701
3.692,0.250434,0.205925,0.0445093,0.000330701
3.694,0.250434,0.205927,0.0445074,0.000328782
3.696,0.250434,0.205928,0.044506,0.000327649
3.698,0.250434,0.205928,0.044506,0.000327649
3.7,0.250434,0.205928,0.0445054,0.000327073
3.702,0.250434,0.20593,0.0445041,0.00032598
3.704,0.250434,0.20593,0.0445034,0.000325461
3.706,0.250434,0.205931,0.0445028,0.00032496
3.708,0.250434,0.205932,0.0445021,0.000324476
3.71,0.250434,0.205932,0.0445015,0.00032401
3.712,0.250434,0.205933,0.0445008,0.00032356
3.714,0.250434,0.205934,0.0445002,0.000323127
3.716,0.250434,0.205935,0.0444989,0.00032231
3.718,0.250434,0.205936,0.0444982,0.000321926
3.72,0.250434,0.205936,0.0444982,0.000321926
3.722,0.250434,0.205937,0.044497,0.000321206
3.724,0.250434,0.205938,0.0444963,0.00032087
3.726,0.250434,0.205938,0.0444957,0.00032055
3.728,0.250434,0.205939,0.044495,0.000320246
3.73,0.250434,0.205939,0.0444944,0.000319957
3.732,0.250434,0.20594,0.0444938,0.000319685
3.734,0.250434,0.205941,0.0444931,0.000319428
3.736,0.250434,0.205943,0.0444906,0.00031874
3.738,0.250434,0.205945,0.0444893,0.000318487
3.74,0.250434,0.205945,0.0444893,0.000318487
3.742,0.250434,0.205946,0.044488,0.000318103
3.744,0.250434,0.205946,0.0444874,0.00031795
3.746,0.250434,0.205948,0.0444861,0.000317711
3.748,0.250434,0.205948,0.0444855,0.000317622
3.75,0.250434,0.205949,0.0444849,0.000317553
3.752,0.250434,0.20595,0.0444842,0.000317501
3.754,0.250434,0.20595,0.0444836,0.000317467
3.756,0.250434,0.205951,0.0444829,0.000317449
3.758,0.250434,0.205952,0.0444823,0.000317448
3.76,0.250434,0.205952,0.0444817,0.000317463
3.762,0.250434,0.205953,0.0444804,0.00031754
3.764,0.250434,0.205953,0.0444804,0.00031754
3.766,0.250434,0.205954,0.0444798,0.000317601
3.768,0.250434,0.205955,0.0444785,0.000317769
3.77,0.250434,0.205956,0.0444779,0.000317875
3.772,0.250434,0.205957,0.0444772,0.000317995
3.774,0.250434,0.205957,0.0444766,0.00031813
3.776,0.250434,0.205958,0.044476,0.00031828
3.778,0.250434,0.205961,0.0444728,0.000319426
3.78,0.250434,0.205961,0.0444728,0.000319426
3.782,0.250434,0.205962,0.0444715,0.00032
3.784,0.250434,0.205963,0.0444708,0.000320201
3.786,0.250434,0.205964,0.0444702,0.000320428
3.788,0.250434,0.205964,0.0444696,0.000320677
3.79,0.250434,0.205965,0.0444689,0.000320948
3.792,0.250434,0.205967,0.044467,0.000321871
3.794,0.250434,0.205968,0.0444657,0.000322622
3.796,0.250434,0.205968,0.0444657,0.000322622
3.798,0.250434,0.205969,0.0444644,0.000323355
3.8,0.250434,0.20597,0.0444638,0.000323746
3.802,0.250434,0.20597,0.0444638,0.000323746
3.804,0.250434,0.205971,0.0444625,0.000324571
3.806,0.250434,0.205972,0.0444618,0.000325003
3.808,0.250434,0.205973,0.0444605,0.000325908
3.81,0.250434,0.205973,0.0444605,0.000325908
3.812,0.250434,0.205974,0.0444599,0.000326379
3.814,0.250434,0.205975,0.0444586,0.000327358
3.816,0.250434,0.205976,0.0444579,0.000327865
3.818,0.250434,0.205977,0.0444572,0.000328383
3.82,0.250434,0.205977,0.0444566,0.000328913
3.822,0.250434,0.205978,0.0444559,0.000329454
3.824,0.250434,0.205979,0.0444553,0.000330006
3.826,0.250434,0.205979,0.0444546,0.000330568
3.828,0.250434,0.205981,0.0444533,0.000331725
3.83,0.250434,0.205983,0.0444513,0.000333608
3.832,0.250434,0.205984,0.0444499,0.000334956
3.834,0.250434,0.205985,0.0444493,0.000335566
3.836,0.250434,0.205985,0.0444486,0.000336192
3.838,0.250434,0.205987,0.0444472,0.000337487
3.84,0.250434,0.205987,0.0444466,0.000338154
3.842,0.250434,0.205987,0.0444466,0.000338154
3.844,0.250434,0.205989,0.0444452,0.000339521
3.846,0.250434,0.205989,0.0444445,0.00034022
3.848,0.250434,0.20599,0.0444439,0.000340929
3.85,0.250434,0.205991,0.0444432,0.000341647
3.852,0.250434,0.205991,0.0444425,0.000342375
3.854,0.250434,0.205992,0.0444418,0.00034311
3.856,0.250434,0.205993,0.0444404,0.000344607
3.858,0.250434,0.205994,0.0444397,0.000345367
3.86,0.250434,0.205995,0.044439,0.000346134
3.862,0.250434,0.205995,0.044439,0.000346134
3.864,0.250434,0.205996,0.0444376,0.000347692
3.866,0.250434,0.205997,0.0444369,0.000348481
3.868,0.250434,0.205998,0.0444363,0.000349277
3.87,0.250434,0.205999,0.0444348,0.000350888
3.872,0.250434,0.206,0.0444341,0.000351628
3.874,0.250434,0.206,0.0444334,0.000352463
3.876,0.250434,0.206001,0.0444327,0.000353302
3.878,0.250434,0.206001,0.0444327,0.000353302
3.88,0.250434,0.206005,0.0444292,0.000357614
3.882,0.250434,0.206005,0.0444285,0.000358464
3.884,0.250434,0.206006,0.0444277,0.00035932
3.886,0.250434,0.206007,0.044427,0.000360182
3.888,0.250434,0.206008,0.0444263,0.000361049
3.89,0.250434,0.20601,0.0444241,0.000363681
3.892,0.250434,0.20601,0.0444234,0.000364644
3.894,0.250434,0.206011,0.0444227,0.00036552
3.896,0.250434,0.206013,0.0444212,0.000367288
3.898,0.250434,0.206013,0.0444205,0.00036818
3.9,0.250434,0.206013,0.0444205,0.00036818
3.902,0.250434,0.206015,0.044419,0.000369977
3.904,0.250434,0.206016,0.0444182,0.000370881
3.906,0.250434,0.206016,0.0444175,0.000371788
3.908,0.250434,0.206017,0.0444168,0.000372698
3.91,0.250434,0.206019,0.0444153,0.000374525
3.912,0.250434,0.206019,0.0444153,0.000374525
3.914,0.250434,0.206019,0.0444145,0.000375442
3.916,0.250434,0.206021,0.044413,0.00037728
3.918,0.250434,0.206022,0.0444115,0.000379123
3.92,0.250434,0.206022,0.0444115,0.000379123
3.922,0.250434,0.206023,0.0444107,0.000380046
3.924,0.250434,0.206024,0.04441,0.000380969
3.926,0.250434,0.206025,0.0444092,0.000381893
3.928,0.250434,0.206025,0.0444084,0.000382817
3.93,0.250434,0.206025,0.0444084,0.000382817
3.932,0.250434,0.206027,0.0444069,0.000384665
3.934,0.250434,0.206029,0.0444054,0.000386512
3.936,0.250434,0.20603,0.0444038,0.000388422
3.938,0.250434,0.20603,0.0444038,0.000388422
3.94,0.250434,0.206032,0.0444022,0.000390239
3.942,0.250434,0.206032,0.0444015,0.000391149
3.944,0.250434,0.206033,0.0444007,0.000392058
3.946,0.250434,0.206034,0.0443999,0.000392968
3.948,0.250434,0.206035,0.0443991,0.000393876
3.95,0.250434,0.206036,0.0443983,0.000394783
3.952,0.250434,0.206036,0.0443975,0.000395689
3.954,0.250434,0.206038,0.0443959,0.000397494
3.956,0.250434,0.206038,0.0443959,0.000397494
3.958,0.250434,0.20604,0.0443943,0.000399289
3.96,0.250434,0.20604,0.0443935,0.000400183
3.962,0.250434,0.206041,0.0443927,0.000401073
3.964,0.250434,0.206042,0.0443919,0.00040196
3.966,0.250434,0.206043,0.0443911,0.000402843
3.968,0.250434,0.206044,0.0443903,0.000403723
3.97,0.250434,0.206044,0.0443895,0.000404599
3.972,0.250434,0.206046,0.0443879,0.000406338
3.974,0.250434,0.206046,0.0443879,0.000406338
3.976,0.250434,0.206048,0.0443863,0.00040806
3.978,0.250434,0.206048,0.0443863,0.00040806
3.98,0.250434,0.20605,0.0443838,0.000410606
3.982,0.250434,0.206051,0.044383,0.000411444
3.984,0.250434,0.206053,0.0443813,0.000413104
3.986,0.250434,0.206053,0.0443805,0.000413926
3.988,0.250434,0.206054,0.0443797,0.000414741
3.99,0.250434,0.206054,0.0443797,0.000414741
3.992,0.250434,0.206057,0.0443772,0.000417151
3.994,0.250434,0.206058,0.0443763,0.000418025
3.996,0.250434,0.206058,0.0443755,0.000418793
3.998,0.250434,0.20606,0.0443738,0.000420316
4,0.250434,0.206061,0.044373,0.000421069
4.002,0.250434,0.206062,0.0443721,0.000421818
4.004,0.250434,0.206063,0.0443713,0.00042256
4.006,0.250434,0.206063,0.0443704,0.000423295
4.008,0.250434,0.206064,0.0443696,0.000424024
4.01,0.250434,0.206066,0.0443679,0.000425459
4.012,0.250434,0.206066,0.0443679,0.000425459
4.014,0.250434,0.206068,0.0443662,0.000426863
4.016,0.250434,0.206069,0.0443653,0.000427553
4.018,0.250434,0.206069,0.0443653,0.000427553
4.02,0.250434,0.20607,0.0443636,0.000428907
4.022,0.250434,0.206071,0.0443628,0.000429571
4.024,0.250434,0.206072,0.0443619,0.000430226
4.026,0.250434,0.206074,0.0443602,0.000431509
4.028,0.250434,0.206074,0.0443602,0.000431509
4.03,0.250434,0.206075,0.0443593,0.000432136
4.032,0.250434,0.206075,0.0443593,0.000432136
4.034,0.250434,0.206076,0.0443576,0.000433362
4.036,0.250434,0.206079,0.044355,0.000435211
4.038,0.250434,0.206081,0.0443532,0.000436446
4.04,0.250434,0.206081,0.0443532,0.000436446
4.042,0.250434,0.206082,0.0443515,0.000437463
4.044,0.250434,0.206082,0.0443515,0.000437463
4.046,0.250434,0.206084,0.0443497,0.000438461
4.048,0.250434,0.206085,0.0443488,0.000438949
4.05,0.250434,0.206086,0.044348,0.000439429
4.052,0.250434,0.206087,0.0443471,0.000439901
4.054,0.250434,0.206089,0.0443453,0.000440815
4.056,0.250434,0.206089,0.0443453,0.000440815
4.058,0.250434,0.20609,0.0443435,0.000441688
4.06,0.250434,0.206091,0.0443427,0.000442109
4.062,0.250434,0.206091,0.0443427,0.000442109
4.064,0.250434,0.206093,0.0443409,0.000442916
4.066,0.250434,0.206094,0.04434,0.000443302
4.068,0.250434,0.206095,0.0443391,0.000443677
4.07,0.250434,0.206096,0.0443382,0.000444039
4.072,0.250434,0.206097,0.0443365,0.000444728
4.074,0.250434,0.206097,0.0443365,0.000444728
4.076,0.250434,0.206098,0.0443356,0.000445054
4.078,0.250434,0.2061,0.0443338,0.000445668
4.08,0.250434,0.2061,0.0443338,0.000445668
4.082,0.250434,0.2061,0.0443338,0.000445668
4.084,0.250434,0.206104,0.0443302,0.000446825
4.086,0.250434,0.206105,0.0443293,0.000447047
4.088,0.250434,0.206106,0.0443275,0.000447456
4.09,0.250434,0.206107,0.0443266,0.000447644
4.092,0.250434,0.206108,0.0443257,0.00044782
4.094,0.250434,0.206108,0.0443257,0.00044782
4.096,0.250434,0.20611,0.044324,0.000448135
4.098,0.250434,0.206112,0.0443221,0.000448466
4.1,0.250434,0.206114,0.0443204,0.000448654
4.102,0.250434,0.206114,0.0443204,0.000448654
4.104,0.250434,0.206114,0.0443195,0.000448731
4.106,0.250434,0.206116,0.0443177,0.000448848
4.108,0.250434,0.206116,0.0443177,0.000448848
4.11,0.250434,0.206118,0.0443159,0.000448914
4.112,0.250434,0.206119,0.044315,0.000448927
4.114,0.250434,0.20612,0.0443141,0.000448927
4.116,0.250434,0.206121,0.0443132,0.000448912
4.118,0.250434,0.206122,0.0443123,0.000448884
4.12,0.250434,0.206122,0.0443114,0.000448842
4.122,0.250434,0.206123,0.0443105,0.000448786
4.124,0.250434,0.206124,0.0443096,0.000448715
4.126,0.250434,0.206126,0.0443078,0.000448531
4.128,0.250434,0.206127,0.0443069,0.000448417
4.13,0.250434,0.206127,0.0443069,0.000448417
4.132,0.250434,0.206129,0.0443051,0.000448146
4.134,0.250434,0.206129,0.0443051,0.000448146
4.136,0.250434,0.206131,0.0443033,0.000447816
4.138,0.250434,0.206131,0.0443024,0.00044763
4.14,0.250434,0.206131,0.0443024,0.00044763
4.142,0.250434,0.206133,0.0443006,0.000447212
4.144,0.250434,0.206134,0.0442997,0.000446981
4.146,0.250434,0.206135,0.0442988,0.000446736
4.148,0.250434,0.206137,0.0442971,0.0004462
4.15,0.250434,0.206137,0.0442971,0.0004462
4.152,0.250434,0.206138,0.0442962,0.00044591
4.154,0.250434,0.206139,0.0442953,0.000445605
4.156,0.250434,0.20614,0.0442935,0.000444951
4.158,0.250434,0.206141,0.0442926,0.000444602
4.16,0.250434,0.206142,0.0442917,0.000444238
4.162,0.250434,0.206143,0.0442908,0.000443859
4.164,0.250434,0.206145,0.0442891,0.000443056
4.166,0.250434,0.206145,0.0442891,0.000443056
4.168,0.250434,0.206146,0.0442882,0.000442632
4.17,0.250434,0.206147,0.0442864,0.000441741
4.172,0.250434,0.206147,0.0442864,0.000441741
4.174,0.250434,0.206149,0.0442846,0.00044079
4.176,0.250434,0.20615,0.0442837,0.000440293
4.178,0.250434,0.206151,0.0442829,0.000439781
4.18,0.250434,0.206152,0.044282,0.000439254
4.182,0.250434,0.206153,0.0442811,0.000438712
4.184,0.250434,0.206154,0.0442802,0.000438156
4.186,0.250434,0.206154,0.0442794,0.000437585
4.188,0.250434,0.206155,0.0442785,0.000436999
4.19,0.250434,0.206157,0.0442767,0.000435785
4.192,0.250434,0.206158,0.0442759,0.000435155
4.194,0.250434,0.206159,0.044275,0.000434512
4.196,0.250434,0.206159,0.044275,0.000434512
4.198,0.250434,0.206159,0.044275,0.000434512
4.2,0.250434,0.206162,0.0442715,0.000431866
4.202,0.250434,0.206164,0.0442698,0.000430396
4.204,0.250434,0.206165,0.044269,0.000429643
4.206,0.250434,0.206166,0.0442681,0.000428878
4.208,0.250434,0.206167,0.0442673,0.0004281
4.21,0.250434,0.206167,0.0442664,0.000427309
4.212,0.250434,0.206168,0.0442655,0.000426505
4.214,0.250434,0.206171,0.044263,0.000424014
4.216,0.250434,0.206173,0.0442613,0.000422288
4.218,0.250434,0.206173,0.0442613,0.000422288
4.22,0.250434,0.206174,0.0442596,0.000420508
4.222,0.250434,0.206175,0.0442588,0.000419598
4.224,0.250434,0.206175,0.0442588,0.000419598
4.226,0.250434,0.206177,0.0442571,0.000417738
4.228,0.250434,0.206178,0.0442563,0.000416789
4.23,0.250434,0.206178,0.0442554,0.000415827
4.232,0.250434,0.20618,0.0442538,0.000413863
4.234,0.250434,0.20618,0.0442538,0.000413863
4.236,0.250434,0.206181,0.044253,0.000412862
4.238,0.250434,0.206183,0.0442513,0.000410822
4.24,0.250434,0.206183,0.0442505,0.000409783
4.242,0.250434,0.206184,0.0442497,0.000408732
4.244,0.250434,0.206185,0.0442489,0.000407668
4.246,0.250434,0.206186,0.044248,0.000406592
4.248,0.250434,0.206187,0.0442464,0.000404403
4.25,0.250434,0.206188,0.0442456,0.00040329
4.252,0.250434,0.206188,0.0442456,0.00040329
4.254,0.250434,0.206192,0.0442416,0.000397893
4.256,0.250434,0.206193,0.0442408,0.000396905
4.258,0.250434,0.206194,0.04424,0.000395609
4.26,0.250434,0.206195,0.0442392,0.000394319
4.262,0.250434,0.206195,0.0442385,0.000393035
4.264,0.250434,0.206197,0.0442369,0.000390472
4.266,0.250434,0.206198,0.0442361,0.000389188
4.268,0.250434,0.206199,0.0442353,0.000387901
4.27,0.250434,0.206199,0.0442346,0.000386609
4.272,0.250434,0.2062,0.0442338,0.000385311
4.274,0.250434,0.206202,0.0442323,0.000382694
4.276,0.250434,0.206202,0.0442323,0.000382694
4.278,0.250434,0.206202,0.0442315,0.000381375
4.28,0.250434,0.206204,0.04423,0.000378712
4.282,0.250434,0.206205,0.0442292,0.000377368
4.284,0.250434,0.206205,0.0442285,0.000376016
4.286,0.250434,0.206206,0.0442277,0.000374655
4.288,0.250434,0.206207,0.044227,0.000373286
4.29,0.250434,0.206208,0.0442262,0.000371908
4.292,0.250434,0.206208,0.0442255,0.000370522
4.294,0.250434,0.206209,0.0442248,0.000369127
4.296,0.250434,0.206211,0.0442233,0.000366312
4.298,0.250434,0.206213,0.0442204,0.000360746
4.3,0.250434,0.206213,0.0442204,0.000360746
4.302,0.250434,0.206214,0.0442197,0.000359434
4.304,0.250434,0.206216,0.0442182,0.000356404
4.306,0.250434,0.206216,0.0442175,0.000354892
4.308,0.250434,0.206217,0.0442168,0.000353381
4.31,0.250434,0.206217,0.0442168,0.000353381
4.312,0.250434,0.20622,0.044214,0.000347373
4.314,0.250434,0.206221,0.0442133,0.000345839
4.316,0.250434,0.206221,0.0442126,0.000344302
4.318,0.250434,0.206222,0.044212,0.000342763
4.32,0.250434,0.206223,0.0442113,0.00034122
4.322,0.250434,0.206223,0.0442106,0.000339674
4.324,0.250434,0.206225,0.0442092,0.000336571
4.326,0.250434,0.206225,0.0442086,0.000335012
4.328,0.250434,0.206226,0.0442079,0.00033345
4.33,0.250434,0.206227,0.0442066,0.000330313
4.332,0.250434,0.206227,0.0442066,0.000330313
4.334,0.250434,0.206228,0.0442059,0.000328738
4.336,0.250434,0.206229,0.0442046,0.000325575
4.338,0.250434,0.206229,0.0442046,0.000325575
4.34,0.250434,0.206231,0.0442033,0.000322398
4.342,0.250434,0.206231,0.0442027,0.000320803
4.344,0.250434,0.206232,0.044202,0.000319205
4.346,0.250434,0.206233,0.0442008,0.000315999
4.348,0.250434,0.206233,0.0442008,0.000315999
4.35,0.250434,0.206233,0.0442008,0.000315999
4.352,0.250434,0.206233,0.0442008,0.000315999
4.354,0.250434,0.206233,0.0442008,0.000315999
4.356,0.250434,0.206236,0.0441977,0.000309599
4.358,0.250434,0.206237,0.0441971,0.00030636
4.36,0.250434,0.206237,0.0441965,0.000304726
4.362,0.250434,0.206238,0.0441958,0.000303094
4.364,0.250434,0.206239,0.0441952,0.000301461
4.366,0.250434,0.206239,0.0441946,0.000299828
4.368,0.250434,0.20624,0.044194,0.000298195
4.37,0.250434,0.20624,0.0441934,0.000296561
4.372,0.250434,0.206241,0.0441929,0.000294927
4.374,0.250434,0.206242,0.0441917,0.000291658
4.376,0.250434,0.206243,0.0441911,0.000290023
4.378,0.250434,0.206243,0.0441905,0.000288388
4.38,0.250434,0.206244,0.04419,0.000286753
4.382,0.250434,0.206244,0.0441894,0.000285118
4.384,0.250434,0.206245,0.0441888,0.000283483
4.386,0.250434,0.206246,0.0441883,0.000281849
4.388,0.250434,0.206246,0.0441877,0.000280215
4.39,0.250434,0.206247,0.0441871,0.000278582
4.392,0.250434,0.206248,0.044186,0.000275318
4.394,0.250434,0.206248,0.0441855,0.000273688
4.396,0.250434,0.206249,0.044185,0.000272059
4.398,0.250434,0.206249,0.0441844,0.000270432
4.4,0.250434,0.20625,0.0441839,0.000268806
4.402,0.250434,0.206252,0.0441817,0.000262436
4.404,0.250434,0.206253,0.0441812,0.000260799
4.406,0.250434,0.206254,0.0441802,0.000257543
4.408,0.250434,0.206254,0.0441802,0.000257543
4.41,0.250434,0.206254,0.0441797,0.000255925
4.412,0.250434,0.206255,0.0441787,0.000252707
4.414,0.250434,0.206255,0.0441787,0.000252707
4.416,0.250434,0.206257,0.0441772,0.000247917
4.418,0.250434,0.206257,0.0441767,0.000246367
4.42,0.250434,0.206258,0.0441762,0.000244778
4.422,0.250434,0.206259,0.0441752,0.000241616
4.424,0.250434,0.206259,0.0441747,0.000240045
4.426,0.250434,0.20626,0.0441743,0.00023848
4.428,0.250434,0.20626,0.0441738,0.00023692
4.43,0.250434,0.206261,0.0441733,0.000235367
4.432,0.250434,0.206261,0.0441729,0.000233819
4.434,0.250434,0.206261,0.0441724,0.000232278
4.436,0.250434,0.206262,0.0441719,0.000230742
4.438,0.250434,0.206263,0.044171,0.00022769
4.44,0.250434,0.206263,0.044171,0.00022769
4.442,0.250434,0.206264,0.0441701,0.000224662
4.444,0.250434,0.206264,0.0441697,0.000223159
4.446,0.250434,0.206265,0.0441692,0.000221662
4.448,0.250434,0.206265,0.0441688,0.000220171
4.45,0.250434,0.206266,0.0441683,0.000218688
4.452,0.250434,0.206266,0.0441679,0.000217212
4.454,0.250434,0.206266,0.0441679,0.000217212
4.456,0.250434,0.206268,0.0441658,0.000210036
4.458,0.250434,0.206269,0.0441654,0.000208684
4.46,0.250434,0.206269,0.0441645,0.000205781
4.462,0.250434,0.20627,0.0441641,0.000204352
4.464,0.250434,0.20627,0.0441637,0.000202937
4.466,0.250434,0.206271,0.0441633,0.000201534
4.468,0.250434,0.206271,0.0441629,0.000200144
4.47,0.250434,0.206271,0.0441625,0.000198766
4.472,0.250434,0.206272,0.0441621,0.000197398
4.474,0.250434,0.206272,0.0441617,0.000196042
4.476,0.250434,0.206273,0.044161,0.00019336
4.478,0.250434,0.206273,0.044161,0.00019336
4.48,0.250434,0.206274,0.0441602,0.000190721
4.482,0.250434,0.206274,0.0441598,0.000189417
4.484,0.250434,0.206274,0.0441594,0.000188124
4.486,0.250434,0.206275,0.0441591,0.00018684
4.488,0.250434,0.206276,0.0441583,0.000184306
4.49,0.250434,0.206276,0.0441583,0.000184306
4.492,0.250434,0.206276,0.0441576,0.000181783
4.494,0.250434,0.206276,0.0441576,0.000181783
4.496,0.250434,0.206277,0.0441569,0.000179348
4.498,0.250434,0.206277,0.0441565,0.000178145
4.5,0.250434,0.206278,0.0441562,0.000176953
4.502,0.250434,0.206279,0.0441548,0.000172292
4.504,0.250434,0.20628,0.0441541,0.00017003
4.506,0.250434,0.20628,0.0441537,0.000168917
4.508,0.250434,0.20628,0.0441537,0.000168917
4.51,0.250434,0.206281,0.0441531,0.000166727
4.512,0.250434,0.206281,0.0441528,0.00016565
4.514,0.250434,0.206281,0.0441524,0.000164585
4.516,0.250434,0.206282,0.0441514,0.000161467
4.518,0.250434,0.206283,0.0441511,0.000160454
4.52,0.250434,0.206283,0.0441508,0.000159453
4.522,0.250434,0.206283,0.0441505,0.000158465
4.524,0.250434,0.206284,0.0441499,0.000156529
4.526,0.250434,0.206284,0.0441499,0.000156529
4.528,0.250434,0.206284,0.0441495,0.000155581
4.53,0.250434,0.206285,0.0441489,0.000153724
4.532,0.250434,0.206285,0.0441489,0.000153724
4.534,0.250434,0.206286,0.0441483,0.000151923
4.536,0.250434,0.206286,0.044148,0.000151042
4.538,0.250434,0.206286,0.0441477,0.000150175
4.54,0.250434,0.206286,0.0441474,0.000149323
4.542,0.250434,0.206287,0.0441471,0.000148484
4.544,0.250434,0.206287,0.0441468,0.000147659
4.546,0.250434,0.206287,0.0441465,0.000146848
4.548,0.250434,0.206288,0.044146,0.000146052
4.55,0.250434,0.206288,0.044146,0.00014527
4.552,0.250434,0.206288,0.0441454,0.000143722
4.554,0.250434,0.206289,0.0441451,0.000142988
4.556,0.250434,0.20629,0.0441442,0.000140896
4.558,0.250434,0.20629,0.044144,0.000140265
4.56,0.250434,0.20629,0.0441434,0.00013892
4.562,0.250434,0.206291,0.0441431,0.000138273
4.564,0.250434,0.206291,0.0441429,0.000137644
4.566,0.250434,0.206291,0.0441426,0.000137031
4.568,0.250434,0.206292,0.0441423,0.000136434
4.57,0.250434,0.206292,0.044142,0.000135854
4.572,0.250434,0.206292,0.0441415,0.00013474
4.574,0.250434,0.206293,0.0441412,0.000134207
4.576,0.250434,0.206293,0.0441412,0.000134207
4.578,0.250434,0.206293,0.044141,0.000133689
4.58,0.250434,0.206293,0.0441404,0.000132699
4.582,0.250434,0.206294,0.0441402,0.000132227
4.584,0.250434,0.206294,0.0441399,0.000131771
4.586,0.250434,0.206294,0.0441396,0.00013133
4.588,0.250434,0.206295,0.0441391,0.000130494
4.59,0.250434,0.206295,0.0441391,0.000130494
4.592,0.250434,0.206295,0.0441388,0.000130099
4.594,0.250434,0.206296,0.0441383,0.000129355
4.596,0.250434,0.206296,0.0441381,0.000129006
4.598,0.250434,0.206296,0.0441378,0.000128673
4.6,0.250434,0.206296,0.0441378,0.000128673
4.602,0.250434,0.206296,0.0441376,0.000128354
4.604,0.250434,0.206296,0.0441376,0.000128354
4.606,0.250434,0.206297,0.0441373,0.000128052
4.608,0.250434,0.206298,0.0441363,0.000127016
4.61,0.250434,0.206298,0.044136,0.000126813
4.612,0.250434,0.206298,0.0441355,0.000126389
4.614,0.250434,0.206299,0.0441353,0.000126203
4.616,0.250434,0.206299,0.044135,0.000126034
4.618,0.250434,0.206299,0.044135,0.000126034
4.62,0.250434,0.206299,0.0441348,0.000125881
4.622,0.250434,0.2063,0.0441338,0.000125429
4.624,0.250434,0.2063,0.0441338,0.000125429
4.626,0.250434,0.2063,0.0441335,0.000125355
4.628,0.250434,0.206301,0.0441333,0.000125296
4.63,0.250434,0.206301,0.044133,0.000125253
4.632,0.250434,0.206301,0.0441325,0.000125213
4.634,0.250434,0.206301,0.0441325,0.000125213
4.636,0.250434,0.206302,0.0441323,0.000125216
4.638,0.250434,0.206302,0.0441318,0.000125267
4.64,0.250434,0.206302,0.0441315,0.000125314
4.642,0.250434,0.206303,0.0441313,0.000125377
4.644,0.250434,0.206303,0.044131,0.000125455
4.646,0.250434,0.206303,0.0441308,0.000125548
4.648,0.250434,0.206303,0.0441305,0.000125655
4.65,0.250434,0.206304,0.04413,0.000125914
4.652,0.250434,0.206304,0.04413,0.000125914
4.654,0.250434,0.206304,0.0441298,0.000126066
4.656,0.250434,0.206305,0.0441293,0.000126412
4.658,0.250434,0.206305,0.044129,0.000126607
4.66,0.250434,0.206305,0.0441285,0.000127041
4.662,0.250434,0.206306,0.0441277,0.000127848
4.664,0.250434,0.206306,0.0441275,0.000128118
4.666,0.250434,0.206307,0.0441272,0.000128404
4.668,0.250434,0.206307,0.044127,0.000128706
4.67,0.250434,0.206307,0.0441264,0.000129355
4.672,0.250434,0.206307,0.0441264,0.000129355
4.674,0.250434,0.206308,0.0441262,0.000129702
4.676,0.250434,0.206308,0.0441259,0.000130063
4.678,0.250434,0.206308,0.0441257,0.000130438
4.68,0.250434,0.206308,0.0441254,0.000130827
4.682,0.250434,0.206309,0.0441249,0.000131647
4.684,0.250434,0.206309,0.0441246,0.000132076
4.686,0.250434,0.20631,0.0441243,0.00013252
4.688,0.250434,0.20631,0.0441238,0.000133446
4.69,0.250434,0.20631,0.0441238,0.000133446
4.692,0.250434,0.20631,0.0441235,0.000133928
4.694,0.250434,0.206311,0.044123,0.000134931
4.696,0.250434,0.206311,0.044123,0.000134931
4.698,0.250434,0.206311,0.0441227,0.000135452
4.7,0.250434,0.206312,0.0441222,0.00013653
4.702,0.250434,0.206312,0.0441219,0.000137088
4.704,0.250434,0.206313,0.0441208,0.000139439
4.706,0.250434,0.206314,0.0441202,0.000140686
4.708,0.250434,0.206314,0.04412,0.000141326
4.71,0.250434,0.206314,0.0441197,0.000141978
4.712,0.250434,0.206314,0.0441197,0.000141978
4.714,0.250434,0.206315,0.0441191,0.000143316
4.716,0.250434,0.206315,0.0441188,0.000144001
4.718,0.250434,0.206315,0.0441185,0.000144697
4.72,0.250434,0.206315,0.0441185,0.000144697
4.722,0.250434,0.206317,0.0441173,0.000147625
4.724,0.250434,0.206317,0.044117,0.000148367
4.726,0.250434,0.206317,0.0441168,0.00014912
4.728,0.250434,0.206318,0.0441162,0.000150659
4.73,0.250434,0.206318,0.0441159,0.000151444
4.732,0.250434,0.206318,0.0441155,0.00015224
4.734,0.250434,0.206319,0.0441152,0.000153045
4.736,0.250434,0.206319,0.0441149,0.000153861
4.738,0.250434,0.20632,0.0441143,0.00015552
4.74,0.250434,0.20632,0.0441143,0.00015552
4.742,0.250434,0.20632,0.044114,0.000156363
4.744,0.250434,0.20632,0.0441137,0.000157216
4.746,0.250434,0.20632,0.0441134,0.000158077
4.748,0.250434,0.206321,0.0441131,0.000158946
4.75,0.250434,0.206321,0.0441124,0.000160711
4.752,0.250434,0.206322,0.0441121,0.000161605
4.754,0.250434,0.206322,0.0441118,0.000162508
4.756,0.250434,0.206322,0.0441114,0.000163418
4.758,0.250434,0.206323,0.0441108,0.000165261
4.76,0.250434,0.206323,0.0441108,0.000165261
4.762,0.250434,0.206323,0.0441104,0.000166193
4.764,0.250434,0.206324,0.0441098,0.00016808
4.766,0.250434,0.206324,0.0441094,0.000169031
4.768,0.250434,0.206324,0.0441094,0.000169031
4.77,0.250434,0.206326,0.0441077,0.000174119
4.772,0.250434,0.206326,0.0441077,0.000174119
4.774,0.250434,0.206326,0.0441074,0.000175069
4.776,0.250434,0.206327,0.0441067,0.000177005
4.778,0.250434,0.206328,0.0441063,0.00017799
4.78,0.250434,0.206328,0.0441059,0.000178985
4.782,0.250434,0.206329,0.0441052,0.000181001
4.784,0.250434,0.206329,0.0441052,0.000181001
4.786,0.250434,0.206329,0.0441049,0.00018202
4.788,0.250434,0.20633,0.0441041,0.000184076
4.79,0.250434,0.20633,0.0441038,0.000185113
4.792,0.250434,0.20633,0.0441034,0.000186155
4.794,0.250434,0.206331,0.044103,0.000187201
4.796,0.250434,0.206331,0.0441026,0.000188252
4.798,0.250434,0.206332,0.0441019,0.000190365
4.8,0.250434,0.206332,0.0441019,0.000190365
4.802,0.250434,0.206332,0.0441015,0.000191428
4.804,0.250434,0.206333,0.0441007,0.000193562
4.806,0.250434,0.206333,0.0441007,0.000193562
4.808,0.250434,0.206334,0.0440999,0.000195709
4.81,0.250434,0.206334,0.0440995,0.000196786
4.812,0.250434,0.206335,0.0440992,0.000197865
4.814,0.250434,0.206335,0.0440987,0.000198947
4.816,0.250434,0.206335,0.0440987,0.000198947
4.818,0.250434,0.206337,0.0440967,0.000204513
4.82,0.250434,0.206338,0.0440963,0.00020572
4.822,0.250434,0.206338,0.0440963,0.00020572
4.824,0.250434,0.206338,0.0440959,0.000206766
4.826,0.250434,0.206339,0.0440951,0.000208881
4.828,0.250434,0.206339,0.0440947,0.000209949
4.83,0.250434,0.20634,0.0440938,0.000212099
4.832,0.250434,0.206341,0.044093,0.000214301
4.834,0.250434,0.206341,0.044093,0.000214301
4.836,0.250434,0.206341,0.0440925,0.000215377
4.838,0.250434,0.206342,0.0440916,0.000217537
4.84,0.250434,0.206343,0.0440912,0.000218618
4.842,0.250434,0.206343,0.0440908,0.0002197
4.844,0.250434,0.206344,0.0440903,0.000220782
4.846,0.250434,0.206344,0.0440899,0.000221864
4.848,0.250434,0.206344,0.0440894,0.000222945
4.85,0.250434,0.206345,0.044089,0.000224025
4.852,0.250434,0.206346,0.0440881,0.000226179
4.854,0.250434,0.206346,0.0440876,0.000227254
4.856,0.250434,0.206347,0.0440872,0.000228326
4.858,0.250434,0.206347,0.0440867,0.000229396
4.86,0.250434,0.206347,0.0440867,0.000229396
4.862,0.250434,0.206348,0.0440858,0.000231528
4.864,0.250434,0.206349,0.0440853,0.000232589
4.866,0.250434,0.206349,0.0440844,0.000234702
4.868,0.250434,0.206349,0.0440844,0.000234702
4.87,0.250434,0.20635,0.0440839,0.000235753
4.872,0.250434,0.206351,0.0440825,0.000238934
4.874,0.250434,0.206352,0.044082,0.000240062
4.876,0.250434,0.206353,0.044081,0.00024207
4.878,0.250434,0.206353,0.0440806,0.000243073
4.88,0.250434,0.206354,0.0440801,0.000244074
4.882,0.250434,0.206354,0.0440796,0.000245073
4.884,0.250434,0.206355,0.0440791,0.000246069
4.886,0.250434,0.206355,0.0440786,0.000247061
4.888,0.250434,0.206356,0.0440781,0.000248049
4.89,0.250434,0.206356,0.0440776,0.000249032
4.892,0.250434,0.206357,0.0440766,0.000250984
4.894,0.250434,0.206358,0.0440761,0.000251951
4.896,0.250434,0.206358,0.0440756,0.000252913
4.898,0.250434,0.206359,0.0440751,0.000253869
4.9,0.250434,0.206359,0.0440746,0.000254818
4.902,0.250434,0.20636,0.0440741,0.00025576
4.904,0.250434,0.20636,0.0440736,0.000256696
4.906,0.250434,0.206361,0.044073,0.000257625
4.908,0.250434,0.206361,0.0440725,0.000258547
4.91,0.250434,0.206362,0.0440715,0.000260368
4.912,0.250434,0.206362,0.0440715,0.000260368
4.914,0.250434,0.206363,0.044071,0.000261267
4.916,0.250434,0.206363,0.044071,0.000261267
4.918,0.250434,0.206363,0.044071,0.000261267
4.92,0.250434,0.206365,0.0440688,0.000264936
4.922,0.250434,0.206366,0.0440683,0.000265929
4.924,0.250434,0.206366,0.0440678,0.000266727
4.926,0.250434,0.206367,0.0440672,0.000267525
4.928,0.250434,0.206368,0.0440662,0.000269117
4.93,0.250434,0.206368,0.0440662,0.000269117
4.932,0.250434,0.206368,0.0440662,0.000269117
4.934,0.250434,0.206369,0.0440646,0.000271474
4.936,0.250434,0.20637,0.0440635,0.000273058
4.938,0.250434,0.20637,0.0440635,0.000273058
4.94,0.250434,0.206371,0.0440629,0.000273808
4.942,0.250434,0.206372,0.0440618,0.000275287
4.944,0.250434,0.206373,0.0440613,0.000276015
4.946,0.250434,0.206373,0.0440613,0.000276015
4.948,0.250434,0.206374,0.0440602,0.000277444
4.95,0.250434,0.206374,0.0440596,0.000278144
4.952,0.250434,0.206375,0.044059,0.000278835
4.954,0.250434,0.206375,0.0440585,0.000279515
4.956,0.250434,0.206376,0.0440579,0.000280186
4.958,0.250434,0.206377,0.0440574,0.000280846
4.96,0.250434,0.206377,0.0440568,0.000281495
4.962,0.250434,0.206378,0.0440557,0.000282761
4.964,0.250434,0.206378,0.0440557,0.000282761
4.966,0.250434,0.206379,0.0440545,0.000283981
4.968,0.250434,0.20638,0.044054,0.000284575
4.97,0.250434,0.20638,0.044054,0.000284575
4.972,0.250434,0.20638,0.044054,0.000284575
4.974,0.250434,0.206382,0.0440517,0.000286885
4.976,0.250434,0.206383,0.0440511,0.000287409
4.978,0.250434,0.206384,0.0440499,0.000288426
4.98,0.250434,0.206384,0.0440494,0.000288917
4.982,0.250434,0.206385,0.0440488,0.000289398
4.984,0.250434,0.206386,0.0440476,0.000290323
4.986,0.250434,0.206387,0.044047,0.000290767
4.988,0.250434,0.206387,0.0440465,0.000291199
4.99,0.250434,0.206388,0.0440459,0.000291618
4.992,0.250434,0.206389,0.0440453,0.000292025
4.994,0.250434,0.206389,0.0440447,0.000292419
4.996,0.250434,0.20639,0.0440441,0.000292799
4.998,0.250434,0.20639,0.0440435,0.000293167
5,0.250434,0.206391,0.0440429,0.000293522
