time,target_q,current_q,error,dq
0,0.167383,0.0673825,0.1,1.05391e-07
0.002,0.167383,0.0673825,0.1,1.0659e-07
0.004,0.167383,0.0676873,0.0996952,0.152407
0.006,0.167383,0.0676873,0.0996952,0.152407
0.008,0.167383,0.0682955,0.099087,0.304074
0.01,0.167383,0.0702738,0.0971087,0.551856
0.012,0.167383,0.0715742,0.0958083,0.650214
0.014,0.167383,0.0730425,0.09434,0.734134
0.016,0.167383,0.0763817,0.0910008,0.864521
0.018,0.167383,0.0763817,0.0910008,0.864521
0.02,0.167383,0.0763817,0.0910008,0.864521
0.022,0.167383,0.0821019,0.0852806,0.992964
0.024,0.167383,0.0841663,0.0832163,1.03218
0.026,0.167383,0.088376,0.0790065,1.05662
0.028,0.167383,0.0904953,0.0768873,1.05962
0.03,0.167383,0.0926113,0.0747712,1.05803
0.032,0.167383,0.0947161,0.0726664,1.05239
0.034,0.167383,0.0968024,0.0705801,1.04317
0.036,0.167383,0.0968024,0.0705801,1.04317
0.038,0.167383,0.0968024,0.0705801,1.04317
0.04,0.167383,0.102897,0.0644856,1.00065
0.042,0.167383,0.106796,0.0605865,0.964068
0.044,0.167383,0.108677,0.058705,0.940765
0.046,0.167383,0.11051,0.0568725,0.916245
0.048,0.167383,0.112292,0.0550907,0.890898
0.05,0.167383,0.115699,0.0516836,0.838595
0.052,0.167383,0.115699,0.0516836,0.838595
0.054,0.167383,0.117323,0.0500598,0.81192
0.056,0.167383,0.120409,0.0469735,0.758091
0.058,0.167383,0.121871,0.0455112,0.731154
0.06,0.167383,0.12328,0.0441025,0.704333
0.062,0.167383,0.125938,0.0414444,0.651368
0.064,0.167383,0.125938,0.0414444,0.651368
0.066,0.167383,0.12719,0.040192,0.626164
0.068,0.167383,0.128396,0.0389867,0.602685
0.07,0.167383,0.129557,0.0378254,0.580646
0.072,0.167383,0.130677,0.0367058,0.55977
0.074,0.167383,0.132798,0.0345848,0.520685
0.076,0.167383,0.132798,0.0345848,0.520685
0.078,0.167383,0.132798,0.0345848,0.520685
0.08,0.167383,0.137429,0.0299532,0.424922
0.082,0.167383,0.138242,0.0291408,0.406193
0.084,0.167383,0.139017,0.0283654,0.387739
0.086,0.167383,0.14046,0.0269225,0.351829
0.088,0.167383,0.14046,0.0269225,0.351829
0.09,0.167383,0.141129,0.0262536,0.334433
0.092,0.167383,0.141764,0.0256188,0.317396
0.094,0.167383,0.142365,0.0250173,0.300755
0.096,0.167383,0.142934,0.0244483,0.284532
0.098,0.167383,0.143979,0.0234039,0.253435
0.1,0.167383,0.144456,0.0229267,0.238615
0.102,0.167383,0.144456,0.0229267,0.238615
0.104,0.167383,0.14572,0.0216624,0.197282
0.106,0.167383,0.14572,0.0216624,0.197282
0.108,0.167383,0.146089,0.0212933,0.184573
0.11,0.167383,0.146756,0.0206269,0.160761
0.112,0.167383,0.146756,0.0206269,0.160761
0.114,0.167383,0.147055,0.0203277,0.149651
0.116,0.167383,0.147333,0.0200495,0.139061
0.118,0.167383,0.14783,0.0195528,0.119403
0.12,0.167383,0.14805,0.0193321,0.110323
0.122,0.167383,0.14805,0.0193321,0.110323
0.124,0.167383,0.148254,0.0191287,0.101732
0.126,0.167383,0.149037,0.018346,0.0629306
0.128,0.167383,0.149151,0.0182319,0.0570148
0.13,0.167383,0.149254,0.0181288,0.0515856
0.132,0.167383,0.149347,0.0180358,0.0464861
0.134,0.167383,0.14943,0.0179524,0.0416857
0.136,0.167383,0.14943,0.0179524,0.0416857
0.138,0.167383,0.149628,0.0177544,0.0289338
0.14,0.167383,0.149678,0.0177045,0.024941
0.142,0.167383,0.149757,0.0176253,0.0181652
0.144,0.167383,0.149757,0.0176253,0.0181652
0.146,0.167383,0.149814,0.0175682,0.0131445
0.148,0.167383,0.149837,0.0175456,0.0113353
0.15,0.167383,0.149857,0.0175258,0.00987273
0.152,0.167383,0.149874,0.0175084,0.00868797
0.154,0.167383,0.14989,0.017493,0.00772591
0.156,0.167383,0.149916,0.0174665,0.00630232
0.158,0.167383,0.149916,0.0174665,0.00630232
0.16,0.167383,0.149928,0.0174549,0.00577716
0.162,0.167383,0.149948,0.0174343,0.00498434
0.164,0.167383,0.149958,0.0174249,0.00468368
0.166,0.167383,0.149958,0.0174249,0.00468368
0.168,0.167383,0.149966,0.017416,0.00443052
0.17,0.167383,0.149983,0.0173996,0.00403149
0.172,0.167383,0.149998,0.0173844,0.00373315
0.174,0.167383,0.149998,0.0173844,0.00373315
0.176,0.167383,0.150005,0.0173771,0.00361032
0.178,0.167383,0.150032,0.0173504,0.00317668
0.18,0.167383,0.150038,0.0173443,0.00303534
0.182,0.167383,0.150044,0.0173385,0.00288046
0.184,0.167383,0.150049,0.0173331,0.00272398
0.186,0.167383,0.150059,0.0173231,0.00242132
0.188,0.167383,0.150064,0.0173185,0.00227971
0.19,0.167383,0.150068,0.0173143,0.00214626
0.192,0.167383,0.150072,0.0173102,0.00202151
0.194,0.167383,0.150076,0.0173064,0.00190564
0.196,0.167383,0.15008,0.0173028,0.00179855
0.198,0.167383,0.150083,0.0172994,0.00169993
0.2,0.167383,0.150089,0.0172931,0.00152552
0.202,0.167383,0.150089,0.0172931,0.00152552
0.204,0.167383,0.150095,0.0172876,0.00134764
0.206,0.167383,0.150097,0.017285,0.00125771
0.208,0.167383,0.1501,0.0172827,0.00116913
0.21,0.167383,0.150102,0.0172805,0.00108295
0.212,0.167383,0.150104,0.0172785,0.000999886
0.214,0.167383,0.150108,0.017275,0.000845002
0.216,0.167383,0.150109,0.0172735,0.000773703
0.218,0.167383,0.15011,0.017272,0.000706644
0.22,0.167383,0.15011,0.017272,0.000706644
0.222,0.167383,0.150112,0.0172708,0.000643828
0.224,0.167383,0.150117,0.0172659,0.000389625
0.226,0.167383,0.150118,0.0172646,0.000312984
0.228,0.167383,0.150119,0.0172635,0.000248499
0.23,0.167383,0.150119,0.0172635,0.000248499
0.232,0.167383,0.150119,0.0172631,0.000220326
0.234,0.167383,0.15012,0.0172621,0.000149944
0.236,0.167383,0.150121,0.0172618,0.000130618
0.238,0.167383,0.150121,0.0172616,0.000113155
0.24,0.167383,0.150121,0.0172612,8.32196e-05
0.242,0.167383,0.150121,0.0172611,7.04963e-05
0.244,0.167383,0.150122,0.017261,5.91153e-05
0.246,0.167383,0.150122,0.0172609,4.8971e-05
0.248,0.167383,0.150122,0.0172607,3.20075e-05
0.25,0.167383,0.150122,0.0172607,3.20075e-05
0.252,0.167383,0.150122,0.0172606,1.89045e-05
0.254,0.167383,0.150122,0.0172606,1.36093e-05
0.256,0.167383,0.150122,0.0172606,9.061e-06
0.258,0.167383,0.150122,0.0172606,5.19808e-06
0.26,0.167383,0.150122,0.0172606,1.9638e-06
0.262,0.167383,0.150122,0.0172606,-6.94166e-07
0.264,0.167383,0.150122,0.0172606,-2.82404e-06
0.266,0.167383,0.150122,0.0172606,-5.6737e-06
0.268,0.167383,0.150122,0.0172606,-6.47204e-06
0.27,0.167383,0.150122,0.0172606,-6.89992e-06
0.272,0.167383,0.150122,0.0172606,-6.89992e-06
0.274,0.167383,0.150122,0.0172607,-3.10595e-06
0.276,0.167383,0.150122,0.0172607,-1.7688e-06
0.278,0.167383,0.150122,0.0172607,1.46355e-06
0.28,0.167383,0.150122,0.0172607,1.46355e-06
0.282,0.167383,0.150122,0.0172607,3.32202e-06
0.284,0.167383,0.150122,0.0172607,5.32054e-06
0.286,0.167383,0.150122,0.0172607,7.44493e-06
0.288,0.167383,0.150122,0.0172606,9.68238e-06
0.29,0.167383,0.150122,0.0172606,1.4451e-05
0.292,0.167383,0.150122,0.0172606,1.69622e-05
0.294,0.167383,0.150122,0.0172605,1.95459e-05
0.296,0.167383,0.150122,0.0172605,2.21944e-05
0.298,0.167383,0.150122,0.0172604,2.49004e-05
0.3,0.167383,0.150122,0.0172604,2.76572e-05
0.302,0.167383,0.150122,0.0172602,3.33002e-05
0.304,0.167383,0.150122,0.0172602,3.33002e-05
0.306,0.167383,0.150122,0.0172602,3.61757e-05
0.308,0.167383,0.150123,0.01726,4.2012e-05
0.31,0.167383,0.150123,0.0172599,4.49646e-05
0.312,0.167383,0.150123,0.0172599,4.49646e-05
0.314,0.167383,0.150123,0.0172597,5.0921e-05
0.316,0.167383,0.150123,0.0172597,5.0921e-05
0.318,0.167383,0.150123,0.0172592,6.30485e-05
0.32,0.167383,0.150123,0.0172591,6.62328e-05
0.322,0.167383,0.150124,0.0172588,7.21625e-05
0.324,0.167383,0.150124,0.0172587,7.50606e-05
0.326,0.167383,0.150124,0.0172585,7.80594e-05
0.328,0.167383,0.150124,0.0172584,8.10554e-05
0.33,0.167383,0.150124,0.0172582,8.40454e-05
0.332,0.167383,0.150124,0.017258,8.70279e-05
0.334,0.167383,0.150125,0.0172577,9.29645e-05
0.336,0.167383,0.150125,0.0172575,9.60179e-05
0.338,0.167383,0.150125,0.0172571,0.000101841
0.34,0.167383,0.150126,0.0172569,0.000104737
0.342,0.167383,0.150126,0.0172566,0.00010762
0.344,0.167383,0.150126,0.0172564,0.00011049
0.346,0.167383,0.150126,0.0172562,0.000113345
0.348,0.167383,0.150127,0.017256,0.000116184
0.35,0.167383,0.150127,0.0172557,0.000119006
0.352,0.167383,0.150127,0.0172555,0.00012181
0.354,0.167383,0.150128,0.017255,0.000127362
0.356,0.167383,0.150128,0.0172547,0.000130108
0.358,0.167383,0.150128,0.0172547,0.000130108
0.36,0.167383,0.150128,0.0172542,0.000135539
0.362,0.167383,0.150129,0.0172539,0.000138222
0.364,0.167383,0.150129,0.0172536,0.000140884
0.366,0.167383,0.150129,0.0172533,0.000143523
0.368,0.167383,0.150129,0.017253,0.000146139
0.37,0.167383,0.15013,0.0172527,0.000148732
0.372,0.167383,0.15013,0.0172524,0.000151301
0.374,0.167383,0.15013,0.0172524,0.000151301
0.376,0.167383,0.150131,0.0172512,0.000161453
0.378,0.167383,0.150132,0.0172505,0.000166462
0.38,0.167383,0.150132,0.0172505,0.000166462
0.382,0.167383,0.150132,0.0172502,0.000168797
0.384,0.167383,0.150133,0.0172495,0.000173423
0.386,0.167383,0.150133,0.0172491,0.00017571
0.388,0.167383,0.150134,0.0172484,0.00018022
0.39,0.167383,0.150134,0.0172484,0.00018022
0.392,0.167383,0.150135,0.0172477,0.000184638
0.394,0.167383,0.150135,0.0172473,0.000186809
0.396,0.167383,0.150136,0.0172469,0.000188955
0.398,0.167383,0.150136,0.0172469,0.000188955
0.4,0.167383,0.150136,0.0172462,0.000193166
0.402,0.167383,0.150137,0.0172458,0.00019523
0.404,0.167383,0.150137,0.0172454,0.000197266
0.406,0.167383,0.150138,0.0172446,0.000201254
0.408,0.167383,0.150138,0.0172446,0.000201254
0.41,0.167383,0.150138,0.0172442,0.000203204
0.412,0.167383,0.150139,0.0172438,0.000205125
0.414,0.167383,0.15014,0.0172429,0.000208878
0.416,0.167383,0.15014,0.0172425,0.00021071
0.418,0.167383,0.15014,0.0172425,0.00021071
0.42,0.167383,0.150142,0.0172403,0.000219545
0.422,0.167383,0.150143,0.0172399,0.000221167
0.424,0.167383,0.150143,0.0172395,0.000222761
0.426,0.167383,0.150143,0.017239,0.000224329
0.428,0.167383,0.150144,0.0172386,0.000225869
0.43,0.167383,0.150144,0.0172381,0.000227381
0.432,0.167383,0.150145,0.0172376,0.000228864
0.434,0.167383,0.150145,0.0172372,0.000230316
0.436,0.167383,0.150146,0.0172367,0.000231739
0.438,0.167383,0.150147,0.0172358,0.000234491
0.44,0.167383,0.150147,0.0172353,0.00023582
0.442,0.167383,0.150148,0.0172348,0.000237118
0.444,0.167383,0.150148,0.0172344,0.000238383
0.446,0.167383,0.150149,0.0172339,0.000239617
0.448,0.167383,0.150149,0.0172334,0.000240818
0.45,0.167383,0.15015,0.0172329,0.000241986
0.452,0.167383,0.150151,0.0172319,0.000244226
0.454,0.167383,0.150151,0.0172315,0.000245296
0.456,0.167383,0.150152,0.017231,0.000246334
0.458,0.167383,0.150152,0.0172305,0.000247338
0.46,0.167383,0.150153,0.01723,0.00024831
0.462,0.167383,0.150153,0.0172295,0.000249248
0.464,0.167383,0.150154,0.017229,0.000250153
0.466,0.167383,0.150155,0.017228,0.000251864
0.468,0.167383,0.150155,0.017228,0.000251864
0.47,0.167383,0.150156,0.0172269,0.000253441
0.472,0.167383,0.150156,0.0172264,0.000254179
0.474,0.167383,0.150156,0.0172264,0.000254179
0.476,0.167383,0.150156,0.0172264,0.000254179
0.478,0.167383,0.150158,0.0172244,0.00025693
0.48,0.167383,0.150159,0.0172234,0.000258199
0.482,0.167383,0.150159,0.0172234,0.000258199
0.484,0.167383,0.15016,0.0172223,0.000259054
0.486,0.167383,0.150161,0.0172218,0.000259449
0.488,0.167383,0.150161,0.0172213,0.000259818
0.49,0.167383,0.150162,0.0172208,0.000260161
0.492,0.167383,0.150162,0.0172203,0.000260476
0.494,0.167383,0.150163,0.0172192,0.000261018
0.496,0.167383,0.150164,0.0172187,0.000261243
0.498,0.167383,0.150164,0.0172187,0.000261243
0.5,0.167383,0.150165,0.0172176,0.000261599
0.502,0.167383,0.150165,0.0172176,0.000261599
0.504,0.167383,0.150166,0.0172166,0.000261826
0.506,0.167383,0.150166,0.0172161,0.000261892
0.508,0.167383,0.150167,0.0172155,0.000261924
0.51,0.167383,0.150167,0.017215,0.000261924
0.512,0.167383,0.150168,0.0172145,0.000261891
0.514,0.167383,0.150169,0.017214,0.000261826
0.516,0.167383,0.150169,0.0172134,0.000261727
0.518,0.167383,0.15017,0.0172129,0.000261596
0.52,0.167383,0.15017,0.0172124,0.000261432
0.522,0.167383,0.15017,0.0172124,0.000261432
0.524,0.167383,0.150173,0.0172098,0.000260478
0.526,0.167383,0.150173,0.0172093,0.000260426
0.528,0.167383,0.150174,0.0172088,0.000259892
0.53,0.167383,0.150174,0.0172082,0.00025935
0.532,0.167383,0.150175,0.0172077,0.000258801
0.534,0.167383,0.150176,0.0172067,0.000257661
0.536,0.167383,0.150176,0.0172067,0.000257661
0.538,0.167383,0.150177,0.0172051,0.000255803
0.54,0.167383,0.150177,0.0172051,0.000255803
0.542,0.167383,0.150178,0.0172046,0.000255258
0.544,0.167383,0.150179,0.0172036,0.000253796
0.546,0.167383,0.150179,0.0172031,0.00025303
0.548,0.167383,0.15018,0.0172026,0.000252239
0.55,0.167383,0.15018,0.0172021,0.000251423
0.552,0.167383,0.150181,0.0172011,0.000249709
0.554,0.167383,0.150181,0.0172011,0.000249709
0.556,0.167383,0.150182,0.0172006,0.000248811
0.558,0.167383,0.150183,0.0171996,0.000246931
0.56,0.167383,0.150183,0.0171991,0.000245948
0.562,0.167383,0.150184,0.0171981,0.000243897
0.564,0.167383,0.150184,0.0171981,0.000243897
0.566,0.167383,0.150185,0.0171977,0.000242828
0.568,0.167383,0.150185,0.0171972,0.000241731
0.57,0.167383,0.150186,0.0171967,0.000240606
0.572,0.167383,0.150186,0.0171962,0.000239452
0.574,0.167383,0.150187,0.0171957,0.00023827
0.576,0.167383,0.150187,0.0171957,0.00023827
0.578,0.167383,0.150189,0.0171939,0.000233376
0.58,0.167383,0.15019,0.0171929,0.000230838
0.582,0.167383,0.15019,0.0171925,0.000229409
0.584,0.167383,0.15019,0.017192,0.000227965
0.586,0.167383,0.150191,0.0171916,0.000226504
0.588,0.167383,0.150191,0.0171911,0.000225024
0.59,0.167383,0.150192,0.0171902,0.000222004
0.592,0.167383,0.150192,0.0171902,0.000222004
0.594,0.167383,0.150193,0.0171894,0.000218897
0.596,0.167383,0.150194,0.0171889,0.00021731
0.598,0.167383,0.150194,0.0171889,0.00021731
0.6,0.167383,0.150194,0.0171885,0.000215701
0.602,0.167383,0.150195,0.0171876,0.000212412
0.604,0.167383,0.150195,0.0171872,0.000210734
0.606,0.167383,0.150196,0.0171864,0.000207308
0.608,0.167383,0.150196,0.0171864,0.000207308
0.61,0.167383,0.150197,0.0171856,0.000203791
0.612,0.167383,0.150197,0.0171856,0.000203791
0.614,0.167383,0.150197,0.0171852,0.000202
0.616,0.167383,0.150198,0.0171847,0.000200186
0.618,0.167383,0.150199,0.017184,0.000196493
0.62,0.167383,0.150199,0.0171836,0.000194615
0.622,0.167383,0.150199,0.0171836,0.000194615
0.624,0.167383,0.150199,0.0171836,0.000194615
0.626,0.167383,0.150201,0.0171817,0.000185159
0.628,0.167383,0.150201,0.0171817,0.000185159
0.63,0.167383,0.150202,0.017181,0.000181242
0.632,0.167383,0.150202,0.017181,0.000181242
0.634,0.167383,0.150202,0.0171802,0.000176991
0.636,0.167383,0.150203,0.0171799,0.000174862
0.638,0.167383,0.150204,0.0171789,0.00016845
0.64,0.167383,0.150204,0.0171785,0.000166442
0.642,0.167383,0.150205,0.0171779,0.000162001
0.644,0.167383,0.150205,0.0171779,0.000162001
0.646,0.167383,0.150205,0.0171776,0.000159771
0.648,0.167383,0.150206,0.0171769,0.000155287
0.65,0.167383,0.150206,0.0171766,0.00015303
0.652,0.167383,0.150206,0.0171763,0.000150763
0.654,0.167383,0.150206,0.017176,0.000148484
0.656,0.167383,0.150207,0.0171757,0.000146193
0.658,0.167383,0.150207,0.0171755,0.00014389
0.66,0.167383,0.150207,0.0171752,0.000141576
0.662,0.167383,0.150208,0.0171749,0.000139249
0.664,0.167383,0.150208,0.0171743,0.000134559
0.666,0.167383,0.150208,0.0171743,0.000134559
0.668,0.167383,0.150208,0.0171741,0.000132197
0.67,0.167383,0.150209,0.0171736,0.000127438
0.672,0.167383,0.150209,0.0171733,0.000125042
0.674,0.167383,0.150209,0.0171733,0.000125042
0.676,0.167383,0.150209,0.0171733,0.000125042
0.678,0.167383,0.150209,0.0171731,0.000122635
0.68,0.167383,0.15021,0.0171724,0.000115415
0.682,0.167383,0.150211,0.0171719,0.000110577
0.684,0.167383,0.150211,0.0171717,0.000108079
0.686,0.167383,0.150211,0.0171717,0.000108079
0.688,0.167383,0.150211,0.0171713,0.000103079
0.69,0.167383,0.150211,0.0171711,0.000100576
0.692,0.167383,0.150212,0.0171709,9.807e-05
0.694,0.167383,0.150212,0.0171707,9.55599e-05
0.696,0.167383,0.150212,0.0171703,9.05272e-05
0.698,0.167383,0.150212,0.0171703,9.05272e-05
0.7,0.167383,0.150212,0.0171702,8.80044e-05
0.702,0.167383,0.150213,0.0171698,8.2946e-05
0.704,0.167383,0.150213,0.0171698,8.2946e-05
0.706,0.167383,0.150213,0.0171695,7.78717e-05
0.708,0.167383,0.150213,0.0171694,7.53291e-05
0.71,0.167383,0.150213,0.0171694,7.53291e-05
0.712,0.167383,0.150213,0.0171692,7.27832e-05
0.714,0.167383,0.150214,0.0171689,6.76827e-05
0.716,0.167383,0.150214,0.0171688,6.51288e-05
0.718,0.167383,0.150214,0.0171687,6.25729e-05
0.72,0.167383,0.150214,0.0171684,5.74563e-05
0.722,0.167383,0.150214,0.0171684,5.74563e-05
0.724,0.167383,0.150214,0.0171683,5.48964e-05
0.726,0.167383,0.150215,0.0171679,4.47518e-05
0.728,0.167383,0.150215,0.0171679,4.22688e-05
0.73,0.167383,0.150215,0.0171678,3.96535e-05
0.732,0.167383,0.150215,0.0171676,3.44635e-05
0.734,0.167383,0.150215,0.0171676,3.44635e-05
0.736,0.167383,0.150215,0.0171676,3.44635e-05
0.738,0.167383,0.150215,0.0171674,2.4207e-05
0.74,0.167383,0.150215,0.0171674,2.16619e-05
0.742,0.167383,0.150215,0.0171673,1.91233e-05
0.744,0.167383,0.150215,0.0171673,1.6545e-05
0.746,0.167383,0.150215,0.0171673,1.15215e-05
0.748,0.167383,0.150215,0.0171673,1.15215e-05
0.75,0.167383,0.150215,0.0171672,6.51418e-06
0.752,0.167383,0.150215,0.0171672,6.51418e-06
0.754,0.167383,0.150215,0.0171672,1.52731e-06
0.756,0.167383,0.150215,0.0171672,-9.57102e-07
0.758,0.167383,0.150215,0.0171672,-3.43484e-06
0.76,0.167383,0.150215,0.0171672,-5.90543e-06
0.762,0.167383,0.150215,0.0171672,-8.36843e-06
0.764,0.167383,0.150215,0.0171673,-1.08234e-05
0.766,0.167383,0.150215,0.0171673,-1.327e-05
0.768,0.167383,0.150215,0.0171673,-1.57077e-05
0.77,0.167383,0.150215,0.0171674,-1.81362e-05
0.772,0.167383,0.150215,0.0171674,-2.2964e-05
0.774,0.167383,0.150215,0.0171675,-2.53626e-05
0.776,0.167383,0.150215,0.0171675,-2.53626e-05
0.778,0.167383,0.150215,0.0171675,-2.53626e-05
0.78,0.167383,0.150215,0.0171675,-2.53626e-05
0.782,0.167383,0.150215,0.0171677,-3.48462e-05
0.784,0.167383,0.150215,0.0171679,-3.95167e-05
0.786,0.167383,0.150215,0.017168,-4.1833e-05
0.788,0.167383,0.150215,0.017168,-4.1833e-05
0.79,0.167383,0.150214,0.0171682,-4.64258e-05
0.792,0.167383,0.150214,0.0171683,-4.87017e-05
0.794,0.167383,0.150214,0.0171685,-5.32108e-05
0.796,0.167383,0.150214,0.0171685,-5.32108e-05
0.798,0.167383,0.150214,0.0171686,-5.54434e-05
0.8,0.167383,0.150214,0.0171688,-5.9863e-05
0.802,0.167383,0.150214,0.0171689,-6.20494e-05
0.804,0.167383,0.150213,0.0171691,-6.42197e-05
0.806,0.167383,0.150213,0.0171692,-6.63738e-05
0.808,0.167383,0.150213,0.0171693,-6.85112e-05
0.81,0.167383,0.150213,0.0171695,-7.06317e-05
0.812,0.167383,0.150213,0.0171696,-7.27349e-05
0.814,0.167383,0.150213,0.0171698,-7.48207e-05
0.816,0.167383,0.150213,0.0171699,-7.68885e-05
0.818,0.167383,0.150212,0.0171701,-7.89383e-05
0.82,0.167383,0.150212,0.0171704,-8.29822e-05
0.822,0.167383,0.150212,0.0171706,-8.49759e-05
0.824,0.167383,0.150212,0.0171708,-8.69502e-05
0.826,0.167383,0.150212,0.0171708,-8.69502e-05
0.828,0.167383,0.150211,0.0171715,-9.46575e-05
0.83,0.167383,0.150211,0.0171717,-9.65516e-05
0.832,0.167383,0.15021,0.0171721,-0.00010025
0.834,0.167383,0.15021,0.0171723,-0.000102063
0.836,0.167383,0.15021,0.0171727,-0.000105619
0.838,0.167383,0.15021,0.0171727,-0.000105619
0.84,0.167383,0.150209,0.0171734,-0.000110792
0.842,0.167383,0.150209,0.0171734,-0.000110792
0.844,0.167383,0.150209,0.0171736,-0.000112494
0.846,0.167383,0.150208,0.0171741,-0.000115781
0.848,0.167383,0.150208,0.0171743,-0.000117386
0.85,0.167383,0.150208,0.0171745,-0.000118965
0.852,0.167383,0.150208,0.0171748,-0.00012052
0.854,0.167383,0.150208,0.017175,-0.000122049
0.856,0.167383,0.150207,0.0171753,-0.000123553
0.858,0.167383,0.150207,0.0171755,-0.000125033
0.86,0.167383,0.150207,0.0171757,-0.000126488
0.862,0.167383,0.150206,0.0171763,-0.000129321
0.864,0.167383,0.150206,0.0171765,-0.0001307
0.866,0.167383,0.150206,0.0171768,-0.000132054
0.868,0.167383,0.150205,0.0171771,-0.000133382
0.87,0.167383,0.150205,0.0171773,-0.000134684
0.872,0.167383,0.150205,0.0171776,-0.000135959
0.874,0.167383,0.150205,0.0171779,-0.000137209
0.876,0.167383,0.150204,0.0171781,-0.000138432
0.878,0.167383,0.150204,0.0171781,-0.000138432
0.88,0.167383,0.150204,0.0171781,-0.000138432
0.882,0.167383,0.150203,0.0171793,-0.000143055
0.884,0.167383,0.150203,0.0171796,-0.000144143
0.886,0.167383,0.150203,0.0171799,-0.000145203
0.888,0.167383,0.150202,0.0171802,-0.000146236
0.89,0.167383,0.150202,0.0171802,-0.000146236
0.892,0.167383,0.150201,0.017181,-0.000149165
0.894,0.167383,0.150201,0.017181,-0.000149165
0.896,0.167383,0.150201,0.0171814,-0.000150085
0.898,0.167383,0.150201,0.0171819,-0.000151839
0.9,0.167383,0.150201,0.0171819,-0.000151839
0.902,0.167383,0.1502,0.0171823,-0.000152672
0.904,0.167383,0.1502,0.0171829,-0.000154253
0.906,0.167383,0.150199,0.0171832,-0.000155
0.908,0.167383,0.150199,0.0171835,-0.000155717
0.91,0.167383,0.150199,0.0171838,-0.000156405
0.912,0.167383,0.150198,0.0171844,-0.000157692
0.914,0.167383,0.150198,0.0171844,-0.000157692
0.916,0.167383,0.150198,0.0171847,-0.000158291
0.918,0.167383,0.150197,0.0171851,-0.00015886
0.92,0.167383,0.150197,0.0171857,-0.000159908
0.922,0.167383,0.150197,0.0171857,-0.000159908
0.924,0.167383,0.150196,0.0171864,-0.000160836
0.926,0.167383,0.150196,0.0171864,-0.000160836
0.928,0.167383,0.150196,0.0171864,-0.000160836
0.93,0.167383,0.150196,0.0171864,-0.000160836
0.932,0.167383,0.150194,0.0171883,-0.000163026
0.934,0.167383,0.150194,0.0171886,-0.000163261
0.936,0.167383,0.150194,0.0171886,-0.000163261
0.938,0.167383,0.150193,0.0171893,-0.000163632
0.94,0.167383,0.150193,0.0171893,-0.000163632
0.942,0.167383,0.150193,0.0171896,-0.000163769
0.944,0.167383,0.150192,0.0171906,-0.000163991
0.946,0.167383,0.150192,0.0171909,-0.000164003
0.948,0.167383,0.150191,0.0171912,-0.000163985
0.95,0.167383,0.150191,0.0171919,-0.000163856
0.952,0.167383,0.150191,0.0171919,-0.000163856
0.954,0.167383,0.15019,0.0171922,-0.000163746
0.956,0.167383,0.15019,0.0171926,-0.000163606
0.958,0.167383,0.150189,0.0171932,-0.000163234
0.96,0.167383,0.150189,0.0171932,-0.000163234
0.962,0.167383,0.150189,0.0171939,-0.00016274
0.964,0.167383,0.150188,0.0171945,-0.000162124
0.966,0.167383,0.150188,0.0171945,-0.000162124
0.968,0.167383,0.150188,0.0171948,-0.000161771
0.97,0.167383,0.150187,0.0171955,-0.000160972
0.972,0.167383,0.150187,0.0171958,-0.000160527
0.974,0.167383,0.150186,0.0171961,-0.000160052
0.976,0.167383,0.150186,0.0171964,-0.000159546
0.978,0.167383,0.150186,0.0171968,-0.00015901
0.98,0.167383,0.150186,0.0171968,-0.00015901
0.982,0.167383,0.150186,0.0171968,-0.00015901
0.984,0.167383,0.150185,0.0171971,-0.000158444
0.986,0.167383,0.150184,0.0171986,-0.000155191
0.988,0.167383,0.150184,0.017199,-0.000154446
0.99,0.167383,0.150184,0.017199,-0.000154446
0.992,0.167383,0.150183,0.0171996,-0.000152862
0.994,0.167383,0.150182,0.0172002,-0.000152024
0.996,0.167383,0.150182,0.0172005,-0.000150244
0.998,0.167383,0.150182,0.0172005,-0.000150244
1,0.167383,0.150182,0.0172008,-0.000149315
1.002,0.167383,0.150181,0.0172014,-0.000147373
1.004,0.167383,0.150181,0.0172016,-0.000146359
1.006,0.167383,0.150181,0.0172019,-0.000145316
1.008,0.167383,0.15018,0.0172022,-0.000144244
1.01,0.167383,0.15018,0.0172025,-0.000143144
1.012,0.167383,0.15018,0.0172028,-0.000142016
1.014,0.167383,0.150179,0.0172031,-0.000140859
1.016,0.167383,0.150179,0.0172034,-0.000139674
1.018,0.167383,0.150179,0.0172039,-0.00013722
1.02,0.167383,0.150178,0.0172042,-0.000135951
1.022,0.167383,0.150178,0.0172044,-0.000134655
1.024,0.167383,0.150178,0.0172047,-0.000133331
1.026,0.167383,0.150178,0.017205,-0.000131979
1.028,0.167383,0.150177,0.0172052,-0.0001306
1.03,0.167383,0.150177,0.0172055,-0.000129194
1.032,0.167383,0.150176,0.017206,-0.000126302
1.034,0.167383,0.150176,0.017207,-0.000120199
1.036,0.167383,0.150176,0.017207,-0.000120199
1.038,0.167383,0.150175,0.0172075,-0.000117017
1.04,0.167383,0.150175,0.0172077,-0.000115389
1.042,0.167383,0.150175,0.0172079,-0.000113731
1.044,0.167383,0.150175,0.0172079,-0.000113731
1.046,0.167383,0.150175,0.0172079,-0.000113731
1.048,0.167383,0.150174,0.0172086,-0.00010859
1.05,0.167383,0.150174,0.017209,-0.00010503
1.052,0.167383,0.150173,0.0172092,-0.000103217
1.054,0.167383,0.150173,0.0172094,-0.000101379
1.056,0.167383,0.150173,0.0172096,-9.9517e-05
1.058,0.167383,0.150173,0.01721,-9.5721e-05
1.06,0.167383,0.150173,0.01721,-9.5721e-05
1.062,0.167383,0.150172,0.0172102,-9.37883e-05
1.064,0.167383,0.150172,0.0172106,-8.98551e-05
1.066,0.167383,0.150172,0.0172106,-8.98551e-05
1.068,0.167383,0.150172,0.0172107,-8.78554e-05
1.07,0.167383,0.150171,0.0172111,-8.37913e-05
1.072,0.167383,0.150171,0.0172112,-8.17275e-05
1.074,0.167383,0.150171,0.0172114,-7.96428e-05
1.076,0.167383,0.150171,0.0172115,-7.75375e-05
1.078,0.167383,0.150171,0.0172117,-7.54119e-05
1.08,0.167383,0.150171,0.0172118,-7.32663e-05
1.082,0.167383,0.150171,0.017212,-7.11009e-05
1.084,0.167383,0.15017,0.0172121,-6.89161e-05
1.086,0.167383,0.15017,0.0172121,-6.89161e-05
1.088,0.167383,0.15017,0.0172123,-6.67119e-05
1.09,0.167383,0.15017,0.0172127,-5.76404e-05
1.092,0.167383,0.15017,0.0172129,-5.5288e-05
1.094,0.167383,0.15017,0.017213,-5.30143e-05
1.096,0.167383,0.150169,0.0172132,-4.83906e-05
1.098,0.167383,0.150169,0.0172133,-4.60434e-05
1.1,0.167383,0.150169,0.0172133,-4.36751e-05
1.102,0.167383,0.150169,0.0172134,-4.12869e-05
1.104,0.167383,0.150169,0.0172135,-3.88801e-05
1.106,0.167383,0.150169,0.0172136,-3.64555e-05
1.108,0.167383,0.150169,0.0172136,-3.40141e-05
1.11,0.167383,0.150169,0.0172138,-2.90835e-05
1.112,0.167383,0.150169,0.0172138,-2.90835e-05
1.114,0.167383,0.150169,0.0172139,-2.4093e-05
1.116,0.167383,0.150169,0.0172139,-2.15765e-05
1.118,0.167383,0.150169,0.0172139,-1.90465e-05
1.12,0.167383,0.150169,0.017214,-1.65034e-05
1.122,0.167383,0.150169,0.017214,-1.39474e-05
1.124,0.167383,0.150168,0.017214,-1.13791e-05
1.126,0.167383,0.150168,0.017214,-8.79874e-06
1.128,0.167383,0.150168,0.0172141,-6.20669e-06
1.13,0.167383,0.150168,0.0172141,-3.6033e-06
1.132,0.167383,0.150168,0.0172141,1.63613e-06
1.134,0.167383,0.150168,0.0172141,1.63613e-06
1.136,0.167383,0.150168,0.0172141,1.63613e-06
1.138,0.167383,0.150169,0.017214,1.23736e-05
1.14,0.167383,0.150169,0.017214,1.50143e-05
1.142,0.167383,0.150169,0.0172139,2.03387e-05
1.144,0.167383,0.150169,0.0172139,2.30207e-05
1.146,0.167383,0.150169,0.0172138,2.57139e-05
1.148,0.167383,0.150169,0.0172138,2.57139e-05
1.15,0.167383,0.150169,0.0172137,2.84174e-05
1.152,0.167383,0.150169,0.0172134,3.94785e-05
1.154,0.167383,0.150169,0.0172134,4.2184e-05
1.156,0.167383,0.150169,0.0172132,4.76311e-05
1.158,0.167383,0.150169,0.0172132,4.76311e-05
1.16,0.167383,0.150169,0.0172131,5.03707e-05
1.162,0.167383,0.15017,0.0172129,5.58744e-05
1.164,0.167383,0.15017,0.0172127,5.87014e-05
1.166,0.167383,0.15017,0.0172126,6.14542e-05
1.168,0.167383,0.15017,0.0172125,6.42137e-05
1.17,0.167383,0.15017,0.0172124,6.69793e-05
1.172,0.167383,0.15017,0.0172122,6.975e-05
1.174,0.167383,0.15017,0.0172121,7.25248e-05
1.176,0.167383,0.150171,0.0172118,7.80831e-05
1.178,0.167383,0.150171,0.0172118,7.80831e-05
1.18,0.167383,0.150171,0.0172114,8.36485e-05
1.182,0.167383,0.150171,0.0172114,8.36485e-05
1.184,0.167383,0.150171,0.0172111,8.92162e-05
1.186,0.167383,0.150172,0.0172109,9.19997e-05
1.188,0.167383,0.150172,0.0172107,9.47823e-05
1.19,0.167383,0.150173,0.0172099,0.000106119
1.192,0.167383,0.150173,0.0172095,0.000111766
1.194,0.167383,0.150173,0.0172095,0.000111766
1.196,0.167383,0.150174,0.017209,0.000117161
1.198,0.167383,0.150174,0.0172088,0.000119872
1.2,0.167383,0.150174,0.0172085,0.000122587
1.202,0.167383,0.150174,0.0172083,0.000125306
1.204,0.167383,0.150174,0.017208,0.000128024
1.206,0.167383,0.150175,0.0172075,0.000133458
1.208,0.167383,0.150175,0.0172075,0.000133458
1.21,0.167383,0.150175,0.0172072,0.00013617
1.212,0.167383,0.150176,0.0172066,0.00014158
1.214,0.167383,0.150176,0.0172064,0.000144277
1.216,0.167383,0.150176,0.0172061,0.000146966
1.218,0.167383,0.150176,0.0172061,0.000146966
1.22,0.167383,0.150177,0.0172055,0.000152323
1.222,0.167383,0.150177,0.0172051,0.000154989
1.224,0.167383,0.150178,0.0172045,0.000160295
1.226,0.167383,0.150178,0.0172045,0.000160295
1.228,0.167383,0.150178,0.0172042,0.000162933
1.23,0.167383,0.150179,0.0172035,0.000168179
1.232,0.167383,0.150179,0.0172035,0.000168179
1.234,0.167383,0.150181,0.0172018,0.000181179
1.236,0.167383,0.150181,0.0172018,0.000181179
1.238,0.167383,0.150181,0.017201,0.00018623
1.24,0.167383,0.150182,0.0172006,0.00018874
1.242,0.167383,0.150182,0.0172003,0.000191238
1.244,0.167383,0.150182,0.0172003,0.000191238
1.246,0.167383,0.150183,0.0171999,0.000193725
1.248,0.167383,0.150184,0.0171987,0.000201213
1.25,0.167383,0.150184,0.0171983,0.000203623
1.252,0.167383,0.150185,0.0171974,0.000208409
1.254,0.167383,0.150185,0.017197,0.000210782
1.256,0.167383,0.150186,0.0171966,0.000213142
1.258,0.167383,0.150186,0.0171962,0.000215488
1.26,0.167383,0.150187,0.0171957,0.000217818
1.262,0.167383,0.150188,0.0171949,0.000222429
1.264,0.167383,0.150188,0.0171944,0.000224709
1.266,0.167383,0.150188,0.0171944,0.000224709
1.268,0.167383,0.150189,0.0171935,0.000229216
1.27,0.167383,0.150189,0.017193,0.000231443
1.272,0.167383,0.15019,0.0171926,0.00023365
1.274,0.167383,0.15019,0.0171921,0.000235838
1.276,0.167383,0.150191,0.0171916,0.000238007
1.278,0.167383,0.150191,0.0171911,0.000240156
1.28,0.167383,0.150192,0.0171902,0.000244393
1.282,0.167383,0.150192,0.0171902,0.000244393
1.284,0.167383,0.150194,0.0171882,0.000252739
1.286,0.167383,0.150195,0.0171871,0.000256874
1.288,0.167383,0.150195,0.0171871,0.000256874
1.29,0.167383,0.150196,0.0171861,0.000260666
1.292,0.167383,0.150197,0.0171856,0.000262542
1.294,0.167383,0.150197,0.017185,0.000264402
1.296,0.167383,0.150198,0.0171845,0.000266245
1.298,0.167383,0.150199,0.017184,0.000268068
1.3,0.167383,0.150199,0.0171834,0.000269871
1.302,0.167383,0.1502,0.0171823,0.000273414
1.304,0.167383,0.150201,0.0171818,0.000275151
1.306,0.167383,0.150201,0.0171812,0.000276866
1.308,0.167383,0.150202,0.0171807,0.000278556
1.31,0.167383,0.150202,0.0171801,0.000280223
1.312,0.167383,0.150203,0.0171795,0.000281865
1.314,0.167383,0.150204,0.0171784,0.000285073
1.316,0.167383,0.150204,0.0171784,0.000285073
1.318,0.167383,0.150205,0.0171779,0.000286639
1.32,0.167383,0.150206,0.0171767,0.000289692
1.322,0.167383,0.150206,0.0171761,0.000291179
1.324,0.167383,0.150207,0.0171755,0.00029264
1.326,0.167383,0.150207,0.0171755,0.00029264
1.328,0.167383,0.150207,0.0171755,0.00029264
1.33,0.167383,0.150209,0.0171732,0.000298342
1.332,0.167383,0.150211,0.0171719,0.000300916
1.334,0.167383,0.150211,0.0171714,0.000302167
1.336,0.167383,0.150211,0.0171714,0.000302167
1.338,0.167383,0.150212,0.0171701,0.000304593
1.34,0.167383,0.150212,0.0171701,0.000304593
1.342,0.167383,0.150215,0.0171677,0.000309257
1.344,0.167383,0.150215,0.017167,0.00031056
1.346,0.167383,0.150216,0.0171664,0.000311524
1.348,0.167383,0.150217,0.0171658,0.000312469
1.35,0.167383,0.150217,0.0171652,0.000313398
1.352,0.167383,0.150218,0.0171645,0.000314306
1.354,0.167383,0.150219,0.0171633,0.000316056
1.356,0.167383,0.150219,0.0171633,0.000316056
1.358,0.167383,0.15022,0.017162,0.000317706
1.36,0.167383,0.150221,0.0171614,0.000318491
1.362,0.167383,0.150222,0.0171607,0.000319249
1.364,0.167383,0.150223,0.0171595,0.000320679
1.366,0.167383,0.150223,0.0171595,0.000320679
1.368,0.167383,0.150224,0.0171582,0.000321991
1.37,0.167383,0.150225,0.0171575,0.000322603
1.372,0.167383,0.150225,0.0171575,0.000322603
1.374,0.167383,0.150226,0.0171562,0.000323735
1.376,0.167383,0.150227,0.0171556,0.000324256
1.378,0.167383,0.150228,0.0171549,0.000324745
1.38,0.167383,0.150228,0.0171543,0.000325204
1.382,0.167383,0.150228,0.0171543,0.000325204
1.384,0.167383,0.150231,0.0171517,0.0003271
1.386,0.167383,0.150232,0.0171504,0.000327865
1.388,0.167383,0.150233,0.0171497,0.000327992
1.39,0.167383,0.150233,0.017149,0.000328109
1.392,0.167383,0.150234,0.0171484,0.000328213
1.394,0.167383,0.150235,0.0171471,0.000328366
1.396,0.167383,0.150236,0.0171464,0.00032841
1.398,0.167383,0.150237,0.0171458,0.00032843
1.4,0.167383,0.150237,0.0171451,0.000328425
1.402,0.167383,0.150238,0.0171445,0.000328392
1.404,0.167383,0.150239,0.0171438,0.000328332
1.406,0.167383,0.150239,0.0171431,0.000328243
1.408,0.167383,0.15024,0.0171425,0.000328125
1.41,0.167383,0.150241,0.0171418,0.000327978
1.412,0.167383,0.150242,0.0171405,0.000327593
1.414,0.167383,0.150242,0.0171405,0.000327593
1.416,0.167383,0.150243,0.0171392,0.000327085
1.418,0.167383,0.150244,0.0171386,0.000326785
1.42,0.167383,0.150245,0.0171379,0.000326455
1.422,0.167383,0.150245,0.0171372,0.000326093
1.424,0.167383,0.150246,0.0171366,0.0003257
1.426,0.167383,0.150247,0.0171359,0.000325277
1.428,0.167383,0.150247,0.0171359,0.000325277
1.43,0.167383,0.150249,0.0171334,0.000323395
1.432,0.167383,0.15025,0.0171327,0.000322793
1.434,0.167383,0.150251,0.0171314,0.000321506
1.436,0.167383,0.150252,0.0171308,0.000320822
1.438,0.167383,0.150252,0.0171308,0.000320822
1.44,0.167383,0.150252,0.0171308,0.000320822
1.442,0.167383,0.150253,0.0171295,0.000319369
1.444,0.167383,0.150254,0.0171282,0.000317801
1.446,0.167383,0.150256,0.017127,0.000316213
1.448,0.167383,0.150256,0.0171263,0.000315307
1.45,0.167383,0.150257,0.0171257,0.000314375
1.452,0.167383,0.150257,0.0171251,0.000313417
1.454,0.167383,0.150258,0.0171244,0.000312432
1.456,0.167383,0.150259,0.0171238,0.000311419
1.458,0.167383,0.150259,0.0171232,0.00031038
1.46,0.167383,0.150261,0.017122,0.000308216
1.462,0.167383,0.150261,0.0171214,0.000307092
1.464,0.167383,0.150262,0.0171207,0.00030594
1.466,0.167383,0.150262,0.0171201,0.00030476
1.468,0.167383,0.150263,0.0171195,0.000303552
1.47,0.167383,0.150264,0.0171189,0.000302316
1.472,0.167383,0.150265,0.0171177,0.000299759
1.474,0.167383,0.150265,0.0171177,0.000299759
1.476,0.167383,0.150265,0.0171171,0.000298439
1.478,0.167383,0.150267,0.0171159,0.000295716
1.48,0.167383,0.150269,0.0171136,0.000290242
1.482,0.167383,0.150269,0.0171136,0.000290242
1.484,0.167383,0.15027,0.0171124,0.000287344
1.486,0.167383,0.15027,0.0171124,0.000287344
1.488,0.167383,0.150271,0.0171113,0.000284024
1.49,0.167383,0.150272,0.0171108,0.00028235
1.492,0.167383,0.150272,0.0171102,0.000280662
1.494,0.167383,0.150273,0.0171096,0.000278958
1.496,0.167383,0.150274,0.0171085,0.000275496
1.498,0.167383,0.150275,0.017108,0.000273735
1.5,0.167383,0.150275,0.017108,0.000273735
1.502,0.167383,0.150276,0.0171069,0.000270151
1.504,0.167383,0.150276,0.0171064,0.000268327
1.506,0.167383,0.150277,0.0171058,0.000266481
1.508,0.167383,0.150277,0.0171053,0.000264613
1.51,0.167383,0.150278,0.0171048,0.000262723
1.512,0.167383,0.150278,0.0171042,0.00026081
1.514,0.167383,0.150279,0.0171037,0.000258876
1.516,0.167383,0.15028,0.0171027,0.000254941
1.518,0.167383,0.15028,0.0171022,0.00025294
1.52,0.167383,0.150281,0.0171017,0.000250918
1.522,0.167383,0.150281,0.0171012,0.000248875
1.524,0.167383,0.150282,0.0171007,0.00024681
1.526,0.167383,0.150282,0.0171007,0.00024681
1.528,0.167383,0.150282,0.0171007,0.00024681
1.53,0.167383,0.150284,0.0170988,0.000238344
1.532,0.167383,0.150284,0.0170988,0.000238344
1.534,0.167383,0.150285,0.0170978,0.000233989
1.536,0.167383,0.150285,0.0170978,0.000233989
1.538,0.167383,0.150286,0.0170969,0.000229557
1.54,0.167383,0.150286,0.0170965,0.000227313
1.542,0.167383,0.150286,0.0170965,0.000227313
1.544,0.167383,0.150287,0.0170951,0.000220468
1.546,0.167383,0.150288,0.0170947,0.000218227
1.548,0.167383,0.150288,0.0170943,0.000215876
1.55,0.167383,0.150289,0.0170938,0.000213511
1.552,0.167383,0.150289,0.0170934,0.000211132
1.554,0.167383,0.15029,0.017093,0.000208738
1.556,0.167383,0.15029,0.0170926,0.00020633
1.558,0.167383,0.150291,0.0170918,0.00020147
1.56,0.167383,0.150291,0.0170914,0.000199018
1.562,0.167383,0.150292,0.017091,0.000196552
1.564,0.167383,0.150292,0.0170906,0.000194072
1.566,0.167383,0.150292,0.0170902,0.000191578
1.568,0.167383,0.150293,0.0170898,0.00018907
1.57,0.167383,0.150293,0.0170894,0.000186549
1.572,0.167383,0.150294,0.0170887,0.000181467
1.574,0.167383,0.150294,0.0170884,0.000178907
1.576,0.167383,0.150295,0.017088,0.000176335
1.578,0.167383,0.150295,0.0170877,0.000173751
1.58,0.167383,0.150295,0.0170873,0.000171155
1.582,0.167383,0.150296,0.017087,0.000168547
1.584,0.167383,0.150297,0.0170854,0.000155499
1.586,0.167383,0.150297,0.0170854,0.000155499
1.588,0.167383,0.150298,0.0170848,0.000150215
1.59,0.167383,0.150298,0.0170848,0.000150215
1.592,0.167383,0.150298,0.0170842,0.000144743
1.594,0.167383,0.150299,0.0170839,0.00014201
1.596,0.167383,0.150299,0.0170836,0.000139275
1.598,0.167383,0.150299,0.0170833,0.000136539
1.6,0.167383,0.150299,0.0170831,0.0001338
1.602,0.167383,0.1503,0.0170828,0.000131058
1.604,0.167383,0.1503,0.0170826,0.000128312
1.606,0.167383,0.1503,0.0170821,0.000122809
1.608,0.167383,0.150301,0.0170818,0.000120051
1.61,0.167383,0.150301,0.0170816,0.00011729
1.612,0.167383,0.150301,0.0170814,0.000114525
1.614,0.167383,0.150301,0.0170811,0.000111756
1.616,0.167383,0.150302,0.0170809,0.000108984
1.618,0.167383,0.150302,0.0170807,0.000106208
1.62,0.167383,0.150302,0.0170805,0.00010343
1.622,0.167383,0.150302,0.0170803,0.000100649
1.624,0.167383,0.150302,0.0170801,9.78664e-05
1.626,0.167383,0.150303,0.0170797,9.2295e-05
1.628,0.167383,0.150303,0.0170797,9.2295e-05
1.63,0.167383,0.150303,0.0170797,9.2295e-05
1.632,0.167383,0.150303,0.017079,8.12137e-05
1.634,0.167383,0.150304,0.0170787,7.56565e-05
1.636,0.167383,0.150304,0.0170786,7.28382e-05
1.638,0.167383,0.150304,0.0170784,7.00284e-05
1.64,0.167383,0.150304,0.0170783,6.72259e-05
1.642,0.167383,0.150304,0.0170783,6.72259e-05
1.644,0.167383,0.150304,0.0170783,6.72259e-05
1.646,0.167383,0.150305,0.0170779,5.88728e-05
1.648,0.167383,0.150305,0.0170777,5.33066e-05
1.65,0.167383,0.150305,0.0170776,5.05324e-05
1.652,0.167383,0.150305,0.0170776,5.05324e-05
1.654,0.167383,0.150305,0.0170775,4.77642e-05
1.656,0.167383,0.150305,0.0170774,4.22449e-05
1.658,0.167383,0.150305,0.0170773,3.94822e-05
1.66,0.167383,0.150305,0.0170772,3.67419e-05
1.662,0.167383,0.150305,0.0170771,3.12771e-05
1.664,0.167383,0.150305,0.017077,2.85534e-05
1.666,0.167383,0.150305,0.017077,2.85534e-05
1.668,0.167383,0.150306,0.0170769,2.31253e-05
1.67,0.167383,0.150306,0.0170769,2.04219e-05
1.672,0.167383,0.150306,0.0170768,1.77262e-05
1.674,0.167383,0.150306,0.0170768,1.50384e-05
1.676,0.167383,0.150306,0.0170768,1.2359e-05
1.678,0.167383,0.150306,0.0170768,9.68845e-06
1.68,0.167383,0.150306,0.0170767,7.027e-06
1.682,0.167383,0.150306,0.0170767,4.37505e-06
1.684,0.167383,0.150306,0.0170767,4.37505e-06
1.686,0.167383,0.150306,0.0170767,1.73296e-06
1.688,0.167383,0.150306,0.0170768,-8.73823e-06
1.69,0.167383,0.150306,0.0170768,-1.13396e-05
1.692,0.167383,0.150306,0.0170768,-1.39263e-05
1.694,0.167383,0.150306,0.0170769,-1.6497e-05
1.696,0.167383,0.150306,0.0170769,-1.90521e-05
1.698,0.167383,0.150306,0.0170769,-2.15919e-05
1.7,0.167383,0.150306,0.017077,-2.41169e-05
1.702,0.167383,0.150305,0.0170771,-2.91227e-05
1.704,0.167383,0.150305,0.0170772,-3.16036e-05
1.706,0.167383,0.150305,0.0170772,-3.16036e-05
1.708,0.167383,0.150305,0.0170772,-3.40697e-05
1.71,0.167383,0.150305,0.0170774,-3.89568e-05
1.712,0.167383,0.150305,0.0170775,-4.13774e-05
1.714,0.167383,0.150305,0.0170776,-4.37823e-05
1.716,0.167383,0.150305,0.0170776,-4.61713e-05
1.718,0.167383,0.150305,0.0170777,-4.85442e-05
1.72,0.167383,0.150305,0.0170778,-5.09005e-05
1.722,0.167383,0.150304,0.0170781,-5.55626e-05
1.724,0.167383,0.150304,0.0170782,-5.78677e-05
1.726,0.167383,0.150304,0.0170782,-5.78677e-05
1.728,0.167383,0.150304,0.0170784,-6.24246e-05
1.73,0.167383,0.150304,0.0170784,-6.24246e-05
1.732,0.167383,0.150304,0.0170784,-6.24246e-05
1.734,0.167383,0.150304,0.017079,-7.13377e-05
1.736,0.167383,0.150303,0.0170791,-7.35119e-05
1.738,0.167383,0.150303,0.0170794,-7.78003e-05
1.74,0.167383,0.150303,0.0170796,-7.99142e-05
1.742,0.167383,0.150303,0.0170797,-8.20075e-05
1.744,0.167383,0.150303,0.0170799,-8.408e-05
1.746,0.167383,0.150303,0.0170799,-8.408e-05
1.748,0.167383,0.150302,0.0170808,-9.41929e-05
1.75,0.167383,0.150302,0.0170808,-9.41929e-05
1.752,0.167383,0.150301,0.0170812,-9.80436e-05
1.754,0.167383,0.150301,0.0170814,-9.99353e-05
1.756,0.167383,0.150301,0.0170816,-0.000101804
1.758,0.167383,0.150301,0.0170818,-0.00010365
1.76,0.167383,0.1503,0.017082,-0.000105473
1.762,0.167383,0.1503,0.0170825,-0.000109049
1.764,0.167383,0.1503,0.0170825,-0.000109049
1.766,0.167383,0.1503,0.0170827,-0.000110801
1.768,0.167383,0.1503,0.0170829,-0.000112529
1.77,0.167383,0.150299,0.0170831,-0.000114232
1.772,0.167383,0.150299,0.0170834,-0.000115911
1.774,0.167383,0.150299,0.0170836,-0.000117565
1.776,0.167383,0.150298,0.0170841,-0.000120798
1.778,0.167383,0.150298,0.0170843,-0.000122377
1.78,0.167383,0.150298,0.0170843,-0.000122377
1.782,0.167383,0.150298,0.0170846,-0.000123929
1.784,0.167383,0.150298,0.0170848,-0.000125456
1.786,0.167383,0.150297,0.0170851,-0.000126956
1.788,0.167383,0.150296,0.0170861,-0.000132798
1.79,0.167383,0.150296,0.0170867,-0.000135482
1.792,0.167383,0.150296,0.0170869,-0.000136785
1.794,0.167383,0.150295,0.0170872,-0.000138061
1.796,0.167383,0.150295,0.0170875,-0.00013931
1.798,0.167383,0.150295,0.0170878,-0.000140532
1.8,0.167383,0.150294,0.0170881,-0.000141726
1.802,0.167383,0.150294,0.0170883,-0.000142893
1.804,0.167383,0.150294,0.0170886,-0.000144032
1.806,0.167383,0.150293,0.0170892,-0.000146226
1.808,0.167383,0.150293,0.0170898,-0.000148307
1.81,0.167383,0.150293,0.0170898,-0.000148307
1.812,0.167383,0.150292,0.0170901,-0.000149304
1.814,0.167383,0.150292,0.0170904,-0.000150272
1.816,0.167383,0.150292,0.0170907,-0.000151211
1.818,0.167383,0.150292,0.017091,-0.000152121
1.82,0.167383,0.150291,0.0170913,-0.000153002
1.822,0.167383,0.150291,0.0170919,-0.000154674
1.824,0.167383,0.15029,0.0170922,-0.000155466
1.826,0.167383,0.15029,0.0170926,-0.000156228
1.828,0.167383,0.150289,0.0170932,-0.000157662
1.83,0.167383,0.150289,0.0170932,-0.000157662
1.832,0.167383,0.150289,0.0170932,-0.000157662
1.834,0.167383,0.150288,0.0170945,-0.000160285
1.836,0.167383,0.150287,0.0170951,-0.000161437
1.838,0.167383,0.150287,0.0170954,-0.000161903
1.84,0.167383,0.150287,0.0170957,-0.00016234
1.842,0.167383,0.150286,0.0170961,-0.00016275
1.844,0.167383,0.150286,0.0170964,-0.000163131
1.846,0.167383,0.150286,0.0170967,-0.000163483
1.848,0.167383,0.150285,0.0170977,-0.000164403
1.85,0.167383,0.150284,0.017098,-0.000164713
1.852,0.167383,0.150284,0.0170984,-0.000164904
1.854,0.167383,0.150283,0.017099,-0.0001652
1.856,0.167383,0.150283,0.0170994,-0.000165304
1.858,0.167383,0.150283,0.0170994,-0.000165304
1.86,0.167383,0.150283,0.0170997,-0.000165379
1.862,0.167383,0.150282,0.0171004,-0.000165441
1.864,0.167383,0.150282,0.0171007,-0.000165427
1.866,0.167383,0.150281,0.017101,-0.000165384
1.868,0.167383,0.150281,0.0171013,-0.00016531
1.87,0.167383,0.150281,0.0171017,-0.000165207
1.872,0.167383,0.150281,0.017102,-0.000165073
1.874,0.167383,0.15028,0.0171023,-0.000164909
1.876,0.167383,0.15028,0.017103,-0.00016449
1.878,0.167383,0.150279,0.0171033,-0.000164234
1.88,0.167383,0.150279,0.0171037,-0.000163949
1.882,0.167383,0.150279,0.017104,-0.000163633
1.884,0.167383,0.150278,0.0171043,-0.000163287
1.886,0.167383,0.150278,0.0171043,-0.000163287
1.888,0.167383,0.150278,0.0171043,-0.000163287
1.89,0.167383,0.150277,0.0171056,-0.000161633
1.892,0.167383,0.150277,0.0171059,-0.0001612
1.894,0.167383,0.150276,0.0171066,-0.000160093
1.896,0.167383,0.150276,0.0171069,-0.000159496
1.898,0.167383,0.150275,0.0171072,-0.00015887
1.9,0.167383,0.150275,0.0171078,-0.000157531
1.902,0.167383,0.150275,0.0171078,-0.000157531
1.904,0.167383,0.150274,0.0171082,-0.000156818
1.906,0.167383,0.150274,0.0171088,-0.000155306
1.908,0.167383,0.150274,0.0171088,-0.000155306
1.91,0.167383,0.150273,0.0171091,-0.000154507
1.912,0.167383,0.150273,0.0171097,-0.000152821
1.914,0.167383,0.150273,0.01711,-0.000151935
1.916,0.167383,0.150272,0.0171106,-0.000150078
1.918,0.167383,0.150272,0.0171106,-0.000150078
1.92,0.167383,0.150272,0.0171109,-0.000149107
1.922,0.167383,0.150271,0.0171115,-0.00014708
1.924,0.167383,0.150271,0.0171118,-0.000146024
1.926,0.167383,0.150271,0.0171118,-0.000146024
1.928,0.167383,0.15027,0.0171121,-0.00014494
1.93,0.167383,0.15027,0.0171126,-0.000142689
1.932,0.167383,0.15027,0.0171126,-0.000142689
1.934,0.167383,0.150269,0.0171138,-0.000137879
1.936,0.167383,0.150268,0.017114,-0.000136645
1.938,0.167383,0.150268,0.0171146,-0.000134002
1.94,0.167383,0.150268,0.0171148,-0.000132642
1.942,0.167383,0.150267,0.0171151,-0.000131255
1.944,0.167383,0.150267,0.0171156,-0.000128405
1.946,0.167383,0.150267,0.0171156,-0.000128405
1.948,0.167383,0.150267,0.0171156,-0.000128405
1.95,0.167383,0.150266,0.0171164,-0.000123927
1.952,0.167383,0.150266,0.0171166,-0.000122405
1.954,0.167383,0.150266,0.0171169,-0.000120843
1.956,0.167383,0.150265,0.0171173,-0.000117645
1.958,0.167383,0.150265,0.0171176,-0.00011601
1.96,0.167383,0.150265,0.0171178,-0.000114351
1.962,0.167383,0.150264,0.017118,-0.000112669
1.964,0.167383,0.150264,0.0171182,-0.000110963
1.966,0.167383,0.150264,0.0171185,-0.000109233
1.968,0.167383,0.150264,0.0171187,-0.000107481
1.97,0.167383,0.150264,0.0171189,-0.000105706
1.972,0.167383,0.150263,0.0171193,-0.000102089
1.974,0.167383,0.150263,0.0171193,-0.000102089
1.976,0.167383,0.150263,0.0171197,-9.83663e-05
1.978,0.167383,0.150263,0.0171199,-9.64822e-05
1.98,0.167383,0.150262,0.0171201,-9.45768e-05
1.982,0.167383,0.150262,0.0171203,-9.26503e-05
1.984,0.167383,0.150262,0.0171205,-9.0703e-05
1.986,0.167383,0.150262,0.0171206,-8.87351e-05
1.988,0.167383,0.150262,0.0171208,-8.67468e-05
1.99,0.167383,0.150262,0.017121,-8.47384e-05
1.992,0.167383,0.150261,0.0171216,-7.65032e-05
1.994,0.167383,0.150261,0.0171217,-7.43943e-05
1.996,0.167383,0.150261,0.0171219,-7.22816e-05
1.998,0.167383,0.15026,0.0171222,-6.79938e-05
2,0.167383,0.15026,0.0171224,-6.3628e-05
2.002,0.167383,0.15026,0.0171224,-6.3628e-05
2.004,0.167383,0.15026,0.0171226,-6.14176e-05
2.006,0.167383,0.15026,0.0171228,-5.69451e-05
2.008,0.167383,0.15026,0.0171228,-5.69451e-05
2.01,0.167383,0.15026,0.0171229,-5.46839e-05
2.012,0.167383,0.150259,0.0171231,-5.01137e-05
2.014,0.167383,0.150259,0.0171232,-4.78055e-05
2.016,0.167383,0.150259,0.0171232,-4.78055e-05
2.018,0.167383,0.150259,0.0171234,-4.31447e-05
2.02,0.167383,0.150259,0.0171235,-4.07928e-05
2.022,0.167383,0.150259,0.0171235,-3.84271e-05
2.024,0.167383,0.150259,0.0171236,-3.60477e-05
2.026,0.167383,0.150259,0.0171237,-3.36552e-05
2.028,0.167383,0.150259,0.0171238,-2.88316e-05
2.03,0.167383,0.150259,0.0171238,-2.64012e-05
2.032,0.167383,0.150259,0.0171238,-2.64012e-05
2.034,0.167383,0.150259,0.0171239,-2.1505e-05
2.036,0.167383,0.150259,0.017124,-1.90398e-05
2.038,0.167383,0.150258,0.0171241,-6.51124e-06
2.04,0.167383,0.150258,0.0171241,-3.9953e-06
2.042,0.167383,0.150258,0.0171241,-3.9953e-06
2.044,0.167383,0.150258,0.0171241,3.61572e-06
2.046,0.167383,0.150258,0.0171241,6.20458e-06
2.048,0.167383,0.150258,0.0171241,8.76235e-06
2.05,0.167383,0.150258,0.017124,1.39048e-05
2.052,0.167383,0.150258,0.017124,1.39048e-05
2.054,0.167383,0.150259,0.0171239,1.90795e-05
2.056,0.167383,0.150259,0.0171239,2.16773e-05
2.058,0.167383,0.150259,0.0171238,2.42815e-05
2.06,0.167383,0.150259,0.0171238,2.68915e-05
2.062,0.167383,0.150259,0.0171237,2.95068e-05
2.064,0.167383,0.150259,0.0171237,3.21271e-05
2.066,0.167383,0.150259,0.0171236,3.47518e-05
2.068,0.167383,0.150259,0.0171234,4.0013e-05
2.07,0.167383,0.150259,0.0171234,4.0013e-05
2.072,0.167383,0.150259,0.0171233,4.52874e-05
2.074,0.167383,0.150259,0.0171232,4.79286e-05
2.076,0.167383,0.150259,0.0171231,5.05719e-05
2.078,0.167383,0.15026,0.017123,5.32171e-05
2.08,0.167383,0.15026,0.0171228,5.58637e-05
2.082,0.167383,0.15026,0.0171227,5.85115e-05
2.084,0.167383,0.15026,0.0171224,6.69761e-05
2.086,0.167383,0.15026,0.0171222,6.97891e-05
2.088,0.167383,0.150261,0.0171219,7.52046e-05
2.09,0.167383,0.150261,0.0171218,7.78793e-05
2.092,0.167383,0.150261,0.0171216,8.05356e-05
2.094,0.167383,0.150261,0.0171214,8.3176e-05
2.096,0.167383,0.150261,0.0171213,8.58026e-05
2.098,0.167383,0.150261,0.0171211,8.84175e-05
2.1,0.167383,0.150262,0.0171209,9.10224e-05
2.102,0.167383,0.150262,0.0171205,9.62074e-05
2.104,0.167383,0.150262,0.0171205,9.62074e-05
2.106,0.167383,0.150262,0.0171201,0.000101366
2.108,0.167383,0.150263,0.0171199,0.000103937
2.11,0.167383,0.150263,0.0171197,0.000106503
2.112,0.167383,0.150263,0.0171195,0.000109065
2.114,0.167383,0.150263,0.0171193,0.000111621
2.116,0.167383,0.150263,0.017119,0.000114173
2.118,0.167383,0.150264,0.0171186,0.000119262
2.12,0.167383,0.150264,0.0171186,0.000119262
2.122,0.167383,0.150264,0.0171181,0.00012433
2.124,0.167383,0.150265,0.0171178,0.000126855
2.126,0.167383,0.150265,0.0171178,0.000126855
2.128,0.167383,0.150265,0.0171176,0.000129373
2.13,0.167383,0.150265,0.017117,0.00013439
2.132,0.167383,0.150266,0.0171162,0.000141933
2.134,0.167383,0.150267,0.0171156,0.000146966
2.136,0.167383,0.150267,0.0171153,0.000149385
2.138,0.167383,0.150268,0.017115,0.000151801
2.14,0.167383,0.150268,0.0171141,0.000159092
2.142,0.167383,0.150269,0.0171137,0.000161464
2.144,0.167383,0.150269,0.0171134,0.000163828
2.146,0.167383,0.150269,0.0171131,0.000166184
2.148,0.167383,0.15027,0.0171127,0.000168531
2.15,0.167383,0.15027,0.017112,0.000173192
2.152,0.167383,0.15027,0.017112,0.000173192
2.154,0.167383,0.150271,0.0171113,0.000177805
2.156,0.167383,0.150272,0.017111,0.000180091
2.158,0.167383,0.150272,0.0171106,0.000182364
2.16,0.167383,0.150272,0.0171103,0.000184622
2.162,0.167383,0.150273,0.0171099,0.000186865
2.164,0.167383,0.150273,0.0171091,0.000191303
2.166,0.167383,0.150274,0.0171087,0.000193499
2.168,0.167383,0.150274,0.0171083,0.000195677
2.17,0.167383,0.150275,0.0171079,0.000197838
2.172,0.167383,0.150275,0.0171079,0.000197838
2.174,0.167383,0.150275,0.0171071,0.000202109
2.176,0.167383,0.150276,0.0171067,0.000204217
2.178,0.167383,0.150278,0.0171046,0.000214746
2.18,0.167383,0.150278,0.0171046,0.000214746
2.182,0.167383,0.150279,0.0171038,0.000218857
2.184,0.167383,0.150279,0.0171033,0.000220731
2.186,0.167383,0.15028,0.0171029,0.000222599
2.188,0.167383,0.15028,0.0171024,0.000224459
2.19,0.167383,0.150281,0.017102,0.000226307
2.192,0.167383,0.150281,0.0171015,0.000228141
2.194,0.167383,0.150281,0.017101,0.00022996
2.196,0.167383,0.150282,0.0171001,0.000233547
2.198,0.167383,0.150283,0.0170996,0.000235313
2.2,0.167383,0.150283,0.0170992,0.000237059
2.202,0.167383,0.150284,0.0170987,0.000238783
2.204,0.167383,0.150284,0.0170982,0.000240487
2.206,0.167383,0.150285,0.0170977,0.000242169
2.208,0.167383,0.150286,0.0170968,0.000245464
2.21,0.167383,0.150286,0.0170968,0.000245464
2.212,0.167383,0.150287,0.0170958,0.000248667
2.214,0.167383,0.150287,0.0170958,0.000248667
2.216,0.167383,0.150287,0.0170953,0.000250233
2.218,0.167383,0.150288,0.0170943,0.000253291
2.22,0.167383,0.150289,0.0170937,0.000254782
2.222,0.167383,0.150289,0.0170932,0.000256249
2.224,0.167383,0.15029,0.0170927,0.000257691
2.226,0.167383,0.15029,0.0170922,0.000259107
2.228,0.167383,0.150291,0.0170917,0.000260497
2.23,0.167383,0.150292,0.0170906,0.000263199
2.232,0.167383,0.150292,0.0170906,0.000263199
2.234,0.167383,0.150293,0.0170896,0.000265796
2.236,0.167383,0.150293,0.017089,0.000267055
2.238,0.167383,0.150293,0.017089,0.000267055
2.24,0.167383,0.150295,0.0170874,0.000270776
2.242,0.167383,0.150296,0.0170869,0.000271906
2.244,0.167383,0.150296,0.0170863,0.000273011
2.246,0.167383,0.150297,0.0170858,0.000274092
2.248,0.167383,0.150297,0.0170852,0.000275148
2.25,0.167383,0.150298,0.0170841,0.00027718
2.252,0.167383,0.150299,0.0170836,0.000278157
2.254,0.167383,0.150299,0.0170836,0.000278157
2.256,0.167383,0.1503,0.0170824,0.000280027
2.258,0.167383,0.150301,0.0170819,0.00028092
2.26,0.167383,0.150301,0.0170813,0.000281785
2.262,0.167383,0.150302,0.0170808,0.000282621
2.264,0.167383,0.150302,0.0170802,0.000283429
2.266,0.167383,0.150303,0.0170796,0.000284209
2.268,0.167383,0.150304,0.0170785,0.000284959
2.27,0.167383,0.150304,0.0170785,0.00028568
2.272,0.167383,0.150305,0.0170773,0.000286947
2.274,0.167383,0.150306,0.0170768,0.000287597
2.276,0.167383,0.150306,0.0170762,0.000288213
2.278,0.167383,0.150307,0.0170756,0.000288798
2.28,0.167383,0.150307,0.017075,0.00028935
2.282,0.167383,0.150308,0.0170744,0.000289871
2.284,0.167383,0.150309,0.0170739,0.00029036
2.286,0.167383,0.150309,0.0170733,0.000290818
2.288,0.167383,0.15031,0.0170721,0.000291642
2.29,0.167383,0.150311,0.0170715,0.000292008
2.292,0.167383,0.150312,0.0170709,0.000292342
2.294,0.167383,0.150312,0.0170704,0.000292646
2.296,0.167383,0.150313,0.0170698,0.00029292
2.298,0.167383,0.150313,0.0170692,0.000293162
2.3,0.167383,0.150314,0.0170686,0.000293374
2.302,0.167383,0.150314,0.017068,0.000293556
2.304,0.167383,0.150316,0.0170668,0.000293826
2.306,0.167383,0.150316,0.0170668,0.000293826
2.308,0.167383,0.150317,0.0170657,0.000293974
2.31,0.167383,0.150317,0.0170651,0.000294002
2.312,0.167383,0.150317,0.0170651,0.000294002
2.314,0.167383,0.150318,0.0170645,0.000294
2.316,0.167383,0.150319,0.0170633,0.000293902
2.318,0.167383,0.15032,0.0170627,0.000293808
2.32,0.167383,0.15032,0.0170621,0.000293682
2.322,0.167383,0.150322,0.017061,0.00029334
2.324,0.167383,0.150322,0.017061,0.00029334
2.326,0.167383,0.150322,0.0170604,0.000293123
2.328,0.167383,0.150322,0.0170604,0.000293123
2.33,0.167383,0.150325,0.0170574,0.000292133
2.332,0.167383,0.150326,0.0170569,0.000291631
2.334,0.167383,0.150326,0.0170569,0.000291631
2.336,0.167383,0.150327,0.0170557,0.000290585
2.338,0.167383,0.150327,0.0170551,0.000290038
2.34,0.167383,0.150329,0.017054,0.000288885
2.342,0.167383,0.15033,0.0170528,0.000287722
2.344,0.167383,0.15033,0.0170528,0.000287722
2.346,0.167383,0.150331,0.0170517,0.000286347
2.348,0.167383,0.150331,0.0170511,0.000285624
2.35,0.167383,0.150332,0.0170505,0.000284875
2.352,0.167383,0.150333,0.01705,0.000284101
2.354,0.167383,0.150333,0.0170494,0.0002833
2.356,0.167383,0.150334,0.0170483,0.000281618
2.358,0.167383,0.150335,0.0170477,0.000280735
2.36,0.167383,0.150335,0.0170471,0.000279825
2.362,0.167383,0.150336,0.0170466,0.000278887
2.364,0.167383,0.150336,0.017046,0.000277921
2.366,0.167383,0.150337,0.0170455,0.000276927
2.368,0.167383,0.150338,0.0170449,0.000275905
2.37,0.167383,0.150339,0.0170438,0.000273778
2.372,0.167383,0.150339,0.0170438,0.000273778
2.374,0.167383,0.15034,0.0170427,0.000271539
2.376,0.167383,0.15034,0.0170427,0.000271539
2.378,0.167383,0.15034,0.0170427,0.000271539
2.38,0.167383,0.15034,0.0170427,0.000271539
2.382,0.167383,0.150342,0.0170406,0.000266821
2.384,0.167383,0.150342,0.0170401,0.000265712
2.386,0.167383,0.150343,0.0170395,0.000264369
2.388,0.167383,0.150344,0.017039,0.000263005
2.39,0.167383,0.150344,0.0170385,0.000261623
2.392,0.167383,0.150345,0.0170374,0.000258797
2.394,0.167383,0.150346,0.0170369,0.000257351
2.396,0.167383,0.150346,0.0170369,0.000257351
2.398,0.167383,0.150347,0.0170359,0.00025439
2.4,0.167383,0.150347,0.0170354,0.000252875
2.402,0.167383,0.150348,0.0170349,0.000251336
2.404,0.167383,0.150348,0.0170344,0.000249773
2.406,0.167383,0.150349,0.0170339,0.000248186
2.408,0.167383,0.15035,0.0170329,0.000244941
2.41,0.167383,0.15035,0.0170329,0.000244941
2.412,0.167383,0.15035,0.0170324,0.000243283
2.414,0.167383,0.150351,0.0170315,0.000239895
2.416,0.167383,0.150351,0.0170315,0.000239895
2.418,0.167383,0.150352,0.017031,0.000238166
2.42,0.167383,0.150352,0.01703,0.000234638
2.422,0.167383,0.150353,0.0170296,0.00023284
2.424,0.167383,0.150353,0.0170291,0.000231019
2.426,0.167383,0.150353,0.0170291,0.000231019
2.428,0.167383,0.150353,0.0170291,0.000231019
2.43,0.167383,0.150354,0.0170287,0.000229176
2.432,0.167383,0.150356,0.0170269,0.000221638
2.434,0.167383,0.150357,0.017026,0.000217692
2.436,0.167383,0.150357,0.0170256,0.00021569
2.438,0.167383,0.150357,0.0170251,0.000213669
2.44,0.167383,0.150357,0.0170251,0.000213669
2.442,0.167383,0.150357,0.0170251,0.000213669
2.444,0.167383,0.150359,0.0170239,0.000207492
2.446,0.167383,0.150359,0.0170231,0.000203278
2.448,0.167383,0.150359,0.0170231,0.000203278
2.45,0.167383,0.15036,0.0170223,0.00019899
2.452,0.167383,0.150361,0.0170219,0.000196819
2.454,0.167383,0.150361,0.0170215,0.00019463
2.456,0.167383,0.150361,0.0170211,0.000192423
2.458,0.167383,0.150362,0.0170207,0.000190198
2.46,0.167383,0.150363,0.01702,0.000185698
2.462,0.167383,0.150363,0.01702,0.000185698
2.464,0.167383,0.150363,0.0170192,0.00018113
2.466,0.167383,0.150363,0.0170192,0.00018113
2.468,0.167383,0.150364,0.0170189,0.000178822
2.47,0.167383,0.150364,0.0170185,0.000176499
2.472,0.167383,0.150365,0.0170178,0.000171805
2.474,0.167383,0.150365,0.0170175,0.000169435
2.476,0.167383,0.150365,0.0170172,0.000167051
2.478,0.167383,0.150366,0.0170165,0.00016224
2.48,0.167383,0.150366,0.0170165,0.00016224
2.482,0.167383,0.150366,0.0170165,0.00016224
2.484,0.167383,0.150366,0.0170165,0.00016224
2.486,0.167383,0.150367,0.0170153,0.000152456
2.488,0.167383,0.150368,0.017015,0.000149978
2.49,0.167383,0.150368,0.0170147,0.000147487
2.492,0.167383,0.150368,0.0170144,0.000144985
2.494,0.167383,0.150369,0.0170138,0.000139947
2.496,0.167383,0.150369,0.0170135,0.000137412
2.498,0.167383,0.150369,0.0170133,0.000134866
2.5,0.167383,0.15037,0.017013,0.000132309
2.502,0.167383,0.15037,0.0170127,0.000129743
2.504,0.167383,0.15037,0.0170125,0.000127167
2.506,0.167383,0.15037,0.0170122,0.000124583
2.508,0.167383,0.150371,0.0170118,0.000119386
2.51,0.167383,0.150371,0.0170115,0.000116776
2.512,0.167383,0.150371,0.0170113,0.000114158
2.514,0.167383,0.150371,0.0170111,0.000111532
2.516,0.167383,0.150372,0.0170109,0.000108898
2.518,0.167383,0.150372,0.0170104,0.000103612
2.52,0.167383,0.150372,0.0170104,0.000103612
2.522,0.167383,0.150372,0.01701,9.83009e-05
2.524,0.167383,0.150372,0.01701,9.83009e-05
2.526,0.167383,0.150373,0.0170097,9.29678e-05
2.528,0.167383,0.150373,0.0170097,9.29678e-05
2.53,0.167383,0.150373,0.0170095,9.02939e-05
2.532,0.167383,0.150373,0.0170095,9.02939e-05
2.534,0.167383,0.150374,0.0170088,7.95737e-05
2.536,0.167383,0.150374,0.0170086,7.68767e-05
2.538,0.167383,0.150374,0.0170084,7.14771e-05
2.54,0.167383,0.150374,0.0170082,6.87751e-05
2.542,0.167383,0.150374,0.0170082,6.87751e-05
2.544,0.167383,0.150374,0.0170082,6.87751e-05
2.546,0.167383,0.150375,0.0170078,6.06631e-05
2.548,0.167383,0.150375,0.0170077,5.7958e-05
2.55,0.167383,0.150375,0.0170076,5.52527e-05
2.552,0.167383,0.150375,0.0170075,5.25476e-05
2.554,0.167383,0.150375,0.0170074,4.9843e-05
2.556,0.167383,0.150375,0.0170072,4.44366e-05
2.558,0.167383,0.150375,0.0170071,4.17355e-05
2.56,0.167383,0.150375,0.0170071,3.90362e-05
2.562,0.167383,0.150376,0.0170069,3.36444e-05
2.564,0.167383,0.150376,0.0170069,3.36444e-05
2.566,0.167383,0.150376,0.0170069,3.09526e-05
2.568,0.167383,0.150376,0.0170068,2.55789e-05
2.57,0.167383,0.150376,0.0170067,2.28977e-05
2.572,0.167383,0.150376,0.0170067,2.02207e-05
2.574,0.167383,0.150376,0.0170066,1.75482e-05
2.576,0.167383,0.150376,0.0170066,1.48806e-05
2.578,0.167383,0.150376,0.0170066,9.5616e-06
2.58,0.167383,0.150376,0.0170066,9.5616e-06
2.582,0.167383,0.150376,0.0170065,6.91079e-06
2.584,0.167383,0.150376,0.0170065,4.26625e-06
2.586,0.167383,0.150376,0.0170065,4.26625e-06
2.588,0.167383,0.150376,0.0170066,-8.8615e-06
2.59,0.167383,0.150376,0.0170066,-1.14608e-05
2.592,0.167383,0.150376,0.0170066,-1.40513e-05
2.594,0.167383,0.150376,0.0170066,-1.40513e-05
2.596,0.167383,0.150376,0.0170067,-2.17678e-05
2.598,0.167383,0.150376,0.0170067,-2.17678e-05
2.6,0.167383,0.150376,0.0170068,-2.43205e-05
2.602,0.167383,0.150376,0.0170069,-2.93949e-05
2.604,0.167383,0.150376,0.0170069,-2.93949e-05
2.606,0.167383,0.150375,0.017007,-3.44258e-05
2.608,0.167383,0.150375,0.0170071,-3.69242e-05
2.61,0.167383,0.150375,0.0170071,-3.69242e-05
2.612,0.167383,0.150375,0.0170073,-4.1885e-05
2.614,0.167383,0.150375,0.0170074,-4.43468e-05
2.616,0.167383,0.150375,0.0170075,-4.67959e-05
2.618,0.167383,0.150375,0.0170077,-5.16542e-05
2.62,0.167383,0.150375,0.0170077,-5.16542e-05
2.622,0.167383,0.150375,0.0170079,-5.64577e-05
2.624,0.167383,0.150375,0.017008,-5.8838e-05
2.626,0.167383,0.150375,0.017008,-5.8838e-05
2.628,0.167383,0.150374,0.0170082,-6.35543e-05
2.63,0.167383,0.150374,0.0170084,-6.58896e-05
2.632,0.167383,0.150374,0.0170084,-6.58896e-05
2.634,0.167383,0.150374,0.0170084,-6.58896e-05
2.636,0.167383,0.150373,0.0170091,-7.73547e-05
2.638,0.167383,0.150373,0.0170091,-7.73547e-05
2.64,0.167383,0.150373,0.0170093,-7.95885e-05
2.642,0.167383,0.150373,0.0170096,-8.40052e-05
2.644,0.167383,0.150373,0.0170098,-8.61874e-05
2.646,0.167383,0.150373,0.0170098,-8.61874e-05
2.648,0.167383,0.150373,0.0170099,-8.83517e-05
2.65,0.167383,0.150372,0.0170105,-9.47716e-05
2.652,0.167383,0.150372,0.0170107,-9.68564e-05
2.654,0.167383,0.150372,0.0170109,-9.89223e-05
2.656,0.167383,0.150371,0.0170111,-0.000100969
2.658,0.167383,0.150371,0.0170113,-0.000102997
2.66,0.167383,0.150371,0.0170115,-0.000105004
2.662,0.167383,0.15037,0.0170122,-0.000110906
2.664,0.167383,0.15037,0.0170122,-0.000110906
2.666,0.167383,0.15037,0.0170124,-0.000112831
2.668,0.167383,0.15037,0.0170128,-0.000116618
2.67,0.167383,0.15037,0.0170128,-0.000116618
2.672,0.167383,0.150369,0.0170133,-0.000120317
2.674,0.167383,0.150369,0.0170136,-0.000122133
2.676,0.167383,0.150369,0.0170138,-0.000123927
2.678,0.167383,0.150368,0.0170141,-0.000125697
2.68,0.167383,0.150368,0.0170146,-0.000129169
2.682,0.167383,0.150368,0.0170146,-0.000129169
2.684,0.167383,0.150368,0.0170148,-0.00013087
2.686,0.167383,0.150368,0.0170148,-0.00013087
2.688,0.167383,0.150367,0.0170159,-0.00013748
2.69,0.167383,0.150366,0.0170165,-0.000140601
2.692,0.167383,0.150366,0.0170168,-0.000142126
2.694,0.167383,0.150365,0.0170171,-0.000143626
2.696,0.167383,0.150365,0.0170173,-0.000145101
2.698,0.167383,0.150365,0.0170176,-0.000146551
2.7,0.167383,0.150365,0.0170179,-0.000147975
2.702,0.167383,0.150364,0.0170182,-0.000149375
2.704,0.167383,0.150364,0.0170188,-0.000152095
2.706,0.167383,0.150364,0.0170188,-0.000152095
2.708,0.167383,0.150363,0.0170195,-0.00015471
2.71,0.167383,0.150363,0.0170198,-0.000155978
2.712,0.167383,0.150362,0.0170201,-0.000157219
2.714,0.167383,0.150362,0.0170204,-0.000158433
2.716,0.167383,0.150362,0.0170207,-0.000159619
2.718,0.167383,0.150361,0.0170214,-0.00016191
2.72,0.167383,0.150361,0.0170214,-0.00016191
2.722,0.167383,0.150361,0.0170217,-0.000163014
2.724,0.167383,0.15036,0.017022,-0.00016409
2.726,0.167383,0.15036,0.0170227,-0.000166159
2.728,0.167383,0.150359,0.017023,-0.000167151
2.73,0.167383,0.150359,0.0170234,-0.000168114
2.732,0.167383,0.150359,0.0170237,-0.000169049
2.734,0.167383,0.150358,0.017024,-0.000169955
2.736,0.167383,0.150358,0.0170244,-0.000170833
2.738,0.167383,0.150358,0.0170247,-0.000171682
2.74,0.167383,0.150358,0.0170247,-0.000171682
2.742,0.167383,0.150356,0.0170261,-0.000174942
2.744,0.167383,0.150356,0.0170265,-0.000175787
2.746,0.167383,0.150355,0.0170272,-0.000177021
2.748,0.167383,0.150355,0.0170275,-0.000177603
2.75,0.167383,0.150355,0.0170279,-0.00017816
2.752,0.167383,0.150354,0.0170282,-0.000178692
2.754,0.167383,0.150354,0.0170282,-0.000178692
2.756,0.167383,0.150353,0.0170293,-0.000180128
2.758,0.167383,0.150353,0.0170297,-0.000180606
2.76,0.167383,0.150352,0.01703,-0.000180994
2.762,0.167383,0.150352,0.0170308,-0.000181685
2.764,0.167383,0.150352,0.0170308,-0.000181685
2.766,0.167383,0.150351,0.0170311,-0.000181989
2.768,0.167383,0.150351,0.0170319,-0.000182512
2.77,0.167383,0.15035,0.0170322,-0.000182729
2.772,0.167383,0.15035,0.0170326,-0.000182918
2.774,0.167383,0.15035,0.017033,-0.000183077
2.776,0.167383,0.150349,0.0170333,-0.000183206
2.778,0.167383,0.150348,0.0170341,-0.000183376
2.78,0.167383,0.150348,0.0170341,-0.000183376
2.782,0.167383,0.150348,0.0170344,-0.000183417
2.784,0.167383,0.150348,0.0170348,-0.000183427
2.786,0.167383,0.150347,0.0170355,-0.000183357
2.788,0.167383,0.150347,0.0170359,-0.000183278
2.79,0.167383,0.150346,0.0170366,-0.000183028
2.792,0.167383,0.150346,0.0170366,-0.000183028
2.794,0.167383,0.150345,0.0170377,-0.000182428
2.796,0.167383,0.150344,0.0170381,-0.000182168
2.798,0.167383,0.150344,0.0170384,-0.000181878
2.8,0.167383,0.150343,0.0170392,-0.000181208
2.802,0.167383,0.150343,0.0170395,-0.000180828
2.804,0.167383,0.150343,0.0170395,-0.000180828
2.806,0.167383,0.150342,0.0170403,-0.000179979
2.808,0.167383,0.150342,0.0170406,-0.00017951
2.81,0.167383,0.150342,0.017041,-0.000179011
2.812,0.167383,0.150341,0.0170413,-0.000178483
2.814,0.167383,0.15034,0.017042,-0.000177338
2.816,0.167383,0.15034,0.0170424,-0.000176721
2.818,0.167383,0.15034,0.0170427,-0.000176075
2.82,0.167383,0.15034,0.0170427,-0.000176075
2.822,0.167383,0.150339,0.0170434,-0.000174696
2.824,0.167383,0.150339,0.0170438,-0.000173963
2.826,0.167383,0.150338,0.0170441,-0.0001732
2.828,0.167383,0.150338,0.0170445,-0.000172409
2.83,0.167383,0.150338,0.0170448,-0.00017159
2.832,0.167383,0.150337,0.0170452,-0.000170742
2.834,0.167383,0.150337,0.0170455,-0.000169865
2.836,0.167383,0.150337,0.0170458,-0.00016896
2.838,0.167383,0.150336,0.0170462,-0.000168027
2.84,0.167383,0.150336,0.0170468,-0.000166076
2.842,0.167383,0.150336,0.0170468,-0.000166076
2.844,0.167383,0.150336,0.0170468,-0.000166076
2.846,0.167383,0.150334,0.0170482,-0.000161881
2.848,0.167383,0.150334,0.0170488,-0.000159589
2.85,0.167383,0.150333,0.0170491,-0.000158404
2.852,0.167383,0.150333,0.0170491,-0.000158404
2.854,0.167383,0.150333,0.0170494,-0.000157192
2.856,0.167383,0.150332,0.0170507,-0.000152121
2.858,0.167383,0.150332,0.0170507,-0.000152121
2.86,0.167383,0.150332,0.017051,-0.000150843
2.862,0.167383,0.150331,0.0170515,-0.000148058
2.864,0.167383,0.150331,0.0170518,-0.000146631
2.866,0.167383,0.15033,0.0170521,-0.00014518
2.868,0.167383,0.15033,0.0170524,-0.000143706
2.87,0.167383,0.15033,0.0170527,-0.000142208
2.872,0.167383,0.150329,0.0170533,-0.000139142
2.874,0.167383,0.150329,0.0170533,-0.000139142
2.876,0.167383,0.150329,0.0170538,-0.000135982
2.878,0.167383,0.150328,0.0170541,-0.000134367
2.88,0.167383,0.150328,0.0170543,-0.000132729
2.882,0.167383,0.150328,0.0170546,-0.000131068
2.884,0.167383,0.150328,0.0170549,-0.000129384
2.886,0.167383,0.150327,0.0170551,-0.000127678
2.888,0.167383,0.150327,0.0170556,-0.000124198
2.89,0.167383,0.150327,0.0170559,-0.000122425
2.892,0.167383,0.150326,0.0170561,-0.00012063
2.894,0.167383,0.150326,0.0170561,-0.00012063
2.896,0.167383,0.150326,0.0170561,-0.00012063
2.898,0.167383,0.150326,0.0170563,-0.000118814
2.9,0.167383,0.150325,0.0170573,-0.000111352
2.902,0.167383,0.150325,0.0170577,-0.000107486
2.904,0.167383,0.150325,0.0170579,-0.000105523
2.906,0.167383,0.150324,0.0170581,-0.000103541
2.908,0.167383,0.150324,0.0170585,-9.95199e-05
2.91,0.167383,0.150324,0.0170585,-9.95199e-05
2.912,0.167383,0.150324,0.0170587,-9.74809e-05
2.914,0.167383,0.150324,0.0170589,-9.54234e-05
2.916,0.167383,0.150323,0.0170591,-9.33476e-05
2.918,0.167383,0.150323,0.0170593,-9.12538e-05
2.92,0.167383,0.150323,0.0170594,-8.91423e-05
2.922,0.167383,0.150323,0.0170598,-8.48673e-05
2.924,0.167383,0.150323,0.01706,-8.27043e-05
2.926,0.167383,0.150322,0.0170601,-8.05246e-05
2.928,0.167383,0.150322,0.0170603,-7.83286e-05
2.93,0.167383,0.150322,0.0170604,-7.61165e-05
2.932,0.167383,0.150322,0.0170606,-7.38887e-05
2.934,0.167383,0.150322,0.0170607,-7.16454e-05
2.936,0.167383,0.150322,0.0170609,-6.93868e-05
2.938,0.167383,0.150322,0.017061,-6.71134e-05
2.94,0.167383,0.150321,0.0170612,-6.25231e-05
2.942,0.167383,0.150321,0.0170612,-6.25231e-05
2.944,0.167383,0.150321,0.0170612,-6.25231e-05
2.946,0.167383,0.150321,0.0170616,-5.55294e-05
2.948,0.167383,0.150321,0.0170617,-5.31651e-05
2.95,0.167383,0.150321,0.0170618,-5.07996e-05
2.952,0.167383,0.150321,0.0170619,-4.8421e-05
2.954,0.167383,0.150321,0.017062,-4.60295e-05
2.956,0.167383,0.15032,0.0170621,-4.36256e-05
2.958,0.167383,0.15032,0.0170622,-4.12097e-05
2.96,0.167383,0.15032,0.0170624,-3.38827e-05
2.962,0.167383,0.15032,0.0170624,-3.1401e-05
2.964,0.167383,0.15032,0.0170625,-2.89388e-05
2.966,0.167383,0.15032,0.0170626,-2.64656e-05
2.968,0.167383,0.15032,0.0170626,-2.39819e-05
2.97,0.167383,0.15032,0.0170626,-2.14882e-05
2.972,0.167383,0.15032,0.0170627,-1.89851e-05
2.974,0.167383,0.15032,0.0170627,-1.39525e-05
2.976,0.167383,0.15032,0.0170628,-1.1424e-05
2.978,0.167383,0.15032,0.0170628,-8.88792e-06
2.98,0.167383,0.15032,0.0170628,-6.34467e-06
2.982,0.167383,0.15032,0.0170628,-3.79464e-06
2.984,0.167383,0.15032,0.0170628,-1.23821e-06
2.986,0.167383,0.15032,0.0170628,1.32424e-06
2.988,0.167383,0.15032,0.0170628,6.46576e-06
2.99,0.167383,0.15032,0.0170628,6.46576e-06
2.992,0.167383,0.15032,0.0170628,9.04411e-06
2.994,0.167383,0.15032,0.0170627,1.42142e-05
2.996,0.167383,0.15032,0.0170627,1.68053e-05
2.998,0.167383,0.15032,0.0170627,1.68053e-05
3,0.167383,0.15032,0.0170625,2.72921e-05
3.002,0.167383,0.15032,0.0170625,2.72921e-05
3.004,0.167383,0.15032,0.0170624,3.25538e-05
3.006,0.167383,0.15032,0.0170624,3.25538e-05
3.008,0.167383,0.15032,0.0170622,3.77229e-05
3.01,0.167383,0.15032,0.0170621,4.03156e-05
3.012,0.167383,0.15032,0.0170621,4.29121e-05
3.014,0.167383,0.150321,0.017062,4.55114e-05
3.016,0.167383,0.150321,0.0170619,4.81126e-05
3.018,0.167383,0.150321,0.0170618,5.07151e-05
3.02,0.167383,0.150321,0.0170615,5.59209e-05
3.022,0.167383,0.150321,0.0170615,5.59209e-05
3.024,0.167383,0.150321,0.0170614,5.85231e-05
3.026,0.167383,0.150321,0.0170612,6.37233e-05
3.028,0.167383,0.150321,0.0170611,6.63203e-05
3.03,0.167383,0.150322,0.0170609,6.89149e-05
3.032,0.167383,0.150322,0.0170608,7.15063e-05
3.034,0.167383,0.150322,0.0170606,7.40944e-05
3.036,0.167383,0.150322,0.0170605,7.66786e-05
3.038,0.167383,0.150322,0.0170603,7.92587e-05
3.04,0.167383,0.150322,0.0170601,8.18342e-05
3.042,0.167383,0.150323,0.01706,8.44048e-05
3.044,0.167383,0.150323,0.0170598,8.697e-05
3.046,0.167383,0.150323,0.0170598,8.697e-05
3.048,0.167383,0.150323,0.0170591,9.72261e-05
3.05,0.167383,0.150324,0.0170589,9.98607e-05
3.052,0.167383,0.150324,0.0170587,0.000102359
3.054,0.167383,0.150324,0.0170582,0.000107345
3.056,0.167383,0.150324,0.017058,0.000109831
3.058,0.167383,0.150325,0.0170578,0.000112311
3.06,0.167383,0.150325,0.0170578,0.000112311
3.062,0.167383,0.150325,0.0170576,0.000114785
3.064,0.167383,0.150325,0.0170576,0.000114785
3.066,0.167383,0.150326,0.0170568,0.000122221
3.068,0.167383,0.150326,0.0170566,0.00012465
3.07,0.167383,0.150326,0.0170563,0.000127071
3.072,0.167383,0.150327,0.0170558,0.000131886
3.074,0.167383,0.150327,0.0170555,0.000134278
3.076,0.167383,0.150327,0.0170553,0.000136661
3.078,0.167383,0.150328,0.017055,0.000139031
3.08,0.167383,0.150328,0.0170547,0.000141391
3.082,0.167383,0.150328,0.0170544,0.000143738
3.084,0.167383,0.150328,0.0170541,0.000146072
3.086,0.167383,0.150329,0.0170535,0.000150702
3.088,0.167383,0.150329,0.0170532,0.000152996
3.09,0.167383,0.15033,0.0170529,0.000155276
3.092,0.167383,0.15033,0.0170526,0.000157541
3.094,0.167383,0.15033,0.0170526,0.000157541
3.096,0.167383,0.150331,0.017052,0.000162027
3.098,0.167383,0.150331,0.0170516,0.000164247
3.1,0.167383,0.150331,0.0170513,0.000166451
3.102,0.167383,0.150333,0.0170496,0.000177444
3.104,0.167383,0.150333,0.0170492,0.000179743
3.106,0.167383,0.150334,0.0170488,0.000181754
3.108,0.167383,0.150334,0.0170485,0.000183758
3.11,0.167383,0.150334,0.0170481,0.000185756
3.112,0.167383,0.150335,0.0170473,0.00018972
3.114,0.167383,0.150336,0.017047,0.000191684
3.116,0.167383,0.150336,0.0170466,0.000193633
3.118,0.167383,0.150336,0.0170462,0.000195566
3.12,0.167383,0.150337,0.0170458,0.000197483
3.122,0.167383,0.150337,0.0170454,0.000199382
3.124,0.167383,0.150338,0.017045,0.000201263
3.126,0.167383,0.150338,0.0170446,0.000203125
3.128,0.167383,0.150339,0.0170438,0.00020679
3.13,0.167383,0.150339,0.0170433,0.000208592
3.132,0.167383,0.15034,0.0170429,0.000210373
3.134,0.167383,0.15034,0.0170425,0.000212132
3.136,0.167383,0.15034,0.0170425,0.000212132
3.138,0.167383,0.150341,0.0170416,0.000215586
3.14,0.167383,0.150341,0.0170412,0.00021728
3.142,0.167383,0.150342,0.0170408,0.000218951
3.144,0.167383,0.150342,0.0170403,0.000220599
3.146,0.167383,0.150342,0.0170403,0.000220599
3.148,0.167383,0.150344,0.017039,0.000225403
3.15,0.167383,0.150344,0.0170381,0.000228562
3.152,0.167383,0.150344,0.0170381,0.000228562
3.154,0.167383,0.150345,0.0170372,0.000231524
3.156,0.167383,0.150346,0.0170367,0.000232971
3.158,0.167383,0.150346,0.0170362,0.000234395
3.16,0.167383,0.150346,0.0170362,0.000234395
3.162,0.167383,0.150346,0.0170362,0.000234395
3.164,0.167383,0.150347,0.0170357,0.000235796
3.166,0.167383,0.150349,0.0170338,0.000241227
3.168,0.167383,0.150349,0.0170333,0.000242489
3.17,0.167383,0.15035,0.0170328,0.000243727
3.172,0.167383,0.15035,0.0170324,0.000244941
3.174,0.167383,0.150351,0.0170319,0.000246131
3.176,0.167383,0.150351,0.0170314,0.000247295
3.178,0.167383,0.150352,0.0170309,0.000248434
3.18,0.167383,0.150353,0.0170299,0.000250634
3.182,0.167383,0.150353,0.0170299,0.000250634
3.184,0.167383,0.150354,0.0170289,0.000252727
3.186,0.167383,0.150354,0.0170284,0.000253733
3.188,0.167383,0.150355,0.0170279,0.000254712
3.19,0.167383,0.150355,0.0170273,0.000255663
3.192,0.167383,0.150356,0.0170268,0.000256586
3.194,0.167383,0.150356,0.0170263,0.000257482
3.196,0.167383,0.150357,0.0170258,0.000258349
3.198,0.167383,0.150358,0.0170248,0.000259999
3.2,0.167383,0.150358,0.0170248,0.000259999
3.202,0.167383,0.150358,0.0170248,0.000259999
3.204,0.167383,0.150359,0.0170232,0.000262356
3.206,0.167383,0.15036,0.0170221,0.000263688
3.208,0.167383,0.150361,0.0170216,0.000264314
3.21,0.167383,0.150361,0.0170211,0.000264913
3.212,0.167383,0.150362,0.0170206,0.000265485
3.214,0.167383,0.150362,0.01702,0.000266029
3.216,0.167383,0.150363,0.0170195,0.000266544
3.218,0.167383,0.150364,0.0170184,0.00026749
3.22,0.167383,0.150365,0.0170179,0.000267919
3.222,0.167383,0.150365,0.0170173,0.00026832
3.224,0.167383,0.150366,0.0170168,0.000268691
3.226,0.167383,0.150366,0.0170163,0.000269032
3.228,0.167383,0.150367,0.0170152,0.000269627
3.23,0.167383,0.150367,0.0170152,0.000269627
3.232,0.167383,0.150368,0.0170147,0.00026988
3.234,0.167383,0.150369,0.0170136,0.000270296
3.236,0.167383,0.150369,0.0170136,0.000270296
3.238,0.167383,0.150369,0.017013,0.000270459
3.24,0.167383,0.150371,0.0170119,0.000270695
3.242,0.167383,0.150371,0.0170114,0.000270769
3.244,0.167383,0.150371,0.0170114,0.000270769
3.246,0.167383,0.150372,0.0170103,0.000270825
3.248,0.167383,0.150373,0.0170098,0.000270808
3.25,0.167383,0.150374,0.0170082,0.00027067
3.252,0.167383,0.150375,0.0170076,0.000270702
3.254,0.167383,0.150375,0.0170071,0.000270489
3.256,0.167383,0.150377,0.017006,0.000269992
3.258,0.167383,0.150377,0.017006,0.000269992
3.26,0.167383,0.150377,0.0170054,0.000269709
3.262,0.167383,0.150378,0.0170049,0.0002694
3.264,0.167383,0.150379,0.0170038,0.000268704
3.266,0.167383,0.150379,0.0170033,0.000268316
3.268,0.167383,0.15038,0.0170022,0.000267456
3.27,0.167383,0.150381,0.0170017,0.000266983
3.272,0.167383,0.150381,0.0170012,0.000266482
3.274,0.167383,0.150382,0.0170006,0.000265952
3.276,0.167383,0.150382,0.0170001,0.000265394
3.278,0.167383,0.150383,0.0169996,0.000264807
3.28,0.167383,0.150384,0.0169985,0.000263546
3.282,0.167383,0.150384,0.0169985,0.000263546
3.284,0.167383,0.150385,0.016998,0.000262872
3.286,0.167383,0.150386,0.0169969,0.000261438
3.288,0.167383,0.150386,0.0169964,0.000260678
3.29,0.167383,0.150387,0.0169959,0.000259889
3.292,0.167383,0.150387,0.0169954,0.000259072
3.294,0.167383,0.150388,0.0169949,0.000258226
3.296,0.167383,0.150388,0.0169944,0.000257351
3.298,0.167383,0.150389,0.0169938,0.000256449
3.3,0.167383,0.150389,0.0169933,0.000255518
3.302,0.167383,0.15039,0.0169928,0.000254558
3.304,0.167383,0.150392,0.0169908,0.000250668
3.306,0.167383,0.150393,0.0169898,0.000248567
3.308,0.167383,0.150393,0.0169893,0.000247349
3.31,0.167383,0.150394,0.0169883,0.000244867
3.312,0.167383,0.150394,0.0169883,0.000244867
3.314,0.167383,0.150395,0.0169878,0.000243599
3.316,0.167383,0.150396,0.0169869,0.000241
3.318,0.167383,0.150396,0.0169869,0.000241
3.32,0.167383,0.150396,0.0169864,0.000239668
3.322,0.167383,0.150397,0.0169854,0.000236936
3.324,0.167383,0.150398,0.016985,0.000235534
3.326,0.167383,0.150398,0.0169845,0.000234109
3.328,0.167383,0.150398,0.016984,0.00023266
3.33,0.167383,0.150399,0.0169836,0.000231187
3.332,0.167383,0.150399,0.0169831,0.000229689
3.334,0.167383,0.1504,0.0169827,0.000228168
3.336,0.167383,0.1504,0.0169822,0.000226623
3.338,0.167383,0.150401,0.0169818,0.000225053
3.34,0.167383,0.150402,0.0169809,0.000221843
3.342,0.167383,0.150402,0.0169804,0.000220203
3.344,0.167383,0.150403,0.01698,0.000218539
3.346,0.167383,0.150403,0.0169796,0.000216852
3.348,0.167383,0.150403,0.0169796,0.000216852
3.35,0.167383,0.150403,0.0169796,0.000216852
3.352,0.167383,0.150405,0.0169779,0.000210048
3.354,0.167383,0.150405,0.0169779,0.000210048
3.356,0.167383,0.150405,0.016977,0.000206517
3.358,0.167383,0.150405,0.016977,0.000206517
3.36,0.167383,0.150406,0.0169766,0.000204621
3.362,0.167383,0.150407,0.0169758,0.000200794
3.364,0.167383,0.150407,0.0169754,0.000198858
3.366,0.167383,0.150407,0.016975,0.000196907
3.368,0.167383,0.150407,0.016975,0.000196907
3.37,0.167383,0.150409,0.0169739,0.000190951
3.372,0.167383,0.150409,0.0169735,0.000188984
3.374,0.167383,0.150409,0.0169731,0.000186936
3.376,0.167383,0.15041,0.0169727,0.000184871
3.378,0.167383,0.15041,0.0169724,0.000182791
3.38,0.167383,0.150411,0.016972,0.000180693
3.382,0.167383,0.150411,0.0169716,0.000178579
3.384,0.167383,0.150412,0.0169709,0.0001743
3.386,0.167383,0.150412,0.0169706,0.000172135
3.388,0.167383,0.150412,0.0169703,0.000169954
3.39,0.167383,0.150412,0.0169703,0.000169954
3.392,0.167383,0.150413,0.0169696,0.000165541
3.394,0.167383,0.150413,0.0169693,0.00016331
3.396,0.167383,0.150414,0.016969,0.000161063
3.398,0.167383,0.150414,0.0169686,0.000158801
3.4,0.167383,0.150414,0.0169683,0.000156522
3.402,0.167383,0.150415,0.0169677,0.00015192
3.404,0.167383,0.150415,0.0169677,0.00015192
3.406,0.167383,0.150415,0.0169674,0.000149597
3.408,0.167383,0.150416,0.0169668,0.000144906
3.41,0.167383,0.150416,0.0169668,0.000144906
3.412,0.167383,0.150416,0.0169665,0.00014254
3.414,0.167383,0.150417,0.0169652,0.000130597
3.416,0.167383,0.150417,0.0169652,0.000130597
3.418,0.167383,0.150418,0.0169647,0.000125666
3.42,0.167383,0.150418,0.0169644,0.000123188
3.422,0.167383,0.150418,0.0169642,0.0001207
3.424,0.167383,0.150419,0.0169637,0.000115698
3.426,0.167383,0.150419,0.0169637,0.000115698
3.428,0.167383,0.150419,0.0169633,0.00011066
3.43,0.167383,0.150419,0.0169631,0.000108128
3.432,0.167383,0.15042,0.0169629,0.000105586
3.434,0.167383,0.15042,0.0169626,0.000103037
3.436,0.167383,0.15042,0.0169624,0.000100479
3.438,0.167383,0.15042,0.0169622,9.79128e-05
3.44,0.167383,0.150421,0.0169619,9.27579e-05
3.442,0.167383,0.150421,0.0169619,9.27579e-05
3.444,0.167383,0.150421,0.0169617,9.01696e-05
3.446,0.167383,0.150421,0.0169615,8.75744e-05
3.448,0.167383,0.150421,0.0169614,8.49726e-05
3.45,0.167383,0.150421,0.016961,7.97506e-05
3.452,0.167383,0.150422,0.0169609,7.7131e-05
3.454,0.167383,0.150422,0.0169607,7.45061e-05
3.456,0.167383,0.150422,0.0169606,7.18763e-05
3.458,0.167383,0.150422,0.0169602,6.39674e-05
3.46,0.167383,0.150423,0.0169599,5.86678e-05
3.462,0.167383,0.150423,0.0169598,5.60139e-05
3.464,0.167383,0.150423,0.0169597,5.33578e-05
3.466,0.167383,0.150423,0.0169596,5.06997e-05
3.468,0.167383,0.150423,0.0169596,5.06997e-05
3.47,0.167383,0.150423,0.0169593,4.00527e-05
3.472,0.167383,0.150423,0.0169592,3.7387e-05
3.474,0.167383,0.150423,0.0169591,3.47224e-05
3.476,0.167383,0.150423,0.0169591,3.20582e-05
3.478,0.167383,0.150424,0.016959,2.93947e-05
3.48,0.167383,0.150424,0.0169589,2.6732e-05
3.482,0.167383,0.150424,0.0169589,2.40706e-05
3.484,0.167383,0.150424,0.0169588,1.87528e-05
3.486,0.167383,0.150424,0.0169588,1.87528e-05
3.488,0.167383,0.150424,0.0169588,1.34436e-05
3.49,0.167383,0.150424,0.0169588,1.34436e-05
3.492,0.167383,0.150424,0.0169587,8.14575e-06
3.494,0.167383,0.150424,0.0169587,5.50191e-06
3.496,0.167383,0.150424,0.0169587,2.8619e-06
3.498,0.167383,0.150424,0.0169587,-2.40528e-06
3.5,0.167383,0.150424,0.0169587,-2.40528e-06
3.502,0.167383,0.150424,0.0169587,-7.6531e-06
3.504,0.167383,0.150424,0.0169587,-7.6531e-06
3.506,0.167383,0.150424,0.0169588,-1.28789e-05
3.508,0.167383,0.150424,0.0169588,-1.28789e-05
3.51,0.167383,0.150424,0.0169588,-1.28789e-05
3.512,0.167383,0.150424,0.016959,-2.58914e-05
3.514,0.167383,0.150424,0.016959,-2.58914e-05
3.516,0.167383,0.150423,0.0169591,-3.10615e-05
3.518,0.167383,0.150423,0.0169592,-3.35985e-05
3.52,0.167383,0.150423,0.0169592,-3.61285e-05
3.522,0.167383,0.150423,0.0169592,-3.61285e-05
3.524,0.167383,0.150423,0.0169594,-4.11656e-05
3.526,0.167383,0.150423,0.0169595,-4.36716e-05
3.528,0.167383,0.150423,0.0169597,-4.86561e-05
3.53,0.167383,0.150423,0.0169597,-4.86561e-05
3.532,0.167383,0.150423,0.0169598,-5.11336e-05
3.534,0.167383,0.150423,0.01696,-5.60572e-05
3.536,0.167383,0.150422,0.0169601,-5.85024e-05
3.538,0.167383,0.150422,0.0169602,-6.09361e-05
3.54,0.167383,0.150422,0.0169602,-6.09361e-05
3.542,0.167383,0.150422,0.0169605,-6.57673e-05
3.544,0.167383,0.150422,0.0169606,-6.81641e-05
3.546,0.167383,0.150422,0.0169609,-7.29184e-05
3.548,0.167383,0.150422,0.0169609,-7.29184e-05
3.55,0.167383,0.150421,0.0169611,-7.52753e-05
3.552,0.167383,0.150421,0.0169614,-7.99468e-05
3.554,0.167383,0.150421,0.0169614,-7.99468e-05
3.556,0.167383,0.150421,0.0169615,-8.22608e-05
3.558,0.167383,0.150421,0.0169619,-8.68437e-05
3.56,0.167383,0.150421,0.0169619,-8.68437e-05
3.562,0.167383,0.15042,0.0169626,-9.59417e-05
3.564,0.167383,0.15042,0.0169628,-9.81267e-05
3.566,0.167383,0.150419,0.0169632,-0.000102452
3.568,0.167383,0.150419,0.0169634,-0.000104593
3.57,0.167383,0.150419,0.0169634,-0.000104593
3.572,0.167383,0.150418,0.0169643,-0.000113035
3.574,0.167383,0.150418,0.0169643,-0.000113035
3.576,0.167383,0.150418,0.0169648,-0.000117193
3.578,0.167383,0.150417,0.016965,-0.000119193
3.58,0.167383,0.150417,0.0169653,-0.000121176
3.582,0.167383,0.150417,0.0169655,-0.000123142
3.584,0.167383,0.150416,0.016966,-0.00012702
3.586,0.167383,0.150416,0.016966,-0.00012702
3.588,0.167383,0.150416,0.0169663,-0.000128931
3.59,0.167383,0.150416,0.0169668,-0.000132694
3.592,0.167383,0.150415,0.0169671,-0.000134545
3.594,0.167383,0.150415,0.0169671,-0.000134545
3.596,0.167383,0.150415,0.0169673,-0.000136376
3.598,0.167383,0.150415,0.0169679,-0.000139973
3.6,0.167383,0.150414,0.0169682,-0.000141739
3.602,0.167383,0.150414,0.0169688,-0.000145204
3.604,0.167383,0.150414,0.0169688,-0.000145204
3.606,0.167383,0.150413,0.0169691,-0.000146903
3.608,0.167383,0.150413,0.0169697,-0.000150231
3.61,0.167383,0.150413,0.0169697,-0.000150231
3.612,0.167383,0.150413,0.01697,-0.000151861
3.614,0.167383,0.150412,0.0169706,-0.000155048
3.616,0.167383,0.150411,0.0169712,-0.000158139
3.618,0.167383,0.150411,0.0169712,-0.000158139
3.62,0.167383,0.150411,0.0169715,-0.000159648
3.622,0.167383,0.15041,0.0169722,-0.000162592
3.624,0.167383,0.15041,0.0169725,-0.000164086
3.626,0.167383,0.15041,0.0169728,-0.000165486
3.628,0.167383,0.150409,0.0169732,-0.000166861
3.63,0.167383,0.150409,0.0169735,-0.000168212
3.632,0.167383,0.150408,0.0169742,-0.00017084
3.634,0.167383,0.150408,0.0169742,-0.00017084
3.636,0.167383,0.150408,0.0169749,-0.000173366
3.638,0.167383,0.150407,0.0169752,-0.000174591
3.64,0.167383,0.150407,0.0169756,-0.000175789
3.642,0.167383,0.150407,0.0169759,-0.000176961
3.644,0.167383,0.150406,0.0169763,-0.000178106
3.646,0.167383,0.150406,0.0169766,-0.000179225
3.648,0.167383,0.150406,0.016977,-0.000180317
3.65,0.167383,0.150405,0.0169777,-0.000182419
3.652,0.167383,0.150405,0.0169777,-0.000182419
3.654,0.167383,0.150404,0.0169785,-0.000184411
3.656,0.167383,0.150404,0.0169788,-0.000185365
3.658,0.167383,0.150404,0.0169788,-0.000185365
3.66,0.167383,0.150404,0.0169788,-0.000185365
3.662,0.167383,0.150404,0.0169788,-0.000185365
3.664,0.167383,0.150402,0.0169803,-0.000189086
3.666,0.167383,0.150402,0.0169807,-0.000190064
3.668,0.167383,0.150401,0.0169815,-0.000191503
3.67,0.167383,0.150401,0.0169815,-0.000191503
3.672,0.167383,0.1504,0.0169823,-0.000192858
3.674,0.167383,0.1504,0.0169826,-0.000193501
3.676,0.167383,0.150399,0.0169838,-0.000195282
3.678,0.167383,0.150399,0.0169838,-0.000195282
3.68,0.167383,0.150398,0.0169842,-0.000195888
3.682,0.167383,0.150398,0.016985,-0.000196871
3.684,0.167383,0.150397,0.0169854,-0.000197323
3.686,0.167383,0.150397,0.0169858,-0.000197748
3.688,0.167383,0.150396,0.0169862,-0.000198146
3.69,0.167383,0.150396,0.0169866,-0.000198517
3.692,0.167383,0.150396,0.016987,-0.000198859
3.694,0.167383,0.150395,0.0169874,-0.000199173
3.696,0.167383,0.150395,0.0169878,-0.000199459
3.698,0.167383,0.150394,0.0169886,-0.000199943
3.7,0.167383,0.150394,0.0169886,-0.000199943
3.702,0.167383,0.150394,0.016989,-0.000200142
3.704,0.167383,0.150393,0.0169898,-0.000200453
3.706,0.167383,0.150392,0.0169902,-0.000200564
3.708,0.167383,0.150392,0.0169906,-0.000200646
3.71,0.167383,0.150392,0.016991,-0.000200699
3.712,0.167383,0.150391,0.0169914,-0.000200722
3.714,0.167383,0.150391,0.0169918,-0.000200716
3.716,0.167383,0.15039,0.016993,-0.00020052
3.718,0.167383,0.150389,0.0169934,-0.000200396
3.72,0.167383,0.150388,0.0169942,-0.000200059
3.722,0.167383,0.150388,0.0169946,-0.000199847
3.724,0.167383,0.150388,0.016995,-0.000199605
3.726,0.167383,0.150387,0.0169954,-0.000199334
3.728,0.167383,0.150387,0.0169958,-0.000199033
3.73,0.167383,0.150386,0.0169962,-0.000198703
3.732,0.167383,0.150386,0.0169966,-0.000198344
3.734,0.167383,0.150385,0.0169974,-0.000197538
3.736,0.167383,0.150385,0.0169978,-0.000197092
3.738,0.167383,0.150385,0.0169978,-0.000197092
3.74,0.167383,0.150384,0.0169985,-0.000196112
3.742,0.167383,0.150384,0.0169985,-0.000196112
3.744,0.167383,0.150383,0.0169993,-0.000195016
3.746,0.167383,0.150383,0.0169997,-0.000194425
3.748,0.167383,0.150382,0.0170001,-0.000193806
3.75,0.167383,0.150382,0.0170005,-0.000193158
3.752,0.167383,0.150382,0.0170009,-0.000192481
3.754,0.167383,0.150381,0.0170013,-0.000191777
3.756,0.167383,0.150381,0.0170016,-0.000191044
3.758,0.167383,0.15038,0.017002,-0.000190282
3.76,0.167383,0.15038,0.0170024,-0.000189493
3.762,0.167383,0.150378,0.0170043,-0.000185277
3.764,0.167383,0.150378,0.0170046,-0.000184298
3.766,0.167383,0.150378,0.017005,-0.000183295
3.768,0.167383,0.150377,0.0170054,-0.000182269
3.77,0.167383,0.150377,0.0170057,-0.000181219
3.772,0.167383,0.150376,0.0170061,-0.000180144
3.774,0.167383,0.150376,0.0170068,-0.000177921
3.776,0.167383,0.150376,0.0170068,-0.000177921
3.778,0.167383,0.150376,0.0170068,-0.000177921
3.78,0.167383,0.150375,0.0170079,-0.000174399
3.782,0.167383,0.150374,0.0170085,-0.000171926
3.784,0.167383,0.150374,0.0170085,-0.000171926
3.786,0.167383,0.150374,0.0170089,-0.000170652
3.788,0.167383,0.150373,0.0170096,-0.000168029
3.79,0.167383,0.150373,0.0170099,-0.00016668
3.792,0.167383,0.150372,0.0170102,-0.000165307
3.794,0.167383,0.150372,0.0170106,-0.00016391
3.796,0.167383,0.150372,0.0170109,-0.000162488
3.798,0.167383,0.150371,0.0170112,-0.000161043
3.8,0.167383,0.150371,0.0170115,-0.000159573
3.802,0.167383,0.150371,0.0170118,-0.00015808
3.804,0.167383,0.15037,0.0170121,-0.000156563
3.806,0.167383,0.15037,0.0170128,-0.00015346
3.808,0.167383,0.150369,0.0170131,-0.000151874
3.81,0.167383,0.150369,0.0170131,-0.000151874
3.812,0.167383,0.150369,0.0170137,-0.000148633
3.814,0.167383,0.150369,0.017014,-0.00014698
3.816,0.167383,0.150369,0.017014,-0.00014698
3.818,0.167383,0.150367,0.0170151,-0.000140177
3.82,0.167383,0.150367,0.0170154,-0.000138472
3.822,0.167383,0.150367,0.0170159,-0.000134859
3.824,0.167383,0.150366,0.0170162,-0.000133025
3.826,0.167383,0.150366,0.0170164,-0.000131172
3.828,0.167383,0.150366,0.0170167,-0.000129301
3.83,0.167383,0.150366,0.017017,-0.000127412
3.832,0.167383,0.150365,0.0170175,-0.000123577
3.834,0.167383,0.150365,0.0170177,-0.000121632
3.836,0.167383,0.150365,0.0170177,-0.000121632
3.838,0.167383,0.150365,0.0170179,-0.000119669
3.84,0.167383,0.150364,0.0170182,-0.000117688
3.842,0.167383,0.150364,0.0170186,-0.000113673
3.844,0.167383,0.150364,0.0170189,-0.000111639
3.846,0.167383,0.150363,0.0170191,-0.000109588
3.848,0.167383,0.150363,0.0170193,-0.000107521
3.85,0.167383,0.150363,0.0170195,-0.000105436
3.852,0.167383,0.150363,0.0170197,-0.000103335
3.854,0.167383,0.150363,0.0170199,-0.000101218
3.856,0.167383,0.150362,0.0170201,-9.90854e-05
3.858,0.167383,0.150362,0.0170203,-9.69369e-05
3.86,0.167383,0.150362,0.0170205,-9.47731e-05
3.862,0.167383,0.150362,0.0170209,-9.04005e-05
3.864,0.167383,0.150362,0.0170209,-9.04005e-05
3.866,0.167383,0.150361,0.0170215,-8.15095e-05
3.868,0.167383,0.150361,0.0170218,-7.69843e-05
3.87,0.167383,0.150361,0.017022,-7.46891e-05
3.872,0.167383,0.15036,0.0170221,-7.23825e-05
3.874,0.167383,0.15036,0.0170221,-7.23825e-05
3.876,0.167383,0.15036,0.0170226,-6.5396e-05
3.878,0.167383,0.15036,0.0170227,-6.30455e-05
3.88,0.167383,0.15036,0.0170228,-6.06845e-05
3.882,0.167383,0.15036,0.0170229,-5.83133e-05
3.884,0.167383,0.150359,0.017023,-5.59321e-05
3.886,0.167383,0.150359,0.0170231,-5.35413e-05
3.888,0.167383,0.150359,0.0170232,-5.1141e-05
3.89,0.167383,0.150359,0.0170233,-4.87316e-05
3.892,0.167383,0.150359,0.0170234,-4.63133e-05
3.894,0.167383,0.150359,0.0170236,-4.14514e-05
3.896,0.167383,0.150359,0.0170237,-3.90085e-05
3.898,0.167383,0.150359,0.0170237,-3.65579e-05
3.9,0.167383,0.150359,0.0170238,-3.41e-05
3.902,0.167383,0.150359,0.0170239,-3.16351e-05
3.904,0.167383,0.150359,0.0170239,-2.91636e-05
3.906,0.167383,0.150359,0.017024,-2.66857e-05
3.908,0.167383,0.150358,0.0170241,-2.17122e-05
3.91,0.167383,0.150358,0.0170241,-1.92172e-05
3.912,0.167383,0.150358,0.0170242,-1.67172e-05
3.914,0.167383,0.150358,0.0170242,-1.42125e-05
3.916,0.167383,0.150358,0.0170242,-1.42125e-05
3.918,0.167383,0.150358,0.0170242,-6.65559e-06
3.92,0.167383,0.150358,0.0170242,-1.5876e-06
3.922,0.167383,0.150358,0.0170242,3.47002e-06
3.924,0.167383,0.150358,0.0170242,5.99227e-06
3.926,0.167383,0.150358,0.0170242,8.51772e-06
3.928,0.167383,0.150358,0.0170242,1.10458e-05
3.93,0.167383,0.150358,0.0170241,1.61074e-05
3.932,0.167383,0.150358,0.0170241,1.61074e-05
3.934,0.167383,0.150358,0.0170241,2.11733e-05
3.936,0.167383,0.150358,0.017024,2.37067e-05
3.938,0.167383,0.150359,0.017024,2.62398e-05
3.94,0.167383,0.150359,0.0170239,2.87722e-05
3.942,0.167383,0.150359,0.0170238,3.13036e-05
3.944,0.167383,0.150359,0.0170238,3.38336e-05
3.946,0.167383,0.150359,0.0170236,3.88877e-05
3.948,0.167383,0.150359,0.0170236,3.88877e-05
3.95,0.167383,0.150359,0.0170235,4.14112e-05
3.952,0.167383,0.150359,0.0170234,4.64491e-05
3.954,0.167383,0.150359,0.0170233,4.89629e-05
3.956,0.167383,0.150359,0.0170231,5.14727e-05
3.958,0.167383,0.150359,0.017023,5.39783e-05
3.96,0.167383,0.15036,0.0170229,5.64793e-05
3.962,0.167383,0.15036,0.0170227,6.14662e-05
3.964,0.167383,0.15036,0.0170221,7.14281e-05
3.966,0.167383,0.15036,0.0170221,7.14281e-05
3.968,0.167383,0.150361,0.017022,7.38772e-05
3.97,0.167383,0.150361,0.0170218,7.63209e-05
3.972,0.167383,0.150361,0.0170214,8.36133e-05
3.974,0.167383,0.150361,0.0170212,8.60766e-05
3.976,0.167383,0.150362,0.0170208,9.08687e-05
3.978,0.167383,0.150362,0.0170208,9.08687e-05
3.98,0.167383,0.150362,0.0170204,9.56291e-05
3.982,0.167383,0.150362,0.0170203,9.79961e-05
3.984,0.167383,0.150362,0.01702,0.000100354
3.986,0.167383,0.150362,0.01702,0.000100354
3.988,0.167383,0.150363,0.0170196,0.000105038
3.99,0.167383,0.150363,0.0170194,0.000107364
3.992,0.167383,0.150363,0.0170192,0.000109679
3.994,0.167383,0.150364,0.017019,0.000111982
3.996,0.167383,0.150364,0.0170185,0.000116553
3.998,0.167383,0.150364,0.0170185,0.000116553
4,0.167383,0.150364,0.0170183,0.000118819
4.002,0.167383,0.150365,0.0170178,0.000123312
4.004,0.167383,0.150365,0.0170178,0.000123312
4.006,0.167383,0.150365,0.0170173,0.00012775
4.008,0.167383,0.150365,0.017017,0.000129947
4.01,0.167383,0.150365,0.017017,0.000129947
4.012,0.167383,0.150367,0.0170159,0.000138652
4.014,0.167383,0.150367,0.0170157,0.000140889
4.016,0.167383,0.150367,0.0170154,0.000142964
4.018,0.167383,0.150368,0.0170148,0.000147078
4.02,0.167383,0.150368,0.0170145,0.000149116
4.022,0.167383,0.150368,0.0170142,0.00015114
4.024,0.167383,0.150369,0.0170139,0.000153149
4.026,0.167383,0.150369,0.0170136,0.000155142
4.028,0.167383,0.150369,0.0170133,0.000157119
4.03,0.167383,0.15037,0.0170129,0.00015908
4.032,0.167383,0.15037,0.0170126,0.000161023
4.034,0.167383,0.15037,0.0170123,0.000162948
4.036,0.167383,0.150371,0.0170116,0.000166743
4.038,0.167383,0.150371,0.0170113,0.000168612
4.04,0.167383,0.150372,0.017011,0.000170462
4.042,0.167383,0.150372,0.017011,0.000170462
4.044,0.167383,0.150372,0.0170103,0.000174102
4.046,0.167383,0.150373,0.0170099,0.000175892
4.048,0.167383,0.150373,0.0170096,0.000177661
4.05,0.167383,0.150373,0.0170092,0.000179409
4.052,0.167383,0.150374,0.0170085,0.000182843
4.054,0.167383,0.150374,0.0170081,0.000184527
4.056,0.167383,0.150374,0.0170081,0.000184527
4.058,0.167383,0.150374,0.0170081,0.000184527
4.06,0.167383,0.150376,0.0170062,0.000192795
4.062,0.167383,0.150376,0.0170062,0.000192795
4.064,0.167383,0.150377,0.0170054,0.000195879
4.066,0.167383,0.150377,0.0170054,0.000195879
4.068,0.167383,0.150378,0.0170046,0.000198868
4.07,0.167383,0.150378,0.0170042,0.000200291
4.072,0.167383,0.150379,0.0170038,0.000201695
4.074,0.167383,0.15038,0.0170026,0.00020579
4.076,0.167383,0.15038,0.0170022,0.000207191
4.078,0.167383,0.150381,0.0170013,0.000209741
4.08,0.167383,0.150381,0.0170013,0.000209741
4.082,0.167383,0.150382,0.0170005,0.000212203
4.084,0.167383,0.150382,0.0170001,0.0002134
4.086,0.167383,0.150383,0.0169996,0.000214574
4.088,0.167383,0.150383,0.0169992,0.000215722
4.09,0.167383,0.150384,0.0169988,0.000216847
4.092,0.167383,0.150384,0.0169983,0.000217946
4.094,0.167383,0.150385,0.0169979,0.00021902
4.096,0.167383,0.150385,0.0169975,0.000220068
4.098,0.167383,0.150386,0.0169966,0.000222086
4.1,0.167383,0.150386,0.0169961,0.000223055
4.102,0.167383,0.150386,0.0169961,0.000223055
4.104,0.167383,0.150387,0.0169952,0.000224913
4.106,0.167383,0.150388,0.0169948,0.000225802
4.108,0.167383,0.150388,0.0169943,0.000226664
4.11,0.167383,0.150389,0.0169939,0.000227498
4.112,0.167383,0.150389,0.0169939,0.000227498
4.114,0.167383,0.150391,0.0169916,0.00023149
4.116,0.167383,0.150391,0.0169911,0.000232366
4.118,0.167383,0.150392,0.0169902,0.000233475
4.12,0.167383,0.150392,0.0169902,0.000233475
4.122,0.167383,0.150393,0.0169892,0.000234515
4.124,0.167383,0.150394,0.0169888,0.000235005
4.126,0.167383,0.150394,0.0169883,0.000235472
4.128,0.167383,0.150395,0.0169878,0.000235917
4.13,0.167383,0.150395,0.0169874,0.000236337
4.132,0.167383,0.150396,0.0169869,0.000236732
4.134,0.167383,0.150396,0.0169864,0.0002371
4.136,0.167383,0.150397,0.0169859,0.000237443
4.138,0.167383,0.150397,0.0169855,0.000237758
4.14,0.167383,0.150398,0.016985,0.000238046
4.142,0.167383,0.150398,0.0169845,0.000238306
4.144,0.167383,0.150399,0.0169836,0.000238742
4.146,0.167383,0.150399,0.0169836,0.000238742
4.148,0.167383,0.1504,0.0169826,0.000239065
4.15,0.167383,0.1504,0.0169821,0.000239184
4.152,0.167383,0.150401,0.0169816,0.000239273
4.154,0.167383,0.150402,0.0169807,0.000239366
4.156,0.167383,0.150402,0.0169807,0.000239366
4.158,0.167383,0.150402,0.0169802,0.000239369
4.16,0.167383,0.150404,0.0169783,0.00023909
4.162,0.167383,0.150404,0.0169783,0.00023909
4.164,0.167383,0.150405,0.0169773,0.000238843
4.166,0.167383,0.150406,0.0169768,0.00023863
4.168,0.167383,0.150406,0.0169764,0.000238391
4.17,0.167383,0.150407,0.0169759,0.000238124
4.172,0.167383,0.150407,0.0169759,0.000238124
4.174,0.167383,0.150407,0.0169759,0.000238124
4.176,0.167383,0.150408,0.0169745,0.000237158
4.178,0.167383,0.150409,0.016974,0.000236857
4.18,0.167383,0.150409,0.0169735,0.000236437
4.182,0.167383,0.15041,0.0169726,0.000235519
4.184,0.167383,0.15041,0.0169721,0.000235019
4.186,0.167383,0.15041,0.0169721,0.000235019
4.188,0.167383,0.150411,0.0169712,0.00023394
4.19,0.167383,0.150412,0.0169707,0.000233359
4.192,0.167383,0.150412,0.0169702,0.000232751
4.194,0.167383,0.150413,0.0169698,0.000232115
4.196,0.167383,0.150413,0.0169693,0.000231451
4.198,0.167383,0.150414,0.0169689,0.000230759
4.2,0.167383,0.150415,0.0169679,0.000229293
4.202,0.167383,0.150415,0.0169675,0.000228519
4.204,0.167383,0.150415,0.016967,0.000227717
4.206,0.167383,0.150416,0.0169666,0.000226887
4.208,0.167383,0.150416,0.0169661,0.00022603
4.21,0.167383,0.150417,0.0169657,0.000225145
4.212,0.167383,0.150417,0.0169652,0.000224234
4.214,0.167383,0.150418,0.0169648,0.000223294
4.216,0.167383,0.150418,0.0169643,0.000222328
4.218,0.167383,0.150418,0.0169643,0.000222328
4.22,0.167383,0.15042,0.0169621,0.00021745
4.222,0.167383,0.150421,0.0169617,0.00021626
4.224,0.167383,0.150421,0.0169617,0.00021626
4.226,0.167383,0.150422,0.0169608,0.000213833
4.228,0.167383,0.150422,0.0169604,0.000212593
4.23,0.167383,0.150423,0.01696,0.000211333
4.232,0.167383,0.150423,0.0169596,0.000210054
4.234,0.167383,0.150423,0.0169592,0.000208753
4.236,0.167383,0.150424,0.0169583,0.000206086
4.238,0.167383,0.150425,0.0169579,0.000204718
4.24,0.167383,0.150425,0.0169575,0.000203328
4.242,0.167383,0.150425,0.0169571,0.000201915
4.244,0.167383,0.150425,0.0169571,0.000201915
4.246,0.167383,0.150427,0.0169559,0.000197536
4.248,0.167383,0.150427,0.0169559,0.000197536
4.25,0.167383,0.150427,0.0169555,0.00019603
4.252,0.167383,0.150427,0.0169551,0.0001945
4.254,0.167383,0.150428,0.0169547,0.000192948
4.256,0.167383,0.150429,0.016954,0.000189776
4.258,0.167383,0.150429,0.0169536,0.000188156
4.26,0.167383,0.150429,0.0169532,0.000186513
4.262,0.167383,0.150429,0.0169532,0.000186513
4.264,0.167383,0.150431,0.0169518,0.000179771
4.266,0.167383,0.150431,0.0169514,0.000178108
4.268,0.167383,0.150432,0.0169507,0.000174495
4.27,0.167383,0.150432,0.0169504,0.000172663
4.272,0.167383,0.150432,0.01695,0.000170813
4.274,0.167383,0.150433,0.0169497,0.000168946
4.276,0.167383,0.150433,0.0169497,0.000168946
4.278,0.167383,0.150433,0.016949,0.000165158
4.28,0.167383,0.150434,0.0169487,0.000163279
4.282,0.167383,0.150434,0.0169481,0.000159367
4.284,0.167383,0.150435,0.0169478,0.000157385
4.286,0.167383,0.150435,0.0169478,0.000157385
4.288,0.167383,0.150435,0.0169474,0.000155386
4.29,0.167383,0.150436,0.0169468,0.000151338
4.292,0.167383,0.150436,0.0169465,0.000149289
4.294,0.167383,0.150436,0.0169462,0.000147222
4.296,0.167383,0.150437,0.016946,0.000145139
4.298,0.167383,0.150437,0.0169457,0.000143039
4.3,0.167383,0.150437,0.0169451,0.00013879
4.302,0.167383,0.150438,0.0169448,0.000136642
4.304,0.167383,0.150438,0.0169446,0.000134477
4.306,0.167383,0.150438,0.0169443,0.000132298
4.308,0.167383,0.150438,0.016944,0.000130103
4.31,0.167383,0.150439,0.0169438,0.000127893
4.312,0.167383,0.150439,0.0169433,0.000123429
4.314,0.167383,0.150439,0.0169433,0.000123429
4.316,0.167383,0.150439,0.016943,0.000121176
4.318,0.167383,0.150439,0.016943,0.000121176
4.32,0.167383,0.15044,0.0169426,0.000116628
4.322,0.167383,0.150441,0.0169419,0.000109729
4.324,0.167383,0.150441,0.0169415,0.000105079
4.326,0.167383,0.150441,0.0169413,0.000102713
4.328,0.167383,0.150441,0.0169411,0.000100337
4.33,0.167383,0.150442,0.0169409,9.79516e-05
4.332,0.167383,0.150442,0.0169405,9.31519e-05
4.334,0.167383,0.150442,0.0169405,9.31519e-05
4.336,0.167383,0.150442,0.0169403,9.07377e-05
4.338,0.167383,0.150443,0.01694,8.58816e-05
4.34,0.167383,0.150443,0.0169398,8.344e-05
4.342,0.167383,0.150443,0.0169396,8.09897e-05
4.344,0.167383,0.150443,0.0169395,7.8531e-05
4.346,0.167383,0.150443,0.0169393,7.60367e-05
4.348,0.167383,0.150443,0.016939,7.10883e-05
4.35,0.167383,0.150444,0.0169389,6.86018e-05
4.352,0.167383,0.150444,0.0169389,6.86018e-05
4.354,0.167383,0.150444,0.0169386,6.36063e-05
4.356,0.167383,0.150444,0.0169386,6.36063e-05
4.358,0.167383,0.150444,0.0169385,6.1098e-05
4.36,0.167383,0.150444,0.0169383,5.60626e-05
4.362,0.167383,0.150444,0.0169382,5.35362e-05
4.364,0.167383,0.150445,0.0169378,4.3378e-05
4.366,0.167383,0.150445,0.0169377,4.08233e-05
4.368,0.167383,0.150445,0.0169376,3.82684e-05
4.37,0.167383,0.150445,0.0169376,3.5711e-05
4.372,0.167383,0.150445,0.0169375,3.31513e-05
4.374,0.167383,0.150445,0.0169374,3.05895e-05
4.376,0.167383,0.150445,0.0169373,2.28852e-05
4.378,0.167383,0.150445,0.0169373,2.0318e-05
4.38,0.167383,0.150445,0.0169372,1.77499e-05
4.382,0.167383,0.150445,0.0169372,1.51812e-05
4.384,0.167383,0.150445,0.0169371,1.00432e-05
4.386,0.167383,0.150445,0.0169371,7.47454e-06
4.388,0.167383,0.150445,0.0169371,4.90659e-06
4.39,0.167383,0.150445,0.0169371,2.33966e-06
4.392,0.167383,0.150445,0.0169371,-2.25922e-07
4.394,0.167383,0.150445,0.0169371,-2.7898e-06
4.396,0.167383,0.150445,0.0169371,-5.35165e-06
4.398,0.167383,0.150445,0.0169372,-7.91112e-06
4.4,0.167383,0.150445,0.0169372,-1.04679e-05
4.402,0.167383,0.150445,0.0169372,-1.30216e-05
4.404,0.167383,0.150445,0.0169373,-1.81185e-05
4.406,0.167383,0.150445,0.0169373,-1.81185e-05
4.408,0.167383,0.150445,0.0169373,-2.31793e-05
4.41,0.167383,0.150445,0.0169374,-2.57157e-05
4.412,0.167383,0.150445,0.0169374,-2.57157e-05
4.414,0.167383,0.150445,0.0169375,-3.07717e-05
4.416,0.167383,0.150445,0.0169376,-3.32908e-05
4.418,0.167383,0.150445,0.0169377,-3.83097e-05
4.42,0.167383,0.150445,0.0169377,-3.83097e-05
4.422,0.167383,0.150445,0.0169378,-4.08089e-05
4.424,0.167383,0.150444,0.0169381,-4.82933e-05
4.426,0.167383,0.150444,0.0169382,-5.07573e-05
4.428,0.167383,0.150444,0.0169384,-5.56614e-05
4.43,0.167383,0.150444,0.0169384,-5.56614e-05
4.432,0.167383,0.150444,0.0169386,-6.05317e-05
4.434,0.167383,0.150444,0.0169388,-6.29532e-05
4.436,0.167383,0.150444,0.0169389,-6.53651e-05
4.438,0.167383,0.150443,0.016939,-6.7767e-05
4.44,0.167383,0.150443,0.0169392,-7.01586e-05
4.442,0.167383,0.150443,0.0169395,-7.49094e-05
4.444,0.167383,0.150443,0.0169395,-7.49094e-05
4.446,0.167383,0.150443,0.0169396,-7.7268e-05
4.448,0.167383,0.150443,0.01694,-8.19499e-05
4.45,0.167383,0.150442,0.0169401,-8.42726e-05
4.452,0.167383,0.150442,0.0169403,-8.65827e-05
4.454,0.167383,0.150442,0.0169407,-9.11638e-05
4.456,0.167383,0.150442,0.0169407,-9.11638e-05
4.458,0.167383,0.150442,0.0169408,-9.34343e-05
4.46,0.167383,0.150441,0.0169412,-9.79335e-05
4.462,0.167383,0.150441,0.0169412,-9.79335e-05
4.464,0.167383,0.150441,0.0169414,-0.000100162
4.466,0.167383,0.150441,0.0169418,-0.000104574
4.468,0.167383,0.15044,0.0169421,-0.000106757
4.47,0.167383,0.15044,0.0169421,-0.000106757
4.472,0.167383,0.15044,0.0169421,-0.000106757
4.474,0.167383,0.15044,0.0169421,-0.000106757
4.476,0.167383,0.15044,0.0169429,-0.000115474
4.478,0.167383,0.150439,0.0169432,-0.000117706
4.48,0.167383,0.150439,0.0169434,-0.000119748
4.482,0.167383,0.150439,0.0169439,-0.000123799
4.484,0.167383,0.150438,0.0169442,-0.000125806
4.486,0.167383,0.150438,0.0169442,-0.000125806
4.488,0.167383,0.150438,0.0169444,-0.0001278
4.49,0.167383,0.150437,0.0169452,-0.000133745
4.492,0.167383,0.150437,0.0169455,-0.000135666
4.494,0.167383,0.150437,0.0169458,-0.000137571
4.496,0.167383,0.150436,0.0169463,-0.000141329
4.498,0.167383,0.150436,0.0169463,-0.000141329
4.5,0.167383,0.150436,0.0169466,-0.000143182
4.502,0.167383,0.150436,0.0169469,-0.000145016
4.504,0.167383,0.150435,0.0169475,-0.000148625
4.506,0.167383,0.150435,0.0169478,-0.0001504
4.508,0.167383,0.150434,0.0169481,-0.000152155
4.51,0.167383,0.150434,0.0169487,-0.000155602
4.512,0.167383,0.150434,0.0169487,-0.000155602
4.514,0.167383,0.150433,0.016949,-0.000157293
4.516,0.167383,0.150433,0.0169493,-0.000158963
4.518,0.167383,0.150433,0.01695,-0.000162236
4.52,0.167383,0.150432,0.0169503,-0.000163839
4.522,0.167383,0.150432,0.0169507,-0.00016542
4.524,0.167383,0.150431,0.0169513,-0.000168511
4.526,0.167383,0.150431,0.0169513,-0.000168511
4.528,0.167383,0.15043,0.0169527,-0.000174598
4.53,0.167383,0.150429,0.0169534,-0.000177513
4.532,0.167383,0.150429,0.0169538,-0.00017883
4.534,0.167383,0.150429,0.0169538,-0.00017883
4.536,0.167383,0.150428,0.0169545,-0.000181413
4.538,0.167383,0.150428,0.0169549,-0.000182676
4.54,0.167383,0.150427,0.0169552,-0.000183919
4.542,0.167383,0.150427,0.016956,-0.000186339
4.544,0.167383,0.150427,0.016956,-0.000186339
4.546,0.167383,0.150426,0.0169563,-0.000187515
4.548,0.167383,0.150425,0.0169571,-0.000189796
4.55,0.167383,0.150425,0.0169571,-0.000189796
4.552,0.167383,0.150425,0.0169579,-0.000191977
4.554,0.167383,0.150424,0.0169583,-0.00019303
4.556,0.167383,0.150424,0.0169586,-0.000194058
4.558,0.167383,0.150423,0.016959,-0.000195059
4.56,0.167383,0.150423,0.0169594,-0.000196034
4.562,0.167383,0.150423,0.0169598,-0.000196982
4.564,0.167383,0.150422,0.0169602,-0.000197904
4.566,0.167383,0.150422,0.0169606,-0.000198799
4.568,0.167383,0.150421,0.0169614,-0.000200508
4.57,0.167383,0.150421,0.0169614,-0.000200508
4.572,0.167383,0.150421,0.0169618,-0.000201321
4.574,0.167383,0.150421,0.0169618,-0.000201321
4.576,0.167383,0.150419,0.016963,-0.000203596
4.578,0.167383,0.150419,0.0169634,-0.000204298
4.58,0.167383,0.150419,0.0169638,-0.000204973
4.582,0.167383,0.150418,0.0169643,-0.00020562
4.584,0.167383,0.150418,0.0169647,-0.000206238
4.586,0.167383,0.150417,0.0169655,-0.00020739
4.588,0.167383,0.150417,0.0169655,-0.00020739
4.59,0.167383,0.150417,0.0169659,-0.000207924
4.592,0.167383,0.150415,0.0169672,-0.000209424
4.594,0.167383,0.150414,0.016968,-0.00021033
4.596,0.167383,0.150414,0.0169684,-0.000210663
4.598,0.167383,0.150413,0.0169693,-0.000210973
4.6,0.167383,0.150413,0.0169693,-0.000211258
4.602,0.167383,0.150413,0.0169697,-0.000211449
4.604,0.167383,0.150412,0.0169701,-0.000211693
4.606,0.167383,0.150412,0.0169705,-0.00021191
4.608,0.167383,0.150411,0.0169714,-0.000212255
4.61,0.167383,0.150411,0.0169718,-0.000212385
4.612,0.167383,0.15041,0.0169722,-0.000212486
4.614,0.167383,0.15041,0.0169722,-0.000212486
4.616,0.167383,0.150409,0.0169731,-0.0002126
4.618,0.167383,0.150409,0.0169735,-0.000212614
4.62,0.167383,0.150409,0.0169739,-0.000212599
4.622,0.167383,0.150408,0.0169744,-0.000212554
4.624,0.167383,0.150408,0.0169748,-0.000212481
4.626,0.167383,0.150407,0.0169756,-0.000212248
4.628,0.167383,0.150407,0.0169756,-0.000212248
4.63,0.167383,0.150405,0.0169773,-0.000211434
4.632,0.167383,0.150404,0.0169782,-0.000210853
4.634,0.167383,0.150404,0.0169786,-0.00021052
4.636,0.167383,0.150403,0.016979,-0.000210158
4.638,0.167383,0.150403,0.0169794,-0.000209767
4.64,0.167383,0.150403,0.0169799,-0.000209348
4.642,0.167383,0.150402,0.0169803,-0.0002089
4.644,0.167383,0.150402,0.0169807,-0.000208423
4.646,0.167383,0.150401,0.0169811,-0.000207918
4.648,0.167383,0.150401,0.0169815,-0.000207385
4.65,0.167383,0.1504,0.0169823,-0.000206234
4.652,0.167383,0.1504,0.0169828,-0.000205616
4.654,0.167383,0.150399,0.0169832,-0.000204969
4.656,0.167383,0.150399,0.0169836,-0.000204295
4.658,0.167383,0.150399,0.016984,-0.000203593
4.66,0.167383,0.150398,0.0169844,-0.000202864
4.662,0.167383,0.150398,0.0169848,-0.000202106
4.664,0.167383,0.150397,0.0169856,-0.000200508
4.666,0.167383,0.150397,0.0169856,-0.000200508
4.668,0.167383,0.150397,0.016986,-0.000199668
4.67,0.167383,0.150396,0.0169868,-0.000197906
4.672,0.167383,0.150396,0.0169868,-0.000197906
4.674,0.167383,0.150396,0.0169868,-0.000197906
4.676,0.167383,0.150395,0.0169872,-0.000196985
4.678,0.167383,0.150394,0.0169887,-0.000193187
4.68,0.167383,0.150393,0.0169895,-0.00019114
4.682,0.167383,0.150393,0.0169899,-0.00018999
4.684,0.167383,0.150392,0.0169906,-0.000187633
4.686,0.167383,0.150392,0.0169906,-0.000187633
4.688,0.167383,0.150391,0.0169917,-0.000183943
4.69,0.167383,0.15039,0.0169921,-0.000182718
4.692,0.167383,0.15039,0.0169925,-0.000181413
4.694,0.167383,0.150389,0.0169932,-0.000178736
4.696,0.167383,0.150389,0.0169932,-0.000178736
4.698,0.167383,0.150389,0.0169939,-0.000175971
4.7,0.167383,0.150389,0.0169939,-0.000175971
4.702,0.167383,0.150388,0.0169946,-0.000173116
4.704,0.167383,0.150388,0.016995,-0.000171655
4.706,0.167383,0.150387,0.0169953,-0.00017017
4.708,0.167383,0.150387,0.016996,-0.000167134
4.71,0.167383,0.150387,0.016996,-0.000167134
4.712,0.167383,0.150386,0.0169963,-0.000165582
4.714,0.167383,0.150386,0.0169966,-0.000164007
4.716,0.167383,0.150385,0.0169973,-0.000160792
4.718,0.167383,0.150385,0.0169976,-0.000159151
4.72,0.167383,0.150385,0.0169979,-0.000157489
4.722,0.167383,0.150384,0.0169982,-0.000155805
4.724,0.167383,0.150384,0.0169985,-0.000154099
4.726,0.167383,0.150384,0.0169988,-0.000152373
4.728,0.167383,0.150383,0.017,-0.000145357
4.73,0.167383,0.150382,0.0170003,-0.000143614
4.732,0.167383,0.150382,0.0170006,-0.000141733
4.734,0.167383,0.150382,0.0170009,-0.000139838
4.736,0.167383,0.150381,0.0170014,-0.000136003
4.738,0.167383,0.150381,0.0170017,-0.000134063
4.74,0.167383,0.150381,0.0170017,-0.000134063
4.742,0.167383,0.15038,0.0170022,-0.000130133
4.744,0.167383,0.15038,0.0170024,-0.000128144
4.746,0.167383,0.15038,0.0170027,-0.000126138
4.748,0.167383,0.15038,0.017003,-0.000124116
4.75,0.167383,0.150379,0.0170032,-0.000122077
4.752,0.167383,0.150379,0.0170034,-0.000120022
4.754,0.167383,0.150379,0.0170039,-0.000115864
4.756,0.167383,0.150378,0.0170041,-0.000113761
4.758,0.167383,0.150378,0.0170044,-0.000111643
4.76,0.167383,0.150378,0.0170044,-0.000111643
4.762,0.167383,0.150378,0.0170048,-0.00010736
4.764,0.167383,0.150378,0.017005,-0.000105196
4.766,0.167383,0.150377,0.0170052,-0.000103017
4.768,0.167383,0.150377,0.0170054,-0.000100823
4.77,0.167383,0.150377,0.0170056,-9.8616e-05
4.772,0.167383,0.150377,0.0170058,-9.63946e-05
4.774,0.167383,0.150376,0.0170065,-8.74103e-05
4.776,0.167383,0.150376,0.0170069,-8.2813e-05
4.778,0.167383,0.150375,0.017007,-8.04977e-05
4.78,0.167383,0.150375,0.0170072,-7.81716e-05
4.782,0.167383,0.150375,0.0170073,-7.58348e-05
4.784,0.167383,0.150375,0.0170075,-7.34875e-05
4.786,0.167383,0.150375,0.0170075,-7.34875e-05
4.788,0.167383,0.150375,0.0170078,-6.87621e-05
4.79,0.167383,0.150374,0.017008,-6.39974e-05
4.792,0.167383,0.150374,0.0170083,-5.91953e-05
4.794,0.167383,0.150374,0.0170083,-5.91953e-05
4.796,0.167383,0.150374,0.0170084,-5.6781e-05
4.798,0.167383,0.150374,0.0170086,-5.19273e-05
4.8,0.167383,0.150374,0.0170087,-4.94885e-05
4.802,0.167383,0.150374,0.0170088,-4.70421e-05
4.804,0.167383,0.150374,0.0170089,-4.45884e-05
4.806,0.167383,0.150374,0.0170089,-4.21278e-05
4.808,0.167383,0.150373,0.017009,-3.96606e-05
4.81,0.167383,0.150373,0.0170091,-3.7187e-05
4.812,0.167383,0.150373,0.0170092,-3.22222e-05
4.814,0.167383,0.150373,0.0170093,-2.97316e-05
4.816,0.167383,0.150373,0.0170093,-2.7236e-05
4.818,0.167383,0.150373,0.0170094,-2.47356e-05
4.82,0.167383,0.150373,0.0170095,-2.22308e-05
4.822,0.167383,0.150373,0.0170095,-1.9722e-05
4.824,0.167383,0.150373,0.0170095,-1.72094e-05
4.826,0.167383,0.150373,0.0170095,-1.72094e-05
4.828,0.167383,0.150373,0.0170096,-7.112e-06
4.83,0.167383,0.150373,0.0170096,-2.0344e-06
4.832,0.167383,0.150373,0.0170096,4.88676e-07
4.834,0.167383,0.150373,0.0170096,3.01399e-06
4.836,0.167383,0.150373,0.0170096,5.54101e-06
4.838,0.167383,0.150373,0.0170096,8.06927e-06
4.84,0.167383,0.150373,0.0170096,1.05983e-05
4.842,0.167383,0.150373,0.0170095,1.31277e-05
4.844,0.167383,0.150373,0.0170095,1.56569e-05
4.846,0.167383,0.150373,0.0170094,2.07136e-05
4.848,0.167383,0.150373,0.0170094,2.32403e-05
4.85,0.167383,0.150373,0.0170093,2.57653e-05
4.852,0.167383,0.150373,0.0170093,2.82883e-05
4.854,0.167383,0.150373,0.0170093,2.82883e-05
4.856,0.167383,0.150373,0.0170092,3.3327e-05
4.858,0.167383,0.150373,0.0170091,3.5842e-05
4.86,0.167383,0.150374,0.017009,3.83535e-05
4.862,0.167383,0.150374,0.0170089,4.08614e-05
4.864,0.167383,0.150374,0.0170087,4.58645e-05
4.866,0.167383,0.150374,0.0170086,4.83592e-05
4.868,0.167383,0.150374,0.0170085,5.08487e-05
4.87,0.167383,0.150374,0.0170084,5.33329e-05
4.872,0.167383,0.150375,0.017008,6.3241e-05
4.874,0.167383,0.150375,0.0170078,6.56879e-05
4.876,0.167383,0.150375,0.0170075,7.0562e-05
4.878,0.167383,0.150375,0.0170075,7.0562e-05
4.88,0.167383,0.150375,0.0170072,7.54069e-05
4.882,0.167383,0.150375,0.0170072,7.54069e-05
4.884,0.167383,0.150376,0.0170068,8.2612e-05
4.886,0.167383,0.150376,0.0170064,8.74075e-05
4.888,0.167383,0.150376,0.0170062,8.97649e-05
4.89,0.167383,0.150376,0.0170061,9.21131e-05
4.892,0.167383,0.150376,0.0170061,9.21131e-05
4.894,0.167383,0.150377,0.0170057,9.67799e-05
4.896,0.167383,0.150377,0.0170055,9.90976e-05
4.898,0.167383,0.150377,0.0170051,0.000103699
4.9,0.167383,0.150377,0.0170051,0.000103699
4.902,0.167383,0.150378,0.0170049,0.000105982
4.904,0.167383,0.150378,0.0170044,0.000110512
4.906,0.167383,0.150378,0.0170044,0.000110512
4.908,0.167383,0.150379,0.017004,0.000112757
4.91,0.167383,0.150379,0.0170037,0.000117169
4.912,0.167383,0.150379,0.0170035,0.00011938
4.914,0.167383,0.150379,0.0170035,0.00011938
4.916,0.167383,0.15038,0.017003,0.000123757
4.918,0.167383,0.15038,0.0170027,0.000125922
4.92,0.167383,0.15038,0.0170025,0.000128072
4.922,0.167383,0.15038,0.0170022,0.000130205
4.924,0.167383,0.150381,0.0170017,0.000134423
4.926,0.167383,0.150381,0.0170014,0.000136507
4.928,0.167383,0.150381,0.0170012,0.000138575
4.93,0.167383,0.150382,0.0170003,0.000144737
4.932,0.167383,0.150383,0.017,0.00014685
4.934,0.167383,0.150383,0.0169994,0.000150737
4.936,0.167383,0.150383,0.0169991,0.000152659
4.938,0.167383,0.150384,0.0169988,0.000154567
4.94,0.167383,0.150384,0.0169985,0.000156459
4.942,0.167383,0.150384,0.0169982,0.000158334
4.944,0.167383,0.150385,0.0169978,0.000160191
4.946,0.167383,0.150385,0.0169975,0.000162031
4.948,0.167383,0.150386,0.0169969,0.000165655
4.95,0.167383,0.150386,0.0169969,0.000165655
4.952,0.167383,0.150386,0.0169965,0.000167438
4.954,0.167383,0.150387,0.0169958,0.000170945
4.956,0.167383,0.150387,0.0169958,0.000170945
4.958,0.167383,0.150387,0.0169951,0.00017437
4.96,0.167383,0.150388,0.0169948,0.000176051
4.962,0.167383,0.150388,0.0169944,0.00017771
4.964,0.167383,0.150388,0.0169941,0.000179348
4.966,0.167383,0.150389,0.0169937,0.000180964
4.968,0.167383,0.150389,0.0169933,0.000182559
4.97,0.167383,0.15039,0.016993,0.00018413
4.972,0.167383,0.15039,0.0169922,0.000187206
4.974,0.167383,0.15039,0.0169922,0.000187206
4.976,0.167383,0.150391,0.0169911,0.00019172
4.978,0.167383,0.150392,0.0169907,0.000193141
4.98,0.167383,0.150393,0.0169899,0.000195916
4.982,0.167383,0.150393,0.0169895,0.00019727
4.984,0.167383,0.150393,0.0169891,0.000198601
4.986,0.167383,0.150394,0.0169883,0.000201192
4.988,0.167383,0.150395,0.0169875,0.000203686
4.99,0.167383,0.150396,0.0169867,0.000206082
4.992,0.167383,0.150396,0.0169867,0.000206082
4.994,0.167383,0.150397,0.0169859,0.000208377
4.996,0.167383,0.150397,0.0169854,0.000209486
4.998,0.167383,0.150397,0.0169854,0.000209486
5,0.167383,0.150398,0.0169846,0.000211627
