time,target_q,current_q,error,dq
0,0.162897,0.0628928,0.100004,-4.49806e-05
0.002,0.162897,0.0628927,0.100005,-4.491e-05
0.004,0.162897,0.0628926,0.100005,-4.48376e-05
0.006,0.162897,0.0630199,0.0998774,0.0636299
0.008,0.162897,0.0632737,0.0996236,0.126913
0.01,0.162897,0.0641041,0.0987932,0.232106
0.012,0.162897,0.0641041,0.0987932,0.232106
0.014,0.162897,0.0641041,0.0987932,0.232106
0.016,0.162897,0.0641041,0.0987932,0.232106
0.018,0.162897,0.0667133,0.096184,0.375037
0.02,0.162897,0.0675262,0.0953711,0.406428
0.022,0.112897,0.0683779,0.0445194,0.425879
0.024,0.112897,0.0692606,0.0436367,0.441357
0.026,0.112897,0.0701688,0.0427285,0.454091
0.028,0.162897,0.0717923,0.091105,0.389889
0.03,0.162897,0.0717923,0.091105,0.389889
0.032,0.162897,0.0732665,0.0896308,0.375745
0.034,0.162897,0.074051,0.0888463,0.392247
0.036,0.112897,0.0748641,0.0380332,0.406542
0.038,0.112897,0.0756993,0.037198,0.417613
0.04,0.162897,0.0773463,0.085551,0.396299
0.042,0.162897,0.0780753,0.0848219,0.364514
0.044,0.162897,0.0787449,0.0841524,0.334778
0.046,0.162897,0.0794359,0.0834614,0.345484
0.048,0.162897,0.0801526,0.0827447,0.358348
0.05,0.162897,0.0808916,0.0820057,0.369517
0.052,0.162897,0.0816491,0.0812482,0.378761
0.054,0.162897,0.0824216,0.0804757,0.386244
0.056,0.162897,0.0832059,0.0796914,0.392156
0.058,0.162897,0.0839993,0.078898,0.39667
0.06,0.162897,0.0856041,0.0772932,0.402491
0.062,0.162897,0.0864129,0.0764844,0.404397
0.064,0.162897,0.0872243,0.075673,0.405684
0.066,0.162897,0.0872243,0.075673,0.405684
0.068,0.162897,0.0888502,0.0740471,0.406567
0.07,0.162897,0.0896626,0.0732347,0.406197
0.072,0.162897,0.0904731,0.0724242,0.405282
0.074,0.162897,0.0912808,0.0716165,0.403849
0.076,0.162897,0.0920847,0.0708126,0.401924
0.078,0.162897,0.0920847,0.0708126,0.401924
0.08,0.162897,0.0920847,0.0708126,0.401924
0.082,0.162897,0.0920847,0.0708126,0.401924
0.084,0.162897,0.0952438,0.0676535,0.389861
0.086,0.162897,0.0967788,0.0661185,0.381603
0.088,0.162897,0.0975328,0.0653644,0.377011
0.09,0.162897,0.0982771,0.0646202,0.372145
0.092,0.162897,0.0990112,0.0638861,0.367028
0.094,0.162897,0.0997346,0.0631627,0.361684
0.096,0.162897,0.100447,0.0624505,0.356136
0.098,0.162897,0.101148,0.0617496,0.350406
0.1,0.162897,0.101837,0.0610606,0.344514
0.102,0.162897,0.103178,0.059719,0.332325
0.104,0.162897,0.10383,0.0590668,0.326091
0.106,0.162897,0.10383,0.0590668,0.326091
0.108,0.162897,0.10447,0.0584272,0.319793
0.11,0.162897,0.105711,0.0571863,0.307045
0.112,0.162897,0.106312,0.056585,0.300615
0.114,0.162897,0.106901,0.0559967,0.29416
0.116,0.162897,0.106901,0.0559967,0.29416
0.118,0.162897,0.108038,0.0548589,0.281205
0.12,0.162897,0.109124,0.0537733,0.268145
0.122,0.162897,0.109124,0.0537733,0.268145
0.124,0.162897,0.109647,0.0532501,0.261607
0.126,0.162897,0.110655,0.052242,0.248952
0.128,0.162897,0.110655,0.052242,0.248952
0.13,0.162897,0.111617,0.0512804,0.23764
0.132,0.162897,0.112082,0.0508157,0.23234
0.134,0.162897,0.112536,0.0503613,0.227215
0.136,0.162897,0.11298,0.0499168,0.222231
0.138,0.162897,0.113415,0.0494821,0.217359
0.14,0.162897,0.11384,0.0490569,0.212577
0.142,0.162897,0.114256,0.0486412,0.207868
0.144,0.162897,0.114663,0.0482347,0.20323
0.146,0.162897,0.11506,0.0478375,0.19864
0.148,0.162897,0.115448,0.0474493,0.194091
0.15,0.162897,0.117254,0.0456429,0.171694
0.152,0.162897,0.117589,0.0453086,0.167152
0.154,0.162897,0.117914,0.044983,0.162805
0.156,0.162897,0.11854,0.0443575,0.154231
0.158,0.162897,0.11854,0.0443575,0.154231
0.16,0.162897,0.11884,0.0440575,0.150003
0.162,0.162897,0.119415,0.0434825,0.14169
0.164,0.162897,0.119415,0.0434825,0.14169
0.166,0.162897,0.11969,0.0432073,0.137614
0.168,0.162897,0.120216,0.0426808,0.129643
0.17,0.162897,0.120468,0.0424293,0.125752
0.172,0.162897,0.120712,0.0421854,0.121928
0.174,0.162897,0.120948,0.0419491,0.118173
0.176,0.162897,0.121177,0.0417201,0.114487
0.178,0.162897,0.121614,0.0412837,0.107331
0.18,0.162897,0.121821,0.041076,0.103863
0.182,0.162897,0.122216,0.0406809,0.0970909
0.184,0.162897,0.122216,0.0406809,0.0970909
0.186,0.162897,0.122404,0.0404933,0.0937744
0.188,0.162897,0.122585,0.0403123,0.0905081
0.19,0.162897,0.12276,0.0401377,0.087295
0.192,0.162897,0.122928,0.0399695,0.0841374
0.194,0.162897,0.123246,0.0396514,0.0779957
0.196,0.162897,0.123396,0.0395014,0.0750145
0.198,0.162897,0.12354,0.0393572,0.0720945
0.2,0.162897,0.12354,0.0393572,0.0720945
0.202,0.162897,0.123811,0.0390858,0.0664413
0.204,0.162897,0.123811,0.0390858,0.0664413
0.206,0.162897,0.124061,0.0388363,0.0610402
0.208,0.162897,0.124061,0.0388363,0.0610402
0.21,0.162897,0.124061,0.0388363,0.0610402
0.212,0.162897,0.124498,0.0383995,0.0507525
0.214,0.162897,0.124595,0.0383027,0.0484125
0.216,0.162897,0.124687,0.0382104,0.0461444
0.218,0.162897,0.124775,0.0381225,0.0439371
0.22,0.162897,0.124858,0.0380389,0.04179
0.222,0.162897,0.125013,0.0378842,0.037675
0.224,0.162897,0.125013,0.0378842,0.037675
0.226,0.162897,0.125152,0.0377452,0.0337968
0.228,0.162897,0.125216,0.0376813,0.0319453
0.23,0.162897,0.125216,0.0376813,0.0319453
0.232,0.162897,0.125333,0.0375641,0.0284144
0.234,0.162897,0.125387,0.0375107,0.0267337
0.236,0.162897,0.125387,0.0375107,0.0267337
0.238,0.162897,0.125437,0.0374605,0.0251085
0.24,0.162897,0.125528,0.0373693,0.0220214
0.242,0.162897,0.125607,0.0372902,0.0190842
0.244,0.162897,0.125675,0.0372219,0.0164247
0.246,0.162897,0.125675,0.0372219,0.0164247
0.248,0.162897,0.125734,0.0371636,0.0139611
0.25,0.162897,0.125759,0.037138,0.0128005
0.252,0.162897,0.125783,0.0371146,0.0116862
0.254,0.162897,0.125804,0.0370934,0.0106201
0.256,0.162897,0.12584,0.0370569,0.00866078
0.258,0.162897,0.12584,0.0370569,0.00866078
0.26,0.162897,0.12584,0.0370569,0.00866078
0.262,0.162897,0.125897,0.0370004,0.00632007
0.264,0.162897,0.125909,0.0369885,0.00597585
0.266,0.162897,0.12592,0.0369771,0.00569324
0.268,0.162897,0.125931,0.0369662,0.00546076
0.27,0.162897,0.125942,0.0369556,0.00526914
0.272,0.162897,0.125962,0.0369355,0.00497994
0.274,0.162897,0.125972,0.0369257,0.00487134
0.276,0.162897,0.125972,0.0369257,0.00487134
0.278,0.162897,0.125991,0.0369067,0.00470589
0.28,0.162897,0.126,0.0368975,0.00464311
0.282,0.162897,0.126009,0.0368883,0.00459057
0.284,0.162897,0.126018,0.0368792,0.00454648
0.286,0.162897,0.126027,0.0368702,0.0045094
0.288,0.162897,0.126045,0.0368523,0.00445169
0.29,0.162897,0.126045,0.0368523,0.00445169
0.292,0.162897,0.126054,0.0368434,0.00442927
0.294,0.162897,0.126054,0.0368434,0.00442927
0.296,0.162897,0.126054,0.0368434,0.00442927
0.298,0.162897,0.126054,0.0368434,0.00442927
0.3,0.162897,0.126098,0.0367996,0.00435973
0.302,0.162897,0.126106,0.0367909,0.00435052
0.304,0.162897,0.126115,0.0367822,0.00434255
0.306,0.162897,0.126132,0.0367649,0.00432962
0.308,0.162897,0.126132,0.0367649,0.00432962
0.31,0.162897,0.126141,0.0367562,0.00432436
0.312,0.162897,0.12615,0.0367476,0.00431975
0.314,0.162897,0.126158,0.036739,0.00431569
0.316,0.162897,0.126167,0.0367304,0.0043121
0.318,0.162897,0.126184,0.0367131,0.00430606
0.32,0.162897,0.126193,0.0367045,0.0043035
0.322,0.162897,0.126201,0.0366959,0.00430118
0.324,0.162897,0.12621,0.0366873,0.00429907
0.326,0.162897,0.126219,0.0366787,0.00429713
0.328,0.162897,0.126227,0.0366701,0.00429535
0.33,0.162897,0.126236,0.0366616,0.0042937
0.332,0.162897,0.126253,0.0366444,0.00429072
0.334,0.162897,0.126261,0.0366358,0.00428935
0.336,0.162897,0.12627,0.0366272,0.00428806
0.338,0.162897,0.126279,0.0366186,0.00428682
0.34,0.162897,0.126287,0.0366101,0.00428564
0.342,0.162897,0.126296,0.0366015,0.00428449
0.344,0.162897,0.126304,0.0365929,0.00428338
0.346,0.162897,0.126313,0.0365844,0.00428231
0.348,0.162897,0.126321,0.0365758,0.00428125
0.35,0.162897,0.12633,0.0365673,0.00428022
0.352,0.162897,0.126347,0.0365501,0.0042782
0.354,0.162897,0.126347,0.0365501,0.0042782
0.356,0.162897,0.12639,0.0365074,0.00427734
0.358,0.162897,0.126407,0.0364903,0.00427402
0.36,0.162897,0.126416,0.0364817,0.00427254
0.362,0.162897,0.126424,0.0364732,0.00427116
0.364,0.162897,0.126433,0.0364646,0.00426985
0.366,0.162897,0.126441,0.0364561,0.0042686
0.368,0.162897,0.12645,0.0364476,0.00426739
0.37,0.162897,0.126458,0.036439,0.00426622
0.372,0.162897,0.126467,0.0364305,0.00426507
0.374,0.162897,0.126475,0.036422,0.00426394
0.376,0.162897,0.126492,0.0364049,0.00426171
0.378,0.162897,0.126501,0.0363964,0.0042606
0.38,0.162897,0.126509,0.0363879,0.0042595
0.382,0.162897,0.126518,0.0363794,0.00425839
0.384,0.162897,0.126526,0.0363709,0.00425728
0.386,0.162897,0.126535,0.0363623,0.00425617
0.388,0.162897,0.126543,0.0363538,0.00425504
0.39,0.162897,0.126543,0.0363538,0.00425504
0.392,0.162897,0.126577,0.0363198,0.00425257
0.394,0.162897,0.126586,0.0363113,0.004251
0.396,0.162897,0.126594,0.0363028,0.00424948
0.398,0.162897,0.126603,0.0362943,0.00424801
0.4,0.162897,0.126611,0.0362858,0.00424658
0.402,0.162897,0.12662,0.0362773,0.00424517
0.404,0.162897,0.126628,0.0362689,0.00424378
0.406,0.162897,0.126637,0.0362604,0.00424241
0.408,0.162897,0.126645,0.0362519,0.00424103
0.41,0.162897,0.126654,0.0362434,0.00423966
0.412,0.162897,0.126662,0.0362349,0.00423828
0.414,0.162897,0.126679,0.036218,0.00423551
0.416,0.162897,0.126688,0.0362095,0.00423411
0.418,0.162897,0.126688,0.0362095,0.00423411
0.42,0.162897,0.126696,0.0362011,0.0042327
0.422,0.162897,0.12673,0.0361672,0.00422763
0.424,0.162897,0.126739,0.0361588,0.00422749
0.426,0.162897,0.126747,0.0361503,0.00422559
0.428,0.162897,0.126747,0.0361503,0.00422559
0.43,0.162897,0.126764,0.0361334,0.00422191
0.432,0.162897,0.126781,0.0361165,0.00421835
0.434,0.162897,0.126789,0.0361081,0.00421659
0.436,0.162897,0.126798,0.0360997,0.00421484
0.438,0.162897,0.126806,0.0360913,0.00421233
0.44,0.162897,0.126814,0.0360828,0.00421071
0.442,0.162897,0.126823,0.0360744,0.00420906
0.444,0.162897,0.126831,0.036066,0.00420737
0.446,0.162897,0.12684,0.0360576,0.00420565
0.448,0.162897,0.126857,0.0360408,0.00420212
0.45,0.162897,0.126865,0.0360324,0.0042003
0.452,0.162897,0.126873,0.036024,0.00419846
0.454,0.162897,0.126882,0.0360156,0.00419659
0.456,0.162897,0.12689,0.0360072,0.0041947
0.458,0.162897,0.126907,0.0359904,0.00419082
0.46,0.162897,0.126915,0.0359821,0.00418883
0.462,0.162897,0.126924,0.0359737,0.00418683
0.464,0.162897,0.126932,0.0359653,0.00418479
0.466,0.162897,0.12694,0.0359569,0.00418272
0.468,0.162897,0.126957,0.0359402,0.00417851
0.47,0.162897,0.126965,0.0359319,0.00417561
0.472,0.162897,0.126965,0.0359319,0.00417561
0.474,0.162897,0.126982,0.0359152,0.00417147
0.476,0.162897,0.12699,0.0359069,0.00416933
0.478,0.162897,0.126999,0.0358985,0.00416714
0.48,0.162897,0.127007,0.0358902,0.00416491
0.482,0.162897,0.127015,0.0358819,0.00416263
0.484,0.162897,0.127032,0.0358652,0.00415797
0.486,0.162897,0.127032,0.0358652,0.00415797
0.488,0.162897,0.12704,0.0358569,0.00415558
0.49,0.162897,0.127057,0.0358403,0.00415069
0.492,0.162897,0.127065,0.035832,0.0041482
0.494,0.162897,0.127065,0.035832,0.0041482
0.496,0.162897,0.127065,0.035832,0.0041482
0.498,0.162897,0.127107,0.0357906,0.00413727
0.5,0.162897,0.127115,0.0357823,0.0041342
0.502,0.162897,0.127131,0.0357658,0.00412815
0.504,0.162897,0.127131,0.0357658,0.00412815
0.506,0.162897,0.12714,0.0357576,0.00412516
0.508,0.162897,0.127156,0.0357411,0.00411918
0.51,0.162897,0.127156,0.0357411,0.00411918
0.512,0.162897,0.127164,0.0357329,0.00411618
0.514,0.162897,0.127181,0.0357164,0.00411015
0.516,0.162897,0.127181,0.0357164,0.00411015
0.518,0.162897,0.127197,0.0357,0.00410403
0.52,0.162897,0.127206,0.0356918,0.00410094
0.522,0.162897,0.127214,0.0356836,0.00409782
0.524,0.162897,0.127222,0.0356754,0.00409467
0.526,0.162897,0.12723,0.0356672,0.00409149
0.528,0.162897,0.127238,0.035659,0.00408829
0.53,0.162897,0.127246,0.0356509,0.00408505
0.532,0.162897,0.127246,0.0356509,0.00408505
0.534,0.162897,0.127279,0.0356182,0.00407376
0.536,0.162897,0.127287,0.0356101,0.00407
0.538,0.162897,0.127303,0.0355938,0.00406254
0.54,0.162897,0.127303,0.0355938,0.00406254
0.542,0.162897,0.127312,0.0355857,0.00405884
0.544,0.162897,0.127328,0.0355695,0.00405144
0.546,0.162897,0.127336,0.0355614,0.00404773
0.548,0.162897,0.127344,0.0355533,0.00404401
0.55,0.162897,0.127352,0.0355452,0.00404027
0.552,0.162897,0.12736,0.0355372,0.0040365
0.554,0.162897,0.127368,0.0355291,0.00403272
0.556,0.162897,0.127376,0.035521,0.00402891
0.558,0.162897,0.127384,0.035513,0.00402507
0.56,0.162897,0.127392,0.035505,0.0040212
0.562,0.162897,0.1274,0.0354969,0.0040173
0.564,0.162897,0.1274,0.0354969,0.0040173
0.566,0.162897,0.127432,0.0354649,0.00400332
0.568,0.162897,0.12744,0.0354569,0.0039989
0.57,0.162897,0.127448,0.0354489,0.00399451
0.572,0.162897,0.127456,0.0354409,0.00399014
0.574,0.162897,0.127472,0.035425,0.00398144
0.576,0.162897,0.127472,0.035425,0.00398144
0.578,0.162897,0.12748,0.035417,0.00397708
0.58,0.162897,0.127496,0.0354011,0.00396834
0.582,0.162897,0.127504,0.0353932,0.00396394
0.584,0.162897,0.127512,0.0353853,0.00395953
0.586,0.162897,0.12752,0.0353774,0.00395509
0.588,0.162897,0.127528,0.0353695,0.00395062
0.59,0.162897,0.127536,0.0353616,0.00394613
0.592,0.162897,0.127551,0.0353458,0.00393706
0.594,0.162897,0.127551,0.0353458,0.00393706
0.596,0.162897,0.127559,0.035338,0.00393248
0.598,0.162897,0.127575,0.0353222,0.00392323
0.6,0.162897,0.127583,0.0353144,0.00391856
0.602,0.162897,0.127591,0.0353066,0.00391385
0.604,0.162897,0.127599,0.0352988,0.00390912
0.606,0.162897,0.127606,0.035291,0.00390365
0.608,0.162897,0.127622,0.0352754,0.00389426
0.61,0.162897,0.127622,0.0352754,0.00389426
0.612,0.162897,0.12763,0.0352676,0.00388949
0.614,0.162897,0.127637,0.0352598,0.00388466
0.616,0.162897,0.127653,0.0352443,0.00387488
0.618,0.162897,0.127653,0.0352443,0.00387488
0.62,0.162897,0.127661,0.0352366,0.00386993
0.622,0.162897,0.127668,0.0352288,0.00386494
0.624,0.162897,0.127707,0.0351903,0.00384011
0.626,0.162897,0.127715,0.0351827,0.0038361
0.628,0.162897,0.127722,0.035175,0.00383053
0.63,0.162897,0.12773,0.0351674,0.00382498
0.632,0.162897,0.127745,0.0351521,0.00381396
0.634,0.162897,0.127745,0.0351521,0.00381396
0.636,0.162897,0.12776,0.0351369,0.00380295
0.638,0.162897,0.127768,0.0351293,0.00379744
0.64,0.162897,0.127783,0.0351141,0.00378639
0.642,0.162897,0.127783,0.0351141,0.00378639
0.644,0.162897,0.127783,0.0351141,0.00378639
0.646,0.162897,0.127806,0.0350915,0.00377033
0.648,0.162897,0.127813,0.0350839,0.0037646
0.65,0.162897,0.127821,0.0350764,0.00375887
0.652,0.162897,0.127821,0.0350764,0.00375887
0.654,0.162897,0.127836,0.0350614,0.00374739
0.656,0.162897,0.127843,0.0350539,0.00374164
0.658,0.162897,0.127851,0.0350465,0.00373587
0.66,0.162897,0.127858,0.035039,0.00373009
0.662,0.162897,0.127881,0.0350167,0.00371325
0.664,0.162897,0.127888,0.0350093,0.00370852
0.666,0.162897,0.127895,0.0350019,0.00370231
0.668,0.162897,0.12791,0.0349871,0.00368999
0.67,0.162897,0.12791,0.0349871,0.00368999
0.672,0.162897,0.127918,0.0349797,0.00368386
0.674,0.162897,0.127932,0.034965,0.00367164
0.676,0.162897,0.12794,0.0349577,0.00366553
0.678,0.162897,0.12794,0.0349577,0.00366553
0.68,0.162897,0.127954,0.0349431,0.00365331
0.682,0.162897,0.127962,0.0349358,0.00364718
0.684,0.162897,0.127969,0.0349285,0.00364104
0.686,0.162897,0.127976,0.0349212,0.00363489
0.688,0.162897,0.127983,0.034914,0.00362872
0.69,0.162897,0.127998,0.0348995,0.00361635
0.692,0.162897,0.127998,0.0348995,0.00361635
0.694,0.162897,0.127998,0.0348995,0.00361635
0.696,0.162897,0.128027,0.0348707,0.00359199
0.698,0.162897,0.128034,0.0348635,0.0035856
0.7,0.162897,0.128034,0.0348635,0.0035856
0.702,0.162897,0.128048,0.0348492,0.00357282
0.704,0.162897,0.128062,0.034835,0.00356052
0.706,0.162897,0.128062,0.034835,0.00356052
0.708,0.162897,0.128069,0.0348278,0.00355402
0.71,0.162897,0.128084,0.0348137,0.00354105
0.712,0.162897,0.128091,0.0348066,0.00353457
0.714,0.162897,0.128098,0.0347995,0.00352809
0.716,0.162897,0.128098,0.0347995,0.00352809
0.718,0.162897,0.128119,0.0347784,0.00350921
0.72,0.162897,0.128133,0.0347645,0.00349599
0.722,0.162897,0.12814,0.0347575,0.0034894
0.724,0.162897,0.128147,0.0347505,0.00348281
0.726,0.162897,0.128161,0.0347366,0.00346963
0.728,0.162897,0.128168,0.0347297,0.00346362
0.73,0.162897,0.128175,0.0347228,0.00345692
0.732,0.162897,0.128175,0.0347228,0.00345692
0.734,0.162897,0.128188,0.034709,0.00344355
0.736,0.162897,0.128195,0.0347021,0.00343688
0.738,0.162897,0.128202,0.0346953,0.00343022
0.74,0.162897,0.128209,0.0346884,0.00342356
0.742,0.162897,0.128216,0.0346816,0.0034169
0.744,0.162897,0.128229,0.034668,0.00340358
0.746,0.162897,0.128236,0.0346612,0.00339692
0.748,0.162897,0.128243,0.0346544,0.00339026
0.75,0.162897,0.12825,0.0346476,0.00338359
0.752,0.162897,0.128256,0.0346408,0.00337692
0.754,0.162897,0.12827,0.0346274,0.00336356
0.756,0.162897,0.12827,0.0346274,0.00336356
0.758,0.162897,0.128277,0.0346207,0.00335688
0.76,0.162897,0.12829,0.0346073,0.00334351
0.762,0.162897,0.12829,0.0346073,0.00334351
0.764,0.162897,0.12829,0.0346073,0.00334351
0.766,0.162897,0.12829,0.0346073,0.00334351
0.768,0.162897,0.12833,0.0345674,0.00330793
0.77,0.162897,0.12833,0.0345674,0.00330793
0.772,0.162897,0.128336,0.0345608,0.00330036
0.774,0.162897,0.128336,0.0345608,0.00330036
0.776,0.162897,0.128356,0.0345411,0.0032785
0.778,0.162897,0.128363,0.0345346,0.00327142
0.78,0.162897,0.128369,0.034528,0.00326443
0.782,0.162897,0.128376,0.0345215,0.00325749
0.784,0.162897,0.128382,0.034515,0.0032506
0.786,0.162897,0.128389,0.0345085,0.00324376
0.788,0.162897,0.128395,0.0345021,0.00323694
0.79,0.162897,0.128402,0.0344956,0.00323016
0.792,0.162897,0.128408,0.0344892,0.0032234
0.794,0.162897,0.128421,0.0344763,0.00320994
0.796,0.162897,0.128427,0.0344699,0.00320323
0.798,0.162897,0.128434,0.0344635,0.00319653
0.8,0.162897,0.12844,0.0344571,0.00318985
0.802,0.162897,0.128459,0.0344381,0.00317041
0.804,0.162897,0.128466,0.0344317,0.00316473
0.806,0.162897,0.128472,0.0344254,0.00315782
0.808,0.162897,0.128484,0.0344128,0.00314418
0.81,0.162897,0.128484,0.0344128,0.00314418
0.812,0.162897,0.128491,0.0344065,0.00313744
0.814,0.162897,0.128503,0.034394,0.00312406
0.816,0.162897,0.128516,0.0343816,0.00311081
0.818,0.162897,0.128516,0.0343816,0.00311081
0.82,0.162897,0.128522,0.0343754,0.00310423
0.822,0.162897,0.128528,0.0343692,0.00309766
0.824,0.162897,0.12854,0.0343568,0.0030846
0.826,0.162897,0.12854,0.0343568,0.0030846
0.828,0.162897,0.128553,0.0343445,0.00307161
0.83,0.162897,0.128559,0.0343384,0.00306514
0.832,0.162897,0.128571,0.0343262,0.00305225
0.834,0.162897,0.128577,0.0343201,0.00304634
0.836,0.162897,0.128577,0.0343201,0.00304634
0.838,0.162897,0.128589,0.0343079,0.00303338
0.84,0.162897,0.128595,0.0343019,0.00302695
0.842,0.162897,0.128601,0.0342958,0.00302055
0.844,0.162897,0.128607,0.0342898,0.00301418
0.846,0.162897,0.128619,0.0342778,0.00300151
0.848,0.162897,0.128619,0.0342778,0.00300151
0.85,0.162897,0.128631,0.0342658,0.00298894
0.852,0.162897,0.128631,0.0342658,0.00298894
0.854,0.162897,0.128643,0.0342539,0.00297647
0.856,0.162897,0.128649,0.034248,0.00297026
0.858,0.162897,0.128655,0.034242,0.00296408
0.86,0.162897,0.128667,0.0342302,0.00295178
0.862,0.162897,0.128673,0.0342243,0.00294567
0.864,0.162897,0.128679,0.0342184,0.00293957
0.866,0.162897,0.128679,0.0342184,0.00293957
0.868,0.162897,0.128691,0.0342067,0.00292746
0.87,0.162897,0.128696,0.0342009,0.00292143
0.872,0.162897,0.128702,0.0341951,0.00291544
0.874,0.162897,0.128708,0.0341892,0.00290946
0.876,0.162897,0.12872,0.0341776,0.00289758
0.878,0.162897,0.12872,0.0341776,0.00289758
0.88,0.162897,0.128731,0.0341661,0.00288581
0.882,0.162897,0.128737,0.0341603,0.00287996
0.884,0.162897,0.128743,0.0341546,0.00287413
0.886,0.162897,0.128748,0.0341488,0.00286833
0.888,0.162897,0.128754,0.0341431,0.00286256
0.89,0.162897,0.128766,0.0341317,0.0028511
0.892,0.162897,0.128766,0.0341317,0.0028511
0.894,0.162897,0.128766,0.0341317,0.0028511
0.896,0.162897,0.128771,0.034126,0.00284541
0.898,0.162897,0.1288,0.0340977,0.0028199
0.9,0.162897,0.128805,0.0340921,0.00281582
0.902,0.162897,0.128811,0.0340865,0.00280957
0.904,0.162897,0.128822,0.0340753,0.00279754
0.906,0.162897,0.128833,0.0340641,0.00278604
0.908,0.162897,0.128833,0.0340641,0.00278604
0.91,0.162897,0.128839,0.0340585,0.00278045
0.912,0.162897,0.128844,0.034053,0.00277493
0.914,0.162897,0.12885,0.0340475,0.00276949
0.916,0.162897,0.128855,0.0340419,0.00276411
0.918,0.162897,0.128861,0.0340364,0.00275879
0.92,0.162897,0.128861,0.0340364,0.00275879
0.922,0.162897,0.128877,0.0340199,0.00274314
0.924,0.162897,0.128883,0.0340144,0.00273802
0.926,0.162897,0.128888,0.034009,0.00273294
0.928,0.162897,0.128899,0.0339981,0.00272248
0.93,0.162897,0.128905,0.0339926,0.0027176
0.932,0.162897,0.128915,0.0339818,0.0027079
0.934,0.162897,0.128915,0.0339818,0.0027079
0.936,0.162897,0.128926,0.033971,0.00269832
0.938,0.162897,0.128932,0.0339656,0.00269357
0.94,0.162897,0.128937,0.0339602,0.00268885
0.942,0.162897,0.128942,0.0339549,0.00268416
0.944,0.162897,0.128953,0.0339441,0.0026749
0.946,0.162897,0.128964,0.0339335,0.00266576
0.948,0.162897,0.128969,0.0339282,0.00266171
0.95,0.162897,0.128974,0.0339228,0.00265715
0.952,0.162897,0.12898,0.0339175,0.00265263
0.954,0.162897,0.12899,0.033907,0.00264376
0.956,0.162897,0.128996,0.0339017,0.00263939
0.958,0.162897,0.129001,0.0338964,0.00263507
0.96,0.162897,0.129006,0.0338911,0.00263079
0.962,0.162897,0.129011,0.0338859,0.00262656
0.964,0.162897,0.129022,0.0338754,0.00261821
0.966,0.162897,0.129027,0.0338702,0.0026141
0.968,0.162897,0.129032,0.033865,0.00261003
0.97,0.162897,0.129038,0.0338597,0.002606
0.972,0.162897,0.129043,0.0338545,0.00260201
0.974,0.162897,0.129048,0.0338493,0.00259806
0.976,0.162897,0.129053,0.0338442,0.00259415
0.978,0.162897,0.129053,0.0338442,0.00259415
0.98,0.162897,0.129074,0.0338235,0.00258016
0.982,0.162897,0.129079,0.0338183,0.00257621
0.984,0.162897,0.129084,0.0338132,0.00257233
0.986,0.162897,0.129089,0.033808,0.00256854
0.988,0.162897,0.1291,0.0337978,0.00256116
0.99,0.162897,0.129105,0.0337927,0.00255756
0.992,0.162897,0.129105,0.0337927,0.00255756
0.994,0.162897,0.129115,0.0337825,0.00255054
0.996,0.162897,0.129115,0.0337825,0.00255054
0.998,0.162897,0.129125,0.0337723,0.00254371
1,0.162897,0.12913,0.0337672,0.00254037
1.002,0.162897,0.12914,0.0337571,0.00253383
1.004,0.162897,0.12914,0.0337571,0.00253383
1.006,0.162897,0.129145,0.033752,0.00253062
1.008,0.162897,0.129155,0.0337419,0.00252433
1.01,0.162897,0.12916,0.0337369,0.00252126
1.012,0.162897,0.129165,0.0337318,0.00251822
1.014,0.162897,0.129171,0.0337268,0.00251522
1.016,0.162897,0.129181,0.0337167,0.00250935
1.018,0.162897,0.129181,0.0337167,0.00250935
1.02,0.162897,0.129191,0.0337067,0.00250648
1.022,0.162897,0.129196,0.0337017,0.00250039
1.024,0.162897,0.129201,0.0336967,0.00249773
1.026,0.162897,0.129206,0.0336917,0.00249509
1.028,0.162897,0.129211,0.0336868,0.00249248
1.03,0.162897,0.12922,0.0336768,0.00248735
1.032,0.162897,0.12922,0.0336768,0.00248735
1.034,0.162897,0.129225,0.0336718,0.00248483
1.036,0.162897,0.12923,0.0336669,0.00248235
1.038,0.162897,0.12923,0.0336669,0.00248235
1.04,0.162897,0.129255,0.0336421,0.002471
1.042,0.162897,0.12926,0.0336372,0.00246863
1.044,0.162897,0.129265,0.0336322,0.00246631
1.046,0.162897,0.12927,0.0336273,0.00246406
1.048,0.162897,0.12928,0.0336175,0.0024597
1.05,0.162897,0.129285,0.0336125,0.00245759
1.052,0.162897,0.12929,0.0336076,0.00245553
1.054,0.162897,0.129295,0.0336027,0.00245351
1.056,0.162897,0.129299,0.0335978,0.00245153
1.058,0.162897,0.129304,0.0335929,0.0024496
1.06,0.162897,0.129309,0.033588,0.0024477
1.062,0.162897,0.129314,0.0335831,0.00244585
1.064,0.162897,0.129324,0.0335734,0.00244226
1.066,0.162897,0.129329,0.0335685,0.00244052
1.068,0.162897,0.129334,0.0335636,0.00243883
1.07,0.162897,0.129339,0.0335587,0.00243717
1.072,0.162897,0.129343,0.0335539,0.00243554
1.074,0.162897,0.129343,0.0335539,0.00243554
1.076,0.162897,0.129343,0.0335539,0.00243554
1.078,0.162897,0.129358,0.0335393,0.00243134
1.08,0.162897,0.129368,0.0335295,0.00242828
1.082,0.162897,0.129373,0.0335247,0.00242683
1.084,0.162897,0.129377,0.0335198,0.00242542
1.086,0.162897,0.129382,0.033515,0.00242405
1.088,0.162897,0.129392,0.0335053,0.00242145
1.09,0.162897,0.129392,0.0335053,0.00242145
1.092,0.162897,0.129397,0.0335005,0.00242021
1.094,0.162897,0.129406,0.0334908,0.00241784
1.096,0.162897,0.129411,0.033486,0.00241672
1.098,0.162897,0.129416,0.0334811,0.00241562
1.1,0.162897,0.129421,0.0334763,0.00241457
1.102,0.162897,0.129431,0.0334667,0.00241256
1.104,0.162897,0.129435,0.0334618,0.00241161
1.106,0.162897,0.129455,0.0334426,0.00240813
1.108,0.162897,0.12946,0.0334377,0.00240778
1.11,0.162897,0.129464,0.0334329,0.00240695
1.112,0.162897,0.129474,0.0334233,0.0024054
1.114,0.162897,0.129479,0.0334185,0.0024047
1.116,0.162897,0.129484,0.0334137,0.00240403
1.118,0.162897,0.129488,0.0334089,0.0024034
1.12,0.162897,0.129493,0.0334041,0.00240281
1.122,0.162897,0.129493,0.0334041,0.00240281
1.124,0.162897,0.129508,0.0333897,0.00240166
1.126,0.162897,0.129512,0.0333849,0.00240112
1.128,0.162897,0.129517,0.0333801,0.00240061
1.13,0.162897,0.129527,0.0333705,0.00239974
1.132,0.162897,0.129532,0.0333657,0.00239979
1.134,0.162897,0.129536,0.0333609,0.00239936
1.136,0.162897,0.129541,0.0333561,0.00239898
1.138,0.162897,0.129546,0.0333513,0.00239864
1.14,0.162897,0.129551,0.0333465,0.00239835
1.142,0.162897,0.129556,0.0333417,0.00239809
1.144,0.162897,0.129565,0.0333321,0.00239767
1.146,0.162897,0.12957,0.0333273,0.00239751
1.148,0.162897,0.129575,0.0333225,0.00239738
1.15,0.162897,0.12958,0.0333177,0.00239728
1.152,0.162897,0.129584,0.0333129,0.00239721
1.154,0.162897,0.129589,0.0333081,0.00239716
1.156,0.162897,0.129594,0.0333033,0.00239713
1.158,0.162897,0.129599,0.0332985,0.00239714
1.16,0.162897,0.129608,0.0332889,0.00239721
1.162,0.162897,0.129608,0.0332889,0.00239721
1.164,0.162897,0.129618,0.0332793,0.00239737
1.166,0.162897,0.129623,0.0332745,0.00239748
1.168,0.162897,0.129628,0.0332697,0.00239762
1.17,0.162897,0.129628,0.0332697,0.00239762
1.172,0.162897,0.129628,0.0332697,0.00239762
1.174,0.162897,0.129632,0.033265,0.00239777
1.176,0.162897,0.129656,0.033241,0.00240119
1.178,0.162897,0.129661,0.0332362,0.0024028
1.18,0.162897,0.129671,0.0332265,0.0024021
1.182,0.162897,0.129676,0.0332218,0.00240196
1.184,0.162897,0.12968,0.0332169,0.00240192
1.186,0.162897,0.129685,0.0332121,0.00240197
1.188,0.162897,0.12969,0.0332073,0.00240209
1.19,0.162897,0.129695,0.0332025,0.00240228
1.192,0.162897,0.129704,0.0331929,0.0024028
1.194,0.162897,0.129704,0.0331929,0.0024028
1.196,0.162897,0.129714,0.0331833,0.00240348
1.198,0.162897,0.129719,0.0331785,0.00240387
1.2,0.162897,0.129724,0.0331737,0.00240428
1.202,0.162897,0.129733,0.0331641,0.00240516
1.204,0.162897,0.129738,0.0331593,0.00240563
1.206,0.162897,0.129738,0.0331593,0.00240563
1.208,0.162897,0.129738,0.0331593,0.00240563
1.21,0.162897,0.129757,0.03314,0.00240758
1.212,0.162897,0.129757,0.03314,0.00240802
1.214,0.162897,0.129762,0.0331352,0.00240804
1.216,0.162897,0.129767,0.0331304,0.00240862
1.218,0.162897,0.129772,0.0331255,0.0024092
1.22,0.162897,0.129777,0.0331207,0.00240979
1.222,0.162897,0.129781,0.0331159,0.00241038
1.224,0.162897,0.129791,0.0331063,0.00241158
1.226,0.162897,0.129796,0.0331014,0.00241219
1.228,0.162897,0.129801,0.0330966,0.0024128
1.23,0.162897,0.12981,0.033087,0.00241404
1.232,0.162897,0.12981,0.033087,0.00241404
1.234,0.162897,0.129815,0.0330821,0.00241466
1.236,0.162897,0.12982,0.0330773,0.00241529
1.238,0.162897,0.129825,0.0330725,0.00241592
1.24,0.162897,0.12983,0.0330676,0.00241655
1.242,0.162897,0.129839,0.033058,0.00241719
1.244,0.162897,0.129839,0.033058,0.00241719
1.246,0.162897,0.129839,0.033058,0.00241719
1.248,0.162897,0.129839,0.033058,0.00241783
1.25,0.162897,0.129859,0.0330386,0.00242165
1.252,0.162897,0.129864,0.0330338,0.00242341
1.254,0.162897,0.129868,0.0330289,0.0024236
1.256,0.162897,0.129873,0.0330241,0.00242387
1.258,0.162897,0.129878,0.0330192,0.00242421
1.26,0.162897,0.129888,0.0330095,0.00242506
1.262,0.162897,0.129888,0.0330095,0.00242506
1.264,0.162897,0.129897,0.0329998,0.00242604
1.266,0.162897,0.129902,0.032995,0.00242701
1.268,0.162897,0.129907,0.0329901,0.00242747
1.27,0.162897,0.129907,0.0329901,0.00242747
1.272,0.162897,0.129917,0.0329804,0.00242846
1.274,0.162897,0.129922,0.0329755,0.00242898
1.276,0.162897,0.129931,0.0329658,0.00243006
1.278,0.162897,0.129931,0.0329658,0.00243006
1.28,0.162897,0.129936,0.032961,0.0024306
1.282,0.162897,0.129946,0.0329512,0.0024317
1.284,0.162897,0.129951,0.0329464,0.00243225
1.286,0.162897,0.129956,0.0329415,0.00243279
1.288,0.162897,0.129961,0.0329366,0.00243333
1.29,0.162897,0.129966,0.0329318,0.00243386
1.292,0.162897,0.12997,0.0329269,0.00243439
1.294,0.162897,0.129975,0.032922,0.00243491
1.296,0.162897,0.129985,0.0329123,0.00243592
1.298,0.162897,0.129985,0.0329123,0.00243592
1.3,0.162897,0.129995,0.0329025,0.0024369
1.302,0.162897,0.13,0.0328977,0.00243737
1.304,0.162897,0.130004,0.0328928,0.00243783
1.306,0.162897,0.130009,0.0328879,0.00243828
1.308,0.162897,0.130014,0.032883,0.00243871
1.31,0.162897,0.130014,0.032883,0.00243871
1.312,0.162897,0.130039,0.0328586,0.00244194
1.314,0.162897,0.130044,0.0328538,0.00244206
1.316,0.162897,0.130048,0.0328489,0.0024422
1.318,0.162897,0.130053,0.032844,0.00244236
1.32,0.162897,0.130063,0.0328342,0.00244272
1.322,0.162897,0.130063,0.0328342,0.00244272
1.324,0.162897,0.130068,0.0328293,0.00244291
1.326,0.162897,0.130078,0.0328196,0.00244328
1.328,0.162897,0.130083,0.0328147,0.00244345
1.33,0.162897,0.130088,0.0328098,0.00244362
1.332,0.162897,0.130092,0.0328049,0.00244377
1.334,0.162897,0.130097,0.0328,0.0024439
1.336,0.162897,0.130102,0.0327951,0.00244403
1.338,0.162897,0.130107,0.0327902,0.00244413
1.34,0.162897,0.130117,0.0327804,0.00244429
1.342,0.162897,0.130117,0.0327804,0.00244429
1.344,0.162897,0.130117,0.0327804,0.00244429
1.346,0.162897,0.130136,0.0327609,0.00244438
1.348,0.162897,0.130141,0.032756,0.00244435
1.35,0.162897,0.130146,0.0327511,0.00244429
1.352,0.162897,0.130156,0.0327413,0.00244412
1.354,0.162897,0.130156,0.0327413,0.00244412
1.356,0.162897,0.130161,0.0327365,0.002444
1.358,0.162897,0.130171,0.0327267,0.00244368
1.36,0.162897,0.130176,0.0327218,0.00244349
1.362,0.162897,0.13018,0.0327169,0.00244327
1.364,0.162897,0.130185,0.032712,0.00244303
1.366,0.162897,0.13019,0.0327071,0.00244276
1.368,0.162897,0.130195,0.0327022,0.00244247
1.37,0.162897,0.130205,0.0326925,0.0024418
1.372,0.162897,0.13021,0.0326876,0.00244143
1.374,0.162897,0.130215,0.0326827,0.00244103
1.376,0.162897,0.130215,0.0326827,0.00244103
1.378,0.162897,0.130224,0.0326729,0.00244015
1.38,0.162897,0.130229,0.0326681,0.00243967
1.382,0.162897,0.130229,0.0326681,0.00243967
1.384,0.162897,0.130229,0.0326681,0.00243967
1.386,0.162897,0.130254,0.0326437,0.00243806
1.388,0.162897,0.130258,0.0326388,0.00243718
1.39,0.162897,0.130263,0.0326339,0.00243631
1.392,0.162897,0.130273,0.0326242,0.00243457
1.394,0.162897,0.130278,0.0326193,0.0024337
1.396,0.162897,0.130283,0.0326145,0.00243282
1.398,0.162897,0.130288,0.0326096,0.00243192
1.4,0.162897,0.130288,0.0326096,0.00243192
1.402,0.162897,0.130297,0.0325999,0.00243006
1.404,0.162897,0.130302,0.032595,0.0024291
1.406,0.162897,0.130307,0.0325902,0.00242812
1.408,0.162897,0.130312,0.0325853,0.00242711
1.41,0.162897,0.130322,0.0325756,0.002425
1.412,0.162897,0.130327,0.0325708,0.0024239
1.414,0.162897,0.130331,0.0325659,0.00242277
1.416,0.162897,0.130336,0.0325611,0.00242162
1.418,0.162897,0.130341,0.0325562,0.00242043
1.42,0.162897,0.130346,0.0325514,0.00241921
1.422,0.162897,0.130356,0.0325417,0.00241667
1.424,0.162897,0.130356,0.0325417,0.00241667
1.426,0.162897,0.13036,0.0325369,0.00241535
1.428,0.162897,0.130365,0.0325321,0.002414
1.43,0.162897,0.130375,0.0325224,0.0024112
1.432,0.162897,0.13038,0.0325176,0.00240975
1.434,0.162897,0.130385,0.0325128,0.00240826
1.436,0.162897,0.130394,0.0325032,0.00240519
1.438,0.162897,0.130394,0.0325032,0.00240519
1.44,0.162897,0.130399,0.0324983,0.00240361
1.442,0.162897,0.130409,0.0324887,0.00240033
1.444,0.162897,0.130409,0.0324887,0.00240033
1.446,0.162897,0.130413,0.032484,0.00239864
1.448,0.162897,0.130418,0.0324792,0.00239692
1.45,0.162897,0.130418,0.0324792,0.00239692
1.452,0.162897,0.130418,0.0324792,0.00239692
1.454,0.162897,0.130433,0.0324648,0.00239195
1.456,0.162897,0.130447,0.0324505,0.00238703
1.458,0.162897,0.130452,0.0324457,0.00238483
1.46,0.162897,0.130456,0.0324409,0.00238264
1.462,0.162897,0.130466,0.0324314,0.00237825
1.464,0.162897,0.130471,0.0324267,0.00237604
1.466,0.162897,0.130471,0.0324267,0.00237604
1.468,0.162897,0.13048,0.0324172,0.00237157
1.47,0.162897,0.130485,0.0324124,0.0023693
1.472,0.162897,0.13049,0.0324077,0.002367
1.474,0.162897,0.130494,0.032403,0.00236467
1.476,0.162897,0.130499,0.0323982,0.00236232
1.478,0.162897,0.130504,0.0323935,0.00235994
1.48,0.162897,0.130513,0.0323841,0.00235507
1.482,0.162897,0.130518,0.0323794,0.00235259
1.484,0.162897,0.130523,0.0323747,0.00235008
1.486,0.162897,0.130527,0.03237,0.00234753
1.488,0.162897,0.130532,0.0323653,0.00234495
1.49,0.162897,0.130541,0.0323559,0.00233968
1.492,0.162897,0.130546,0.0323513,0.00233699
1.494,0.162897,0.130546,0.0323513,0.00233699
1.496,0.162897,0.130565,0.0323326,0.00232703
1.498,0.162897,0.130569,0.032328,0.00232516
1.5,0.162897,0.130579,0.0323187,0.0023186
1.502,0.162897,0.130579,0.0323187,0.0023186
1.504,0.162897,0.130583,0.0323141,0.00231537
1.506,0.162897,0.130588,0.0323094,0.00231215
1.508,0.162897,0.130592,0.0323048,0.00230894
1.51,0.162897,0.130602,0.0322956,0.00230251
1.512,0.162897,0.130606,0.032291,0.00229928
1.514,0.162897,0.130611,0.0322864,0.00229604
1.516,0.162897,0.130615,0.0322818,0.00229277
1.518,0.162897,0.13062,0.0322772,0.00228948
1.52,0.162897,0.130629,0.0322681,0.00228282
1.522,0.162897,0.130629,0.0322681,0.00228282
1.524,0.162897,0.130634,0.0322635,0.00227945
1.526,0.162897,0.130643,0.0322545,0.00227262
1.528,0.162897,0.130647,0.0322499,0.00226916
1.53,0.162897,0.130652,0.0322454,0.00226567
1.532,0.162897,0.130652,0.0322454,0.00226567
1.534,0.162897,0.130674,0.0322228,0.00224882
1.536,0.162897,0.130679,0.0322183,0.00224609
1.538,0.162897,0.130683,0.0322139,0.00224199
1.54,0.162897,0.130688,0.0322094,0.00223793
1.542,0.162897,0.130692,0.0322049,0.0022339
1.544,0.162897,0.130701,0.032196,0.00222589
1.546,0.162897,0.130701,0.032196,0.00222589
1.548,0.162897,0.130706,0.0321916,0.00222189
1.55,0.162897,0.130715,0.0321827,0.00221387
1.552,0.162897,0.130719,0.0321783,0.00220984
1.554,0.162897,0.130723,0.0321739,0.00220579
1.556,0.162897,0.130723,0.0321739,0.00220579
1.558,0.162897,0.130732,0.0321651,0.00219764
1.56,0.162897,0.130737,0.0321607,0.00219353
1.562,0.162897,0.130741,0.0321563,0.00218939
1.564,0.162897,0.13075,0.0321476,0.00218105
1.566,0.162897,0.130754,0.0321432,0.00217684
1.568,0.162897,0.130758,0.0321389,0.00217261
1.57,0.162897,0.130763,0.0321345,0.00216835
1.572,0.162897,0.130767,0.0321302,0.00216406
1.574,0.162897,0.130771,0.0321259,0.00215974
1.576,0.162897,0.130776,0.0321216,0.0021554
1.578,0.162897,0.13078,0.0321173,0.00215103
1.58,0.162897,0.130789,0.0321087,0.00214222
1.582,0.162897,0.130793,0.0321044,0.00213777
1.584,0.162897,0.130797,0.0321001,0.0021333
1.586,0.162897,0.130801,0.0320959,0.00212881
1.588,0.162897,0.130806,0.0320916,0.00212428
1.59,0.162897,0.130814,0.0320832,0.00211516
1.592,0.162897,0.130814,0.0320832,0.00211516
1.594,0.162897,0.130823,0.0320747,0.00210595
1.596,0.162897,0.130835,0.0320622,0.00209229
1.598,0.162897,0.130839,0.032058,0.00208751
1.6,0.162897,0.130843,0.0320538,0.00208272
1.602,0.162897,0.130848,0.0320497,0.00207791
1.604,0.162897,0.130856,0.0320414,0.00206826
1.606,0.162897,0.13086,0.0320372,0.00206341
1.608,0.162897,0.130864,0.0320331,0.00205855
1.61,0.162897,0.130864,0.0320331,0.00205855
1.612,0.162897,0.130872,0.0320249,0.00204877
1.614,0.162897,0.130876,0.0320208,0.00204385
1.616,0.162897,0.130881,0.0320168,0.00203891
1.618,0.162897,0.130885,0.0320127,0.00203396
1.62,0.162897,0.130893,0.0320046,0.002024
1.622,0.162897,0.130893,0.0320046,0.002024
1.624,0.162897,0.130901,0.0319965,0.00201397
1.626,0.162897,0.130905,0.0319925,0.00200893
1.628,0.162897,0.130909,0.0319885,0.00200387
1.63,0.162897,0.130913,0.0319845,0.0019988
1.632,0.162897,0.130913,0.0319845,0.0019988
1.634,0.162897,0.130913,0.0319845,0.0019988
1.636,0.162897,0.130925,0.0319726,0.00198348
1.638,0.162897,0.130933,0.0319647,0.00197346
1.64,0.162897,0.130937,0.0319607,0.00196824
1.642,0.162897,0.130937,0.0319607,0.00196824
1.644,0.162897,0.130944,0.0319529,0.00195779
1.646,0.162897,0.130948,0.031949,0.00195256
1.648,0.162897,0.130952,0.0319451,0.00194732
1.65,0.162897,0.130956,0.0319412,0.00194207
1.652,0.162897,0.13096,0.0319373,0.00193681
1.654,0.162897,0.130964,0.0319335,0.00193154
1.656,0.162897,0.130972,0.0319258,0.00192098
1.658,0.162897,0.130975,0.0319219,0.00191568
1.66,0.162897,0.130975,0.0319219,0.00191568
1.662,0.162897,0.130979,0.0319181,0.00191038
1.664,0.162897,0.130987,0.0319105,0.00189974
1.666,0.162897,0.130987,0.0319105,0.00189974
1.668,0.162897,0.131006,0.0318917,0.00187388
1.67,0.162897,0.131009,0.0318879,0.00186926
1.672,0.162897,0.131013,0.0318842,0.00186358
1.674,0.162897,0.131017,0.0318805,0.00185794
1.676,0.162897,0.131021,0.0318768,0.00185234
1.678,0.162897,0.131024,0.0318731,0.00184679
1.68,0.162897,0.131028,0.0318694,0.00184126
1.682,0.162897,0.131035,0.0318621,0.00183026
1.684,0.162897,0.131039,0.0318584,0.00182479
1.686,0.162897,0.131042,0.0318548,0.00181932
1.688,0.162897,0.131046,0.0318512,0.00181386
1.69,0.162897,0.13105,0.0318475,0.00180841
1.692,0.162897,0.131053,0.0318439,0.00180297
1.694,0.162897,0.131057,0.0318403,0.00179753
1.696,0.162897,0.131061,0.0318368,0.00179209
1.698,0.162897,0.131064,0.0318332,0.00178665
1.7,0.162897,0.131071,0.0318261,0.00177579
1.702,0.162897,0.131071,0.0318261,0.00177579
1.704,0.162897,0.131078,0.031819,0.00176494
1.706,0.162897,0.131082,0.0318155,0.00175952
1.708,0.162897,0.131085,0.031812,0.0017541
1.71,0.162897,0.131089,0.0318085,0.00174869
1.712,0.162897,0.131092,0.031805,0.00174328
1.714,0.162897,0.131096,0.0318015,0.00173787
1.716,0.162897,0.131103,0.0317946,0.00172706
1.718,0.162897,0.131103,0.0317946,0.00172706
1.72,0.162897,0.13111,0.0317877,0.00171628
1.722,0.162897,0.131113,0.0317843,0.0017109
1.724,0.162897,0.131113,0.0317843,0.0017109
1.726,0.162897,0.131116,0.0317809,0.00170552
1.728,0.162897,0.131116,0.0317809,0.00170552
1.73,0.162897,0.131116,0.0317809,0.00170552
1.732,0.162897,0.131116,0.0317809,0.00170552
1.734,0.162897,0.131137,0.0317606,0.00167485
1.736,0.162897,0.131143,0.031754,0.0016637
1.738,0.162897,0.131143,0.031754,0.0016637
1.74,0.162897,0.13115,0.0317474,0.00165276
1.742,0.162897,0.131157,0.0317408,0.00164199
1.744,0.162897,0.13116,0.0317375,0.00163665
1.746,0.162897,0.131163,0.0317342,0.00163134
1.748,0.162897,0.131166,0.031731,0.00162605
1.75,0.162897,0.13117,0.0317277,0.00162079
1.752,0.162897,0.131173,0.0317245,0.00161554
1.754,0.162897,0.131176,0.0317213,0.00161032
1.756,0.162897,0.131182,0.0317149,0.00159993
1.758,0.162897,0.131186,0.0317117,0.00159476
1.76,0.162897,0.131189,0.0317085,0.00158961
1.762,0.162897,0.131195,0.0317022,0.00157943
1.764,0.162897,0.131195,0.0317022,0.00157943
1.766,0.162897,0.131198,0.031699,0.00157434
1.768,0.162897,0.131205,0.0316928,0.0015642
1.77,0.162897,0.131208,0.0316896,0.00155915
1.772,0.162897,0.131211,0.0316865,0.00155411
1.774,0.162897,0.131211,0.0316865,0.00155411
1.776,0.162897,0.131223,0.0316742,0.00153441
1.778,0.162897,0.131226,0.0316712,0.00152992
1.78,0.162897,0.131229,0.0316681,0.00152487
1.782,0.162897,0.131235,0.031662,0.00151489
1.784,0.162897,0.131235,0.031662,0.00151489
1.786,0.162897,0.131238,0.031659,0.00150996
1.788,0.162897,0.131244,0.031653,0.00150022
1.79,0.162897,0.131244,0.031653,0.00150022
1.792,0.162897,0.13125,0.031647,0.00149062
1.794,0.162897,0.131253,0.0316441,0.00148586
1.796,0.162897,0.131253,0.0316441,0.00148586
1.798,0.162897,0.131259,0.0316381,0.00147642
1.8,0.162897,0.131262,0.0316352,0.00147175
1.802,0.162897,0.131265,0.0316323,0.0014671
1.804,0.162897,0.131268,0.0316293,0.00146248
1.806,0.162897,0.131274,0.0316235,0.00145332
1.808,0.162897,0.131285,0.031612,0.00143599
1.81,0.162897,0.131288,0.0316091,0.00143215
1.812,0.162897,0.131291,0.0316063,0.00142749
1.814,0.162897,0.131297,0.0316006,0.00141839
1.816,0.162897,0.1313,0.0315977,0.00141394
1.818,0.162897,0.1313,0.0315977,0.00141394
1.82,0.162897,0.131305,0.0315921,0.0014052
1.822,0.162897,0.131308,0.0315893,0.0014009
1.824,0.162897,0.131311,0.0315865,0.00139665
1.826,0.162897,0.131314,0.0315837,0.00139243
1.828,0.162897,0.131319,0.0315782,0.00138412
1.83,0.162897,0.131319,0.0315782,0.00138412
1.832,0.162897,0.131325,0.0315727,0.00137594
1.834,0.162897,0.131327,0.0315699,0.00137191
1.836,0.162897,0.131333,0.0315645,0.00136395
1.838,0.162897,0.131333,0.0315645,0.00136395
1.84,0.162897,0.131336,0.0315617,0.00136002
1.842,0.162897,0.131341,0.0315563,0.00135226
1.844,0.162897,0.131341,0.0315563,0.00135226
1.846,0.162897,0.131344,0.0315536,0.00134843
1.848,0.162897,0.131349,0.0315483,0.00134087
1.85,0.162897,0.131349,0.0315483,0.00134087
1.852,0.162897,0.131354,0.0315429,0.00133344
1.854,0.162897,0.131357,0.0315403,0.00132978
1.856,0.162897,0.13136,0.0315376,0.00132616
1.858,0.162897,0.131362,0.031535,0.00132257
1.86,0.162897,0.131365,0.0315323,0.00131901
1.862,0.162897,0.131368,0.0315297,0.00131549
1.864,0.162897,0.13137,0.0315271,0.00131201
1.866,0.162897,0.13137,0.0315271,0.00131201
1.868,0.162897,0.131381,0.0315166,0.00129905
1.87,0.162897,0.131386,0.0315115,0.00129224
1.872,0.162897,0.131388,0.0315089,0.00128893
1.874,0.162897,0.131391,0.0315063,0.00128566
1.876,0.162897,0.131396,0.0315012,0.00127928
1.878,0.162897,0.131396,0.0315012,0.00127928
1.88,0.162897,0.131399,0.0314986,0.00127616
1.882,0.162897,0.131401,0.0314961,0.00127309
1.884,0.162897,0.131406,0.031491,0.00126706
1.886,0.162897,0.131409,0.0314885,0.00126411
1.888,0.162897,0.131411,0.031486,0.00126121
1.89,0.162897,0.131414,0.0314835,0.00125834
1.892,0.162897,0.131416,0.031481,0.00125551
1.894,0.162897,0.131419,0.0314784,0.00125272
1.896,0.162897,0.131421,0.0314759,0.00124997
1.898,0.162897,0.131426,0.031471,0.00124459
1.9,0.162897,0.131426,0.031471,0.00124459
1.902,0.162897,0.131436,0.0314611,0.00123452
1.904,0.162897,0.131439,0.0314586,0.00123244
1.906,0.162897,0.131441,0.0314561,0.00122988
1.908,0.162897,0.131444,0.0314537,0.00122738
1.91,0.162897,0.131446,0.0314512,0.00122495
1.912,0.162897,0.131449,0.0314488,0.00122256
1.914,0.162897,0.131451,0.0314463,0.00122024
1.916,0.162897,0.131453,0.0314439,0.00121796
1.918,0.162897,0.131458,0.0314391,0.00121354
1.92,0.162897,0.131461,0.0314366,0.0012114
1.922,0.162897,0.131463,0.0314342,0.00120931
1.924,0.162897,0.131465,0.0314318,0.00120726
1.926,0.162897,0.131468,0.0314294,0.00120525
1.928,0.162897,0.131473,0.0314246,0.00120135
1.93,0.162897,0.131475,0.0314222,0.00119947
1.932,0.162897,0.131475,0.0314222,0.00119947
1.934,0.162897,0.131478,0.0314198,0.00119763
1.936,0.162897,0.131487,0.0314102,0.00119083
1.938,0.162897,0.131489,0.0314078,0.00118916
1.94,0.162897,0.131492,0.0314055,0.00118752
1.942,0.162897,0.131497,0.0314007,0.0011844
1.944,0.162897,0.131499,0.0313984,0.00118291
1.946,0.162897,0.131501,0.031396,0.00118145
1.948,0.162897,0.131504,0.0313936,0.00118004
1.95,0.162897,0.131506,0.0313913,0.00117867
1.952,0.162897,0.131508,0.0313889,0.00117734
1.954,0.162897,0.131511,0.0313866,0.00117606
1.956,0.162897,0.131513,0.0313842,0.00117481
1.958,0.162897,0.131518,0.0313795,0.00117244
1.96,0.162897,0.131518,0.0313795,0.00117244
1.962,0.162897,0.131522,0.0313749,0.00117022
1.964,0.162897,0.131525,0.0313725,0.00116917
1.966,0.162897,0.131527,0.0313702,0.00116817
1.968,0.162897,0.131529,0.0313679,0.0011672
1.97,0.162897,0.131532,0.0313655,0.00116627
1.972,0.162897,0.131534,0.0313632,0.00116537
1.974,0.162897,0.131536,0.0313608,0.00116452
1.976,0.162897,0.131539,0.0313585,0.00116371
1.978,0.162897,0.131541,0.0313562,0.00116293
1.98,0.162897,0.131546,0.0313516,0.00116149
1.982,0.162897,0.131548,0.0313492,0.00116083
1.984,0.162897,0.13155,0.0313469,0.00116021
1.986,0.162897,0.131553,0.0313446,0.00115962
1.988,0.162897,0.131555,0.0313423,0.00115908
1.99,0.162897,0.131557,0.03134,0.00115857
1.992,0.162897,0.13156,0.0313376,0.00115809
1.994,0.162897,0.13156,0.0313376,0.00115809
1.996,0.162897,0.13156,0.0313376,0.00115809
1.998,0.162897,0.131562,0.0313353,0.00115766
2,0.162897,0.131574,0.0313238,0.0011572
2.002,0.162897,0.131576,0.0313214,0.00115765
2.004,0.162897,0.13158,0.0313168,0.00115666
2.006,0.162897,0.13158,0.0313168,0.00115666
2.008,0.162897,0.131585,0.0313122,0.00115604
2.01,0.162897,0.131587,0.0313099,0.00115585
2.012,0.162897,0.131587,0.0313099,0.00115585
2.014,0.162897,0.13159,0.0313076,0.00115573
2.016,0.162897,0.131594,0.0313029,0.00115565
2.018,0.162897,0.131599,0.0312983,0.00115578
2.02,0.162897,0.131599,0.0312983,0.00115578
2.022,0.162897,0.131604,0.0312937,0.00115607
2.024,0.162897,0.131606,0.0312914,0.00115628
2.026,0.162897,0.131608,0.0312891,0.00115653
2.028,0.162897,0.131611,0.0312868,0.00115682
2.03,0.162897,0.131615,0.0312821,0.00115749
2.032,0.162897,0.131615,0.0312821,0.00115749
2.034,0.162897,0.131615,0.0312821,0.00115749
2.036,0.162897,0.131624,0.0312729,0.00115989
2.038,0.162897,0.131624,0.0312729,0.00115989
2.04,0.162897,0.131627,0.0312705,0.00116028
2.042,0.162897,0.131629,0.0312682,0.00116073
2.044,0.162897,0.131634,0.0312636,0.00116178
2.046,0.162897,0.131636,0.0312613,0.00116237
2.048,0.162897,0.131638,0.0312589,0.001163
2.05,0.162897,0.131641,0.0312566,0.00116367
2.052,0.162897,0.131643,0.0312543,0.00116437
2.054,0.162897,0.131645,0.0312519,0.00116511
2.056,0.162897,0.131648,0.0312496,0.00116589
2.058,0.162897,0.13165,0.0312473,0.00116669
2.06,0.162897,0.131655,0.0312426,0.00116839
2.062,0.162897,0.131657,0.0312403,0.00116928
2.064,0.162897,0.131659,0.0312379,0.0011702
2.066,0.162897,0.131659,0.0312379,0.0011702
2.068,0.162897,0.131669,0.0312285,0.00117482
2.07,0.162897,0.131671,0.0312262,0.00117575
2.072,0.162897,0.131678,0.0312191,0.0011788
2.074,0.162897,0.131678,0.0312191,0.0011788
2.076,0.162897,0.131681,0.0312168,0.0011799
2.078,0.162897,0.131683,0.0312144,0.00118104
2.08,0.162897,0.131685,0.031212,0.0011822
2.082,0.162897,0.131688,0.0312097,0.0011834
2.084,0.162897,0.131692,0.0312049,0.00118587
2.086,0.162897,0.131695,0.0312025,0.00118715
2.088,0.162897,0.131697,0.0312002,0.00118845
2.09,0.162897,0.1317,0.0311978,0.00118977
2.092,0.162897,0.131702,0.0311954,0.00119112
2.094,0.162897,0.131707,0.0311906,0.00119388
2.096,0.162897,0.131707,0.0311906,0.00119388
2.098,0.162897,0.131711,0.0311859,0.00119671
2.1,0.162897,0.131714,0.0311835,0.00119816
2.102,0.162897,0.131716,0.0311811,0.00119963
2.104,0.162897,0.131719,0.0311787,0.00120112
2.106,0.162897,0.131721,0.0311763,0.00120262
2.108,0.162897,0.131723,0.0311738,0.00120414
2.11,0.162897,0.131726,0.0311714,0.00120568
2.112,0.162897,0.131731,0.0311666,0.00120881
2.114,0.162897,0.131733,0.0311642,0.00121039
2.116,0.162897,0.131736,0.0311618,0.00121199
2.118,0.162897,0.131738,0.0311593,0.00121361
2.12,0.162897,0.131738,0.0311593,0.00121361
2.122,0.162897,0.131743,0.0311545,0.00121689
2.124,0.162897,0.131745,0.031152,0.00121855
2.126,0.162897,0.131748,0.0311496,0.00122022
2.128,0.162897,0.131748,0.0311496,0.00122022
2.13,0.162897,0.13176,0.0311373,0.00122946
2.132,0.162897,0.131765,0.0311324,0.00123271
2.134,0.162897,0.131765,0.0311324,0.00123271
2.136,0.162897,0.131772,0.031125,0.00123782
2.138,0.162897,0.131772,0.031125,0.00123782
2.14,0.162897,0.131777,0.03112,0.00124153
2.142,0.162897,0.13178,0.0311175,0.00124326
2.144,0.162897,0.131782,0.031115,0.00124502
2.146,0.162897,0.131785,0.0311126,0.0012468
2.148,0.162897,0.13179,0.0311076,0.0012504
2.15,0.162897,0.13179,0.0311076,0.0012504
2.152,0.162897,0.131795,0.0311025,0.00125405
2.154,0.162897,0.131797,0.0311,0.00125588
2.156,0.162897,0.1318,0.0310975,0.00125773
2.158,0.162897,0.131802,0.031095,0.00125957
2.16,0.162897,0.131805,0.0310925,0.00126143
2.162,0.162897,0.131807,0.0310899,0.00126329
2.164,0.162897,0.131812,0.0310849,0.00126702
2.166,0.162897,0.131812,0.0310849,0.00126702
2.168,0.162897,0.131823,0.0310747,0.00127477
2.17,0.162897,0.131825,0.0310722,0.0012771
2.172,0.162897,0.131828,0.0310696,0.00127884
2.174,0.162897,0.13183,0.031067,0.0012806
2.176,0.162897,0.131833,0.0310645,0.00128239
2.178,0.162897,0.131835,0.0310619,0.00128419
2.18,0.162897,0.131841,0.0310567,0.00128783
2.182,0.162897,0.131843,0.0310542,0.00128966
2.184,0.162897,0.131846,0.0310516,0.00129149
2.186,0.162897,0.131848,0.031049,0.00129333
2.188,0.162897,0.131851,0.0310464,0.00129516
2.19,0.162897,0.131853,0.0310438,0.001297
2.192,0.162897,0.131856,0.0310412,0.00129883
2.194,0.162897,0.131859,0.0310386,0.00130067
2.196,0.162897,0.131861,0.031036,0.0013025
2.198,0.162897,0.131861,0.031036,0.0013025
2.2,0.162897,0.131874,0.0310229,0.00131228
2.202,0.162897,0.131877,0.0310203,0.00131471
2.204,0.162897,0.13188,0.0310177,0.00131624
2.206,0.162897,0.131882,0.031015,0.0013178
2.208,0.162897,0.131888,0.0310097,0.00132102
2.21,0.162897,0.13189,0.0310071,0.00132265
2.212,0.162897,0.13189,0.0310071,0.00132265
2.214,0.162897,0.131895,0.0310018,0.00132596
2.216,0.162897,0.131898,0.0309992,0.00132762
2.218,0.162897,0.131901,0.0309965,0.00132927
2.22,0.162897,0.131906,0.0309912,0.00133258
2.222,0.162897,0.131909,0.0309885,0.00133422
2.224,0.162897,0.131911,0.0309858,0.00133586
2.226,0.162897,0.131917,0.0309805,0.00133909
2.228,0.162897,0.131919,0.0309778,0.0013407
2.23,0.162897,0.131922,0.0309751,0.00134229
2.232,0.162897,0.131925,0.0309724,0.00134386
2.234,0.162897,0.131928,0.0309697,0.00134542
2.236,0.162897,0.13193,0.030967,0.00134697
2.238,0.162897,0.131936,0.0309616,0.0013485
2.24,0.162897,0.131938,0.0309589,0.00135127
2.242,0.162897,0.131938,0.0309589,0.00135127
2.244,0.162897,0.131944,0.0309535,0.0013543
2.246,0.162897,0.131946,0.0309508,0.00135579
2.248,0.162897,0.131949,0.0309481,0.00135724
2.25,0.162897,0.131952,0.0309454,0.00135867
2.252,0.162897,0.131955,0.0309427,0.00136008
2.254,0.162897,0.131955,0.0309427,0.00136008
2.256,0.162897,0.131955,0.0309427,0.00136008
2.258,0.162897,0.131968,0.030929,0.00136753
2.26,0.162897,0.131974,0.0309235,0.00136981
2.262,0.162897,0.131974,0.0309235,0.00136981
2.264,0.162897,0.131979,0.030918,0.00137209
2.266,0.162897,0.131982,0.0309153,0.00137322
2.268,0.162897,0.131985,0.0309126,0.00137433
2.27,0.162897,0.131987,0.0309098,0.00137544
2.272,0.162897,0.131987,0.0309098,0.00137544
2.274,0.162897,0.131993,0.0309043,0.00137759
2.276,0.162897,0.131996,0.0309015,0.00137864
2.278,0.162897,0.131999,0.0308988,0.00137967
2.28,0.162897,0.132004,0.0308933,0.00138166
2.282,0.162897,0.132007,0.0308905,0.00138263
2.284,0.162897,0.13201,0.0308877,0.00138356
2.286,0.162897,0.132012,0.030885,0.00138448
2.288,0.162897,0.132015,0.0308822,0.00138537
2.29,0.162897,0.132018,0.0308794,0.00138623
2.292,0.162897,0.132026,0.0308711,0.00138867
2.294,0.162897,0.132029,0.0308683,0.00138969
2.296,0.162897,0.132032,0.0308655,0.00139038
2.298,0.162897,0.132035,0.0308627,0.00139104
2.3,0.162897,0.13204,0.0308572,0.00139231
2.302,0.162897,0.132043,0.0308544,0.00139291
2.304,0.162897,0.132046,0.0308516,0.00139349
2.306,0.162897,0.132046,0.0308516,0.00139349
2.308,0.162897,0.132051,0.030846,0.00139456
2.31,0.162897,0.132054,0.0308432,0.00139506
2.312,0.162897,0.132057,0.0308404,0.00139553
2.314,0.162897,0.132062,0.0308349,0.00139638
2.316,0.162897,0.132062,0.0308349,0.00139638
2.318,0.162897,0.132068,0.0308293,0.00139712
2.32,0.162897,0.132071,0.0308265,0.00139744
2.322,0.162897,0.132074,0.0308237,0.00139773
2.324,0.162897,0.132074,0.0308237,0.00139773
2.326,0.162897,0.132088,0.0308097,0.00139946
2.328,0.162897,0.13209,0.0308069,0.0014002
2.33,0.162897,0.132093,0.0308041,0.00140002
2.332,0.162897,0.132099,0.0307985,0.00139969
2.334,0.162897,0.132102,0.0307957,0.00139953
2.336,0.162897,0.132104,0.0307929,0.00139937
2.338,0.162897,0.132107,0.0307901,0.00139919
2.34,0.162897,0.13211,0.0307873,0.001399
2.342,0.162897,0.132113,0.0307845,0.00139879
2.344,0.162897,0.132116,0.0307817,0.00139855
2.346,0.162897,0.132121,0.0307761,0.00139801
2.348,0.162897,0.132121,0.0307761,0.00139801
2.35,0.162897,0.132127,0.0307705,0.00139736
2.352,0.162897,0.13213,0.0307677,0.00139699
2.354,0.162897,0.13213,0.0307677,0.00139699
2.356,0.162897,0.132135,0.0307622,0.00139616
2.358,0.162897,0.132141,0.0307566,0.0013952
2.36,0.162897,0.132144,0.0307538,0.00139467
2.362,0.162897,0.132146,0.030751,0.00139411
2.364,0.162897,0.132149,0.0307482,0.00139352
2.366,0.162897,0.132152,0.0307454,0.00139289
2.368,0.162897,0.132155,0.0307426,0.00139223
2.37,0.162897,0.132157,0.0307398,0.00139153
2.372,0.162897,0.132163,0.0307343,0.00139003
2.374,0.162897,0.132163,0.0307343,0.00139003
2.376,0.162897,0.132166,0.0307315,0.00138924
2.378,0.162897,0.132171,0.030726,0.00138754
2.38,0.162897,0.132174,0.0307232,0.00138663
2.382,0.162897,0.132177,0.0307204,0.0013857
2.384,0.162897,0.132177,0.0307204,0.0013857
2.386,0.162897,0.132177,0.0307204,0.0013857
2.388,0.162897,0.132191,0.0307066,0.00138118
2.39,0.162897,0.132193,0.0307038,0.00137991
2.392,0.162897,0.132196,0.0307011,0.00137862
2.394,0.162897,0.132199,0.0306983,0.00137732
2.396,0.162897,0.132204,0.0306928,0.00137466
2.398,0.162897,0.132204,0.0306928,0.00137466
2.4,0.162897,0.13221,0.0306873,0.00137191
2.402,0.162897,0.132213,0.0306846,0.0013705
2.404,0.162897,0.132218,0.0306791,0.00136758
2.406,0.162897,0.132218,0.0306791,0.00136758
2.408,0.162897,0.132221,0.0306764,0.00136607
2.41,0.162897,0.132224,0.0306736,0.00136453
2.412,0.162897,0.132226,0.0306709,0.00136296
2.414,0.162897,0.132232,0.0306655,0.00135973
2.416,0.162897,0.132235,0.0306628,0.00135806
2.418,0.162897,0.13224,0.0306573,0.00135463
2.42,0.162897,0.132243,0.0306546,0.00135287
2.422,0.162897,0.132245,0.0306519,0.00135107
2.424,0.162897,0.132248,0.0306492,0.00134924
2.426,0.162897,0.132251,0.0306465,0.00134737
2.428,0.162897,0.132253,0.0306439,0.00134547
2.43,0.162897,0.132259,0.0306385,0.00134158
2.432,0.162897,0.132261,0.0306358,0.00133958
2.434,0.162897,0.132267,0.0306305,0.00133549
2.436,0.162897,0.132267,0.0306305,0.00133549
2.438,0.162897,0.13227,0.0306278,0.00133339
2.44,0.162897,0.132275,0.0306225,0.0013291
2.442,0.162897,0.132275,0.0306225,0.0013291
2.444,0.162897,0.13228,0.0306172,0.00132469
2.446,0.162897,0.132283,0.0306145,0.00132243
2.448,0.162897,0.132285,0.0306119,0.00132015
2.45,0.162897,0.132285,0.0306119,0.00132015
2.452,0.162897,0.132291,0.0306066,0.00131548
2.454,0.162897,0.132293,0.030604,0.00131309
2.456,0.162897,0.132304,0.0305935,0.00130388
2.458,0.162897,0.132309,0.0305883,0.00129856
2.46,0.162897,0.132309,0.0305883,0.00129856
2.462,0.162897,0.132312,0.0305857,0.00129589
2.464,0.162897,0.132317,0.0305806,0.0012905
2.466,0.162897,0.132317,0.0305806,0.0012905
2.468,0.162897,0.132322,0.0305754,0.00128503
2.47,0.162897,0.132324,0.0305728,0.00128226
2.472,0.162897,0.132324,0.0305728,0.00128226
2.474,0.162897,0.13233,0.0305677,0.00127665
2.476,0.162897,0.132332,0.0305652,0.00127381
2.478,0.162897,0.132335,0.0305627,0.00127095
2.48,0.162897,0.132337,0.0305601,0.00126806
2.482,0.162897,0.13234,0.0305576,0.00126514
2.484,0.162897,0.132342,0.0305551,0.0012622
2.486,0.162897,0.132345,0.0305525,0.00125923
2.488,0.162897,0.132347,0.03055,0.00125624
2.49,0.162897,0.132352,0.030545,0.00125017
2.492,0.162897,0.132355,0.0305425,0.0012471
2.494,0.162897,0.132357,0.03054,0.00124401
2.496,0.162897,0.13236,0.0305376,0.00124089
2.498,0.162897,0.132365,0.0305326,0.00123457
2.5,0.162897,0.132367,0.0305302,0.00123138
2.502,0.162897,0.132367,0.0305302,0.00123138
2.504,0.162897,0.132372,0.0305253,0.00122492
2.506,0.162897,0.132374,0.0305228,0.00122166
2.508,0.162897,0.132377,0.0305204,0.00121837
2.51,0.162897,0.132379,0.0305179,0.00121506
2.512,0.162897,0.132379,0.0305179,0.00121506
2.514,0.162897,0.132389,0.0305083,0.00120214
2.516,0.162897,0.132389,0.0305083,0.00120214
2.518,0.162897,0.132394,0.0305035,0.00119509
2.52,0.162897,0.132394,0.0305035,0.00119509
2.522,0.162897,0.132396,0.0305011,0.00119156
2.524,0.162897,0.132401,0.0304964,0.00118447
2.526,0.162897,0.132403,0.030494,0.00118091
2.528,0.162897,0.132403,0.030494,0.00118091
2.53,0.162897,0.132408,0.0304893,0.00117376
2.532,0.162897,0.13241,0.030487,0.00117016
2.534,0.162897,0.132413,0.0304846,0.00116655
2.536,0.162897,0.132415,0.0304823,0.00116292
2.538,0.162897,0.132417,0.03048,0.00115928
2.54,0.162897,0.132422,0.0304754,0.00115194
2.542,0.162897,0.132422,0.0304754,0.00115194
2.544,0.162897,0.132427,0.0304708,0.00114455
2.546,0.162897,0.132429,0.0304685,0.00114083
2.548,0.162897,0.132429,0.0304685,0.00114083
2.55,0.162897,0.132438,0.0304594,0.00112581
2.552,0.162897,0.132438,0.0304594,0.00112581
2.554,0.162897,0.132442,0.030455,0.00111836
2.556,0.162897,0.132445,0.0304527,0.00111451
2.558,0.162897,0.132447,0.0304505,0.00111066
2.56,0.162897,0.132449,0.0304483,0.00110679
2.562,0.162897,0.132451,0.0304461,0.00110292
2.564,0.162897,0.132453,0.0304439,0.00109905
2.566,0.162897,0.132458,0.0304395,0.00109126
2.568,0.162897,0.13246,0.0304374,0.00108735
2.57,0.162897,0.13246,0.0304374,0.00108735
2.572,0.162897,0.132464,0.030433,0.00107952
2.574,0.162897,0.132466,0.0304309,0.00107558
2.576,0.162897,0.132469,0.0304287,0.00107164
2.578,0.162897,0.132471,0.0304266,0.00106769
2.58,0.162897,0.132481,0.030416,0.0010483
2.582,0.162897,0.132483,0.0304139,0.00104472
2.584,0.162897,0.132487,0.0304098,0.00103641
2.586,0.162897,0.132487,0.0304098,0.00103641
2.588,0.162897,0.13249,0.0304077,0.00103229
2.59,0.162897,0.132494,0.0304036,0.0010241
2.592,0.162897,0.132496,0.0304016,0.00102002
2.594,0.162897,0.132498,0.0303995,0.00101595
2.596,0.162897,0.1325,0.0303975,0.00101189
2.598,0.162897,0.132502,0.0303955,0.00100783
2.6,0.162897,0.132504,0.0303935,0.00100359
2.602,0.162897,0.132506,0.0303915,0.000999569
2.604,0.162897,0.13251,0.0303875,0.000991528
2.606,0.162897,0.132512,0.0303856,0.000987502
2.608,0.162897,0.132514,0.0303836,0.000983474
2.61,0.162897,0.132516,0.0303816,0.000979445
2.612,0.162897,0.132518,0.0303797,0.000975415
2.614,0.162897,0.132521,0.0303758,0.000967355
2.616,0.162897,0.132521,0.0303758,0.000967355
2.618,0.162897,0.132525,0.030372,0.000959301
2.62,0.162897,0.132527,0.03037,0.000955276
2.622,0.162897,0.132529,0.0303681,0.000951255
2.624,0.162897,0.132529,0.0303681,0.000951255
2.626,0.162897,0.132533,0.0303644,0.000943222
2.628,0.162897,0.132535,0.0303625,0.000939212
2.63,0.162897,0.132537,0.0303606,0.000935206
2.632,0.162897,0.132539,0.0303587,0.000931205
2.634,0.162897,0.13254,0.0303569,0.00092721
2.636,0.162897,0.132542,0.0303551,0.000923221
2.638,0.162897,0.132544,0.0303532,0.000919237
2.64,0.162897,0.132544,0.0303532,0.000919237
2.642,0.162897,0.132553,0.0303441,0.000899827
2.644,0.162897,0.132557,0.0303406,0.000891818
2.646,0.162897,0.132557,0.0303406,0.000891818
2.648,0.162897,0.13256,0.030337,0.000883897
2.65,0.162897,0.132562,0.0303353,0.000879967
2.652,0.162897,0.132564,0.0303335,0.000876053
2.654,0.162897,0.132566,0.0303318,0.000872157
2.656,0.162897,0.132567,0.03033,0.000868276
2.658,0.162897,0.132569,0.0303283,0.00086441
2.66,0.162897,0.132571,0.0303266,0.000860425
2.662,0.162897,0.132572,0.0303249,0.000856616
2.664,0.162897,0.132574,0.0303232,0.000852817
2.666,0.162897,0.132576,0.0303215,0.000849029
2.668,0.162897,0.132579,0.0303181,0.000841487
2.67,0.162897,0.132579,0.0303181,0.000841487
2.672,0.162897,0.132583,0.0303147,0.000833997
2.674,0.162897,0.132584,0.0303131,0.000830273
2.676,0.162897,0.132586,0.0303114,0.000826564
2.678,0.162897,0.132588,0.0303098,0.00082287
2.68,0.162897,0.132589,0.0303081,0.000819192
2.682,0.162897,0.132591,0.0303065,0.000815531
2.684,0.162897,0.132594,0.0303033,0.00080826
2.686,0.162897,0.132596,0.0303017,0.00080465
2.688,0.162897,0.132597,0.0303001,0.000801059
2.69,0.162897,0.132599,0.0302985,0.000797486
2.692,0.162897,0.132602,0.0302953,0.000790398
2.694,0.162897,0.132602,0.0302953,0.000790398
2.696,0.162897,0.132604,0.0302937,0.000786883
2.698,0.162897,0.132607,0.0302906,0.000779914
2.7,0.162897,0.132607,0.0302906,0.000779914
2.702,0.162897,0.13261,0.0302875,0.000773027
2.704,0.162897,0.13261,0.0302875,0.000773027
2.706,0.162897,0.13261,0.0302875,0.000773027
2.708,0.162897,0.132611,0.030286,0.000769616
2.71,0.162897,0.132617,0.0302799,0.000756533
2.712,0.162897,0.13262,0.0302769,0.000750124
2.714,0.162897,0.13262,0.0302769,0.000750124
2.716,0.162897,0.132622,0.0302754,0.000746763
2.718,0.162897,0.132625,0.0302724,0.000740178
2.72,0.162897,0.132626,0.0302709,0.000736946
2.722,0.162897,0.132628,0.0302695,0.000733749
2.724,0.162897,0.132629,0.030268,0.000730587
2.726,0.162897,0.132632,0.0302651,0.000724359
2.728,0.162897,0.132632,0.0302651,0.000724359
2.73,0.162897,0.132635,0.0302622,0.000718253
2.732,0.162897,0.132637,0.0302608,0.000715245
2.734,0.162897,0.132638,0.0302594,0.000712265
2.736,0.162897,0.132641,0.0302565,0.000706393
2.738,0.162897,0.132641,0.0302565,0.000706393
2.74,0.162897,0.132642,0.0302551,0.000703501
2.742,0.162897,0.132645,0.0302523,0.000697802
2.744,0.162897,0.132645,0.0302523,0.000697802
2.746,0.162897,0.132646,0.0302509,0.000694996
2.748,0.162897,0.132649,0.0302482,0.000689473
2.75,0.162897,0.13265,0.0302468,0.000686755
2.752,0.162897,0.132652,0.0302454,0.000684068
2.754,0.162897,0.132653,0.0302441,0.00068141
2.756,0.162897,0.132655,0.0302427,0.000678783
2.758,0.162897,0.132656,0.0302414,0.000676186
2.76,0.162897,0.132657,0.03024,0.00067362
2.762,0.162897,0.132659,0.0302387,0.000671084
2.764,0.162897,0.132661,0.030236,0.000666107
2.766,0.162897,0.132663,0.0302347,0.000663665
2.768,0.162897,0.132663,0.0302347,0.000663665
2.77,0.162897,0.132663,0.0302347,0.000663665
2.772,0.162897,0.132669,0.0302281,0.000652249
2.774,0.162897,0.132672,0.0302255,0.000647667
2.776,0.162897,0.132672,0.0302255,0.000647667
2.778,0.162897,0.132673,0.0302242,0.000645443
2.78,0.162897,0.132674,0.0302229,0.00064326
2.782,0.162897,0.132676,0.0302217,0.000641118
2.784,0.162897,0.132678,0.0302191,0.00063695
2.786,0.162897,0.132679,0.0302178,0.000634922
2.788,0.162897,0.132681,0.0302166,0.000632932
2.79,0.162897,0.132681,0.0302166,0.000632932
2.792,0.162897,0.132683,0.030214,0.000629059
2.794,0.162897,0.132684,0.0302128,0.000627177
2.796,0.162897,0.132687,0.0302103,0.000623519
2.798,0.162897,0.132688,0.030209,0.000621743
2.8,0.162897,0.132691,0.0302066,0.000618299
2.802,0.162897,0.132691,0.0302066,0.000618299
2.804,0.162897,0.132693,0.0302041,0.000614996
2.806,0.162897,0.132693,0.0302041,0.000614996
2.808,0.162897,0.132698,0.0301992,0.000608931
2.81,0.162897,0.132699,0.030198,0.000607675
2.812,0.162897,0.132702,0.0301956,0.000604759
2.814,0.162897,0.132702,0.0301956,0.000604759
2.816,0.162897,0.132704,0.0301932,0.00060203
2.818,0.162897,0.132704,0.0301932,0.00060203
2.82,0.162897,0.132707,0.0301908,0.000599475
2.822,0.162897,0.132708,0.0301896,0.000598258
2.824,0.162897,0.132709,0.0301884,0.000597082
2.826,0.162897,0.13271,0.0301872,0.000595945
2.828,0.162897,0.132711,0.030186,0.000594846
2.83,0.162897,0.132712,0.0301848,0.000593786
2.832,0.162897,0.132714,0.0301836,0.000592764
2.834,0.162897,0.132716,0.0301813,0.000590832
2.836,0.162897,0.132716,0.0301813,0.000590832
2.838,0.162897,0.132718,0.0301789,0.00058905
2.84,0.162897,0.132718,0.0301789,0.00058905
2.842,0.162897,0.132723,0.0301742,0.000586243
2.844,0.162897,0.132725,0.0301719,0.000584789
2.846,0.162897,0.132725,0.0301719,0.000584789
2.848,0.162897,0.132727,0.0301707,0.000584134
2.85,0.162897,0.132729,0.0301684,0.000582959
2.852,0.162897,0.132729,0.0301684,0.000582959
2.854,0.162897,0.132731,0.030166,0.000581952
2.856,0.162897,0.132732,0.0301649,0.000581509
2.858,0.162897,0.132735,0.0301625,0.000580741
2.86,0.162897,0.132735,0.0301625,0.000580741
2.862,0.162897,0.132738,0.0301591,0.000579988
2.864,0.162897,0.132739,0.0301579,0.000579751
2.866,0.162897,0.132741,0.0301567,0.000579554
2.868,0.162897,0.132742,0.0301556,0.000579398
2.87,0.162897,0.132743,0.0301544,0.000579282
2.872,0.162897,0.132744,0.0301533,0.000579205
2.874,0.162897,0.132746,0.0301509,0.000579163
2.876,0.162897,0.132747,0.0301498,0.000579199
2.878,0.162897,0.132747,0.0301498,0.000579199
2.88,0.162897,0.13275,0.0301475,0.000579379
2.882,0.162897,0.132751,0.0301463,0.000579523
2.884,0.162897,0.132752,0.0301452,0.000579703
2.886,0.162897,0.132753,0.030144,0.000579919
2.888,0.162897,0.132756,0.0301417,0.000580457
2.89,0.162897,0.132756,0.0301417,0.000580457
2.892,0.162897,0.132758,0.0301394,0.000581134
2.894,0.162897,0.132759,0.0301382,0.000581524
2.896,0.162897,0.13276,0.030137,0.000581949
2.898,0.162897,0.132761,0.0301359,0.000582409
2.9,0.162897,0.132763,0.0301347,0.000582902
2.902,0.162897,0.132764,0.0301335,0.000583429
2.904,0.162897,0.132766,0.0301312,0.000584585
2.906,0.162897,0.132771,0.0301265,0.000587634
2.908,0.162897,0.132772,0.0301253,0.00058869
2.91,0.162897,0.132773,0.0301241,0.000589356
2.912,0.162897,0.132774,0.030123,0.000590076
2.914,0.162897,0.132776,0.0301218,0.000590849
2.916,0.162897,0.132777,0.0301206,0.000591671
2.918,0.162897,0.132778,0.0301194,0.000592473
2.92,0.162897,0.13278,0.030117,0.000594232
2.922,0.162897,0.132781,0.0301159,0.000595184
2.924,0.162897,0.132781,0.0301159,0.000595184
2.926,0.162897,0.132784,0.0301135,0.00059722
2.928,0.162897,0.132785,0.0301123,0.000598299
2.93,0.162897,0.132786,0.0301111,0.000599417
2.932,0.162897,0.132789,0.0301087,0.000601761
2.934,0.162897,0.13279,0.0301075,0.000602985
2.936,0.162897,0.132791,0.0301062,0.00060424
2.938,0.162897,0.132791,0.0301062,0.00060424
2.94,0.162897,0.132791,0.0301062,0.00060424
2.942,0.162897,0.132795,0.0301026,0.000608321
2.944,0.162897,0.132796,0.0301014,0.000609673
2.946,0.162897,0.132797,0.0301002,0.000611057
2.948,0.162897,0.1328,0.0300977,0.00061392
2.95,0.162897,0.1328,0.0300977,0.00061392
2.952,0.162897,0.132802,0.0300952,0.000616901
2.954,0.162897,0.132803,0.030094,0.000618434
2.956,0.162897,0.132803,0.030094,0.000618434
2.958,0.162897,0.132806,0.0300915,0.00062158
2.96,0.162897,0.132807,0.0300903,0.000623192
2.962,0.162897,0.132808,0.030089,0.00062483
2.964,0.162897,0.13281,0.0300878,0.000626493
2.966,0.162897,0.132811,0.0300865,0.00062818
2.968,0.162897,0.132813,0.030084,0.000631626
2.97,0.162897,0.132813,0.030084,0.000631626
2.972,0.162897,0.132813,0.030084,0.000631626
2.974,0.162897,0.132817,0.0300802,0.00063697
2.976,0.162897,0.13282,0.0300776,0.000640755
2.978,0.162897,0.132821,0.0300763,0.000642604
2.98,0.162897,0.132822,0.0300751,0.000644478
2.982,0.162897,0.132825,0.0300725,0.000646377
2.984,0.162897,0.132825,0.0300725,0.000648299
2.986,0.162897,0.132826,0.0300712,0.000650119
2.988,0.162897,0.132829,0.0300686,0.000654118
2.99,0.162897,0.132829,0.0300686,0.000654118
2.992,0.162897,0.132831,0.0300659,0.000658185
2.994,0.162897,0.132833,0.0300646,0.000660243
2.996,0.162897,0.132833,0.0300646,0.000660243
2.998,0.162897,0.132835,0.030062,0.00066441
3,0.162897,0.132838,0.0300593,0.000668759
3.002,0.162897,0.132838,0.0300593,0.000668759
3.004,0.162897,0.132839,0.0300579,0.000670878
3.006,0.162897,0.132841,0.0300566,0.000673018
3.008,0.162897,0.132843,0.0300539,0.000677354
3.01,0.162897,0.132845,0.0300525,0.000679549
3.012,0.162897,0.132846,0.0300512,0.000681761
3.014,0.162897,0.132847,0.0300498,0.000683989
3.016,0.162897,0.132849,0.0300484,0.000686233
3.018,0.162897,0.13285,0.030047,0.000688491
3.02,0.162897,0.132852,0.0300457,0.000690764
3.022,0.162897,0.132854,0.0300429,0.00069535
3.024,0.162897,0.132854,0.0300429,0.00069535
3.026,0.162897,0.132857,0.0300401,0.000699988
3.028,0.162897,0.132859,0.0300387,0.000702326
3.03,0.162897,0.13286,0.0300373,0.000704674
3.032,0.162897,0.132861,0.0300359,0.000707034
3.034,0.162897,0.132861,0.0300359,0.000707034
3.036,0.162897,0.132867,0.0300302,0.000716727
3.038,0.162897,0.13287,0.0300273,0.000721749
3.04,0.162897,0.132871,0.0300258,0.000724108
3.042,0.162897,0.132873,0.0300244,0.000726488
3.044,0.162897,0.132874,0.0300229,0.000728886
3.046,0.162897,0.132877,0.03002,0.000733726
3.048,0.162897,0.132879,0.0300185,0.000736164
3.05,0.162897,0.132882,0.0300156,0.00074107
3.052,0.162897,0.132882,0.0300156,0.00074107
3.054,0.162897,0.132885,0.0300126,0.000746007
3.056,0.162897,0.132886,0.0300111,0.000748485
3.058,0.162897,0.132888,0.0300096,0.000750968
3.06,0.162897,0.132889,0.0300081,0.000753456
3.062,0.162897,0.132892,0.0300051,0.000758442
3.064,0.162897,0.132894,0.0300035,0.000760939
3.066,0.162897,0.132895,0.030002,0.000763439
3.068,0.162897,0.132897,0.0300005,0.00076594
3.07,0.162897,0.132898,0.0299989,0.000768443
3.072,0.162897,0.1329,0.0299974,0.000770946
3.074,0.162897,0.132901,0.0299958,0.00077345
3.076,0.162897,0.132903,0.0299943,0.000775953
3.078,0.162897,0.132905,0.0299927,0.000778455
3.08,0.162897,0.132908,0.0299896,0.000783457
3.082,0.162897,0.132911,0.0299865,0.00078845
3.084,0.162897,0.132914,0.0299833,0.000793433
3.086,0.162897,0.132914,0.0299833,0.000793433
3.088,0.162897,0.132917,0.0299801,0.000798401
3.09,0.162897,0.132917,0.0299801,0.000798401
3.092,0.162897,0.13292,0.0299769,0.00080335
3.094,0.162897,0.132922,0.0299753,0.000805818
3.096,0.162897,0.132924,0.0299737,0.000808279
3.098,0.162897,0.132925,0.029972,0.000810734
3.1,0.162897,0.132927,0.0299704,0.000813183
3.102,0.162897,0.13293,0.0299671,0.00081806
3.104,0.162897,0.132932,0.0299655,0.000820486
3.106,0.162897,0.132933,0.0299639,0.000822905
3.108,0.162897,0.132935,0.0299622,0.000825315
3.11,0.162897,0.132937,0.0299606,0.000827716
3.112,0.162897,0.132937,0.0299606,0.000827716
3.114,0.162897,0.132938,0.0299589,0.000830108
3.116,0.162897,0.132945,0.0299522,0.00084005
3.118,0.162897,0.132947,0.0299505,0.000842302
3.12,0.162897,0.13295,0.0299471,0.000846811
3.122,0.162897,0.13295,0.0299471,0.000846811
3.124,0.162897,0.132954,0.0299437,0.000851317
3.126,0.162897,0.132955,0.029942,0.000853562
3.128,0.162897,0.132957,0.0299403,0.0008558
3.13,0.162897,0.132959,0.0299386,0.000858028
3.132,0.162897,0.13296,0.0299369,0.000860246
3.134,0.162897,0.132964,0.0299334,0.000864645
3.136,0.162897,0.132964,0.0299334,0.000864645
3.138,0.162897,0.132966,0.0299317,0.000866825
3.14,0.162897,0.132967,0.02993,0.000868991
3.142,0.162897,0.132971,0.0299265,0.000873277
3.144,0.162897,0.132971,0.0299265,0.000873277
3.146,0.162897,0.132974,0.029923,0.000877499
3.148,0.162897,0.132976,0.0299212,0.000879584
3.15,0.162897,0.13298,0.0299177,0.000883702
3.152,0.162897,0.13298,0.0299177,0.000883702
3.154,0.162897,0.132981,0.0299159,0.000885733
3.156,0.162897,0.132985,0.0299123,0.000889739
3.158,0.162897,0.132987,0.0299106,0.000891712
3.16,0.162897,0.132989,0.0299088,0.000893666
3.162,0.162897,0.13299,0.029907,0.000895599
3.164,0.162897,0.132992,0.0299052,0.000897511
3.166,0.162897,0.132994,0.0299034,0.000899402
3.168,0.162897,0.132996,0.0299016,0.000901272
3.17,0.162897,0.132998,0.0298998,0.00090312
3.172,0.162897,0.132999,0.029898,0.000904946
3.174,0.162897,0.133003,0.0298943,0.00090853
3.176,0.162897,0.133005,0.0298925,0.000910288
3.178,0.162897,0.133005,0.0298925,0.000910288
3.18,0.162897,0.133005,0.0298925,0.000910288
3.182,0.162897,0.133014,0.0298834,0.000919651
3.184,0.162897,0.133016,0.0298815,0.000921094
3.186,0.162897,0.133018,0.0298797,0.000922377
3.188,0.162897,0.133019,0.0298778,0.000923852
3.19,0.162897,0.133023,0.0298741,0.000926772
3.192,0.162897,0.133025,0.0298723,0.00092821
3.194,0.162897,0.133027,0.0298704,0.000929629
3.196,0.162897,0.133029,0.0298685,0.000931029
3.198,0.162897,0.133031,0.0298667,0.000932407
3.2,0.162897,0.133032,0.0298648,0.000933761
3.202,0.162897,0.133034,0.0298629,0.000935092
3.204,0.162897,0.133036,0.0298611,0.000936398
3.206,0.162897,0.13304,0.0298573,0.00093893
3.208,0.162897,0.133042,0.0298554,0.000940156
3.21,0.162897,0.133044,0.0298536,0.000941355
3.212,0.162897,0.133048,0.0298498,0.000943666
3.214,0.162897,0.133048,0.0298498,0.000943666
3.216,0.162897,0.133053,0.0298441,0.000946914
3.218,0.162897,0.133055,0.0298422,0.000948113
3.22,0.162897,0.133057,0.0298403,0.000949075
3.222,0.162897,0.133059,0.0298384,0.00095001
3.224,0.162897,0.133063,0.0298346,0.000951802
3.226,0.162897,0.133063,0.0298346,0.000951802
3.228,0.162897,0.133066,0.0298308,0.000953482
3.23,0.162897,0.133068,0.0298289,0.000954278
3.232,0.162897,0.13307,0.029827,0.000955044
3.234,0.162897,0.133072,0.0298251,0.00095578
3.236,0.162897,0.133076,0.0298212,0.000957156
3.238,0.162897,0.133078,0.0298193,0.000957796
3.24,0.162897,0.13308,0.0298174,0.000958405
3.242,0.162897,0.133082,0.0298155,0.00095898
3.244,0.162897,0.133084,0.0298136,0.000959523
3.246,0.162897,0.133086,0.0298117,0.000960032
3.248,0.162897,0.133088,0.0298097,0.000960508
3.25,0.162897,0.133095,0.029802,0.000962563
3.252,0.162897,0.133099,0.0297982,0.00096298
3.254,0.162897,0.133099,0.0297982,0.00096298
3.256,0.162897,0.133103,0.0297943,0.000963312
3.258,0.162897,0.133105,0.0297924,0.000963441
3.26,0.162897,0.133105,0.0297924,0.000963441
3.262,0.162897,0.133109,0.0297885,0.000963616
3.264,0.162897,0.133109,0.0297885,0.000963616
3.266,0.162897,0.133113,0.0297847,0.00096367
3.268,0.162897,0.133116,0.0297808,0.000963597
3.27,0.162897,0.13312,0.029777,0.000963529
3.272,0.162897,0.13312,0.029777,0.000963529
3.274,0.162897,0.133126,0.0297712,0.000962897
3.276,0.162897,0.133128,0.0297693,0.000962792
3.278,0.162897,0.133132,0.0297654,0.000962093
3.28,0.162897,0.133134,0.0297635,0.000961533
3.282,0.162897,0.133136,0.0297616,0.000961139
3.284,0.162897,0.133136,0.0297616,0.000961139
3.286,0.162897,0.13314,0.0297577,0.000960244
3.288,0.162897,0.133143,0.0297539,0.000959201
3.29,0.162897,0.133145,0.029752,0.000958624
3.292,0.162897,0.133147,0.0297501,0.000958011
3.294,0.162897,0.133149,0.0297482,0.000957361
3.296,0.162897,0.133151,0.0297462,0.000956675
3.298,0.162897,0.133153,0.0297443,0.000955952
3.3,0.162897,0.133155,0.0297424,0.000955194
3.302,0.162897,0.133159,0.0297386,0.000953568
3.304,0.162897,0.133161,0.0297367,0.000952701
3.306,0.162897,0.133161,0.0297367,0.000952701
3.308,0.162897,0.133164,0.0297329,0.000950858
3.31,0.162897,0.133166,0.029731,0.000949883
3.312,0.162897,0.133168,0.0297291,0.000948872
3.314,0.162897,0.13317,0.0297272,0.000947825
3.316,0.162897,0.133172,0.0297253,0.000946742
3.318,0.162897,0.133174,0.0297234,0.000945623
3.32,0.162897,0.133176,0.0297215,0.000944469
3.322,0.162897,0.133176,0.0297215,0.000944469
3.324,0.162897,0.133176,0.0297215,0.000944469
3.326,0.162897,0.133181,0.0297159,0.000940792
3.328,0.162897,0.133187,0.0297102,0.000937058
3.33,0.162897,0.133189,0.0297084,0.000935608
3.332,0.162897,0.133193,0.0297046,0.000932626
3.334,0.162897,0.133193,0.0297046,0.000932626
3.336,0.162897,0.133196,0.0297009,0.00092953
3.338,0.162897,0.133196,0.0297009,0.00092953
3.34,0.162897,0.1332,0.0296972,0.000926311
3.342,0.162897,0.133202,0.0296954,0.000924655
3.344,0.162897,0.133206,0.0296917,0.000921245
3.346,0.162897,0.133206,0.0296917,0.000921245
3.348,0.162897,0.133209,0.029688,0.000917705
3.35,0.162897,0.133211,0.0296862,0.000915885
3.352,0.162897,0.133211,0.0296862,0.000915885
3.354,0.162897,0.133218,0.0296789,0.000908119
3.356,0.162897,0.13322,0.0296771,0.00090615
3.358,0.162897,0.133222,0.0296753,0.000904162
3.36,0.162897,0.133224,0.0296735,0.000902137
3.362,0.162897,0.133226,0.0296717,0.000900075
3.364,0.162897,0.133227,0.0296699,0.000897978
3.366,0.162897,0.133229,0.0296681,0.000895846
3.368,0.162897,0.133231,0.0296663,0.00089368
3.37,0.162897,0.133233,0.0296645,0.00089148
3.372,0.162897,0.133236,0.0296609,0.000886983
3.374,0.162897,0.133238,0.0296592,0.000884687
3.376,0.162897,0.13324,0.0296574,0.000882359
3.378,0.162897,0.133243,0.0296539,0.000877609
3.38,0.162897,0.133243,0.0296539,0.000877609
3.382,0.162897,0.133247,0.0296504,0.000872738
3.384,0.162897,0.13325,0.0296469,0.000867746
3.386,0.162897,0.133254,0.0296435,0.000862747
3.388,0.162897,0.133256,0.0296417,0.000860263
3.39,0.162897,0.133259,0.0296383,0.000854904
3.392,0.162897,0.133261,0.0296366,0.000852193
3.394,0.162897,0.133262,0.0296349,0.000849459
3.396,0.162897,0.133264,0.0296332,0.000846702
3.398,0.162897,0.133267,0.0296299,0.000841117
3.4,0.162897,0.133269,0.0296282,0.000838288
3.402,0.162897,0.133271,0.0296265,0.000835435
3.404,0.162897,0.133271,0.0296265,0.000835435
3.406,0.162897,0.133274,0.0296232,0.000829654
3.408,0.162897,0.133277,0.0296199,0.000823775
3.41,0.162897,0.133279,0.0296182,0.000820799
3.412,0.162897,0.133281,0.0296166,0.000817798
3.414,0.162897,0.133282,0.029615,0.000814774
3.416,0.162897,0.133284,0.0296133,0.000811726
3.418,0.162897,0.133287,0.0296101,0.00080556
3.42,0.162897,0.133289,0.0296085,0.000802443
3.422,0.162897,0.13329,0.0296069,0.000799302
3.424,0.162897,0.133292,0.0296053,0.00079614
3.426,0.162897,0.133294,0.0296037,0.000792955
3.428,0.162897,0.133295,0.0296022,0.000789749
3.43,0.162897,0.133297,0.0296006,0.000786521
3.432,0.162897,0.1333,0.0295975,0.000780002
3.434,0.162897,0.133301,0.0295959,0.000776712
3.436,0.162897,0.133301,0.0295959,0.000776712
3.438,0.162897,0.133304,0.0295928,0.000770071
3.44,0.162897,0.133306,0.0295913,0.000766722
3.442,0.162897,0.133308,0.0295898,0.000763353
3.444,0.162897,0.133311,0.0295867,0.000756559
3.446,0.162897,0.133311,0.0295867,0.000756559
3.448,0.162897,0.133315,0.0295822,0.000746343
3.45,0.162897,0.133317,0.0295807,0.000743065
3.452,0.162897,0.133318,0.0295793,0.000739513
3.454,0.162897,0.133321,0.0295763,0.00073239
3.456,0.162897,0.133321,0.0295763,0.00073239
3.458,0.162897,0.133324,0.0295734,0.000725236
3.46,0.162897,0.133324,0.0295734,0.000725236
3.462,0.162897,0.133325,0.029572,0.000721645
3.464,0.162897,0.133328,0.0295691,0.000714431
3.466,0.162897,0.13333,0.0295677,0.000710807
3.468,0.162897,0.133332,0.0295649,0.000703526
3.47,0.162897,0.133332,0.0295649,0.000703526
3.472,0.162897,0.133334,0.0295635,0.000699869
3.474,0.162897,0.133337,0.0295607,0.000692521
3.476,0.162897,0.133338,0.0295593,0.00068883
3.478,0.162897,0.133339,0.0295579,0.00068513
3.48,0.162897,0.133341,0.0295566,0.000681419
3.482,0.162897,0.133342,0.0295552,0.000677698
3.484,0.162897,0.133343,0.0295539,0.000673967
3.486,0.162897,0.133343,0.0295539,0.000673967
3.488,0.162897,0.133349,0.0295486,0.000659032
3.49,0.162897,0.13335,0.0295472,0.000655244
3.492,0.162897,0.133351,0.0295459,0.000651451
3.494,0.162897,0.133354,0.0295434,0.000643852
3.496,0.162897,0.133354,0.0295434,0.000643852
3.498,0.162897,0.133355,0.0295421,0.000640045
3.5,0.162897,0.133356,0.0295408,0.000636234
3.502,0.162897,0.133359,0.0295383,0.000628598
3.504,0.162897,0.13336,0.029537,0.000624774
3.506,0.162897,0.133363,0.0295346,0.000617115
3.508,0.162897,0.133363,0.0295346,0.000617115
3.51,0.162897,0.133364,0.0295333,0.00061328
3.512,0.162897,0.133366,0.0295309,0.000605603
3.514,0.162897,0.133368,0.0295297,0.000601761
3.516,0.162897,0.133368,0.0295297,0.000601761
3.518,0.162897,0.133368,0.0295297,0.000601761
3.52,0.162897,0.133372,0.029525,0.000586608
3.522,0.162897,0.133373,0.0295238,0.000582716
3.524,0.162897,0.133375,0.0295226,0.000578831
3.526,0.162897,0.133376,0.0295215,0.000574955
3.528,0.162897,0.133377,0.0295203,0.000571086
3.53,0.162897,0.133378,0.0295192,0.000567224
3.532,0.162897,0.13338,0.029517,0.000559516
3.534,0.162897,0.133381,0.0295159,0.00055567
3.536,0.162897,0.133383,0.0295147,0.000551828
3.538,0.162897,0.133384,0.0295137,0.000547992
3.54,0.162897,0.133384,0.0295137,0.000547992
3.542,0.162897,0.133386,0.0295115,0.000540334
3.544,0.162897,0.133388,0.0295094,0.000532757
3.546,0.162897,0.133389,0.0295083,0.000528935
3.548,0.162897,0.13339,0.0295072,0.000525122
3.55,0.162897,0.133391,0.0295062,0.000521318
3.552,0.162897,0.133392,0.0295052,0.000517522
3.554,0.162897,0.133393,0.0295041,0.000513735
3.556,0.162897,0.133394,0.0295031,0.000509956
3.558,0.162897,0.133395,0.0295021,0.000506186
3.56,0.162897,0.133397,0.0295001,0.000498673
3.562,0.162897,0.133397,0.0295001,0.000498673
3.564,0.162897,0.133398,0.0294991,0.000494931
3.566,0.162897,0.1334,0.0294971,0.000487475
3.568,0.162897,0.1334,0.0294971,0.000487475
3.57,0.162897,0.133402,0.0294952,0.000480061
3.572,0.162897,0.133403,0.0294943,0.00047637
3.574,0.162897,0.133404,0.0294933,0.000472691
3.576,0.162897,0.133405,0.0294924,0.000469023
3.578,0.162897,0.133406,0.0294915,0.000465368
3.58,0.162897,0.133407,0.0294905,0.000461725
3.582,0.162897,0.133407,0.0294905,0.000461725
3.584,0.162897,0.133412,0.0294852,0.000440254
3.586,0.162897,0.133412,0.0294852,0.000440254
3.588,0.162897,0.133413,0.0294843,0.000436686
3.59,0.162897,0.133414,0.0294834,0.000433137
3.592,0.162897,0.133416,0.0294817,0.0004261
3.594,0.162897,0.133416,0.0294808,0.00042261
3.596,0.162897,0.133417,0.02948,0.000419138
3.598,0.162897,0.133418,0.0294792,0.000415686
3.6,0.162897,0.133419,0.0294784,0.000412252
3.602,0.162897,0.133421,0.0294767,0.00040544
3.604,0.162897,0.133421,0.0294767,0.00040544
3.606,0.162897,0.133422,0.0294751,0.000398706
3.608,0.162897,0.133423,0.0294743,0.000395368
3.61,0.162897,0.133425,0.0294728,0.000388751
3.612,0.162897,0.133425,0.0294728,0.000388751
3.614,0.162897,0.133425,0.029472,0.000385474
3.616,0.162897,0.133428,0.0294697,0.000375766
3.618,0.162897,0.133428,0.029469,0.000372624
3.62,0.162897,0.13343,0.0294675,0.000366284
3.622,0.162897,0.133431,0.0294668,0.00036315
3.624,0.162897,0.133431,0.0294661,0.000360041
3.626,0.162897,0.133432,0.0294653,0.000356956
3.628,0.162897,0.133432,0.0294653,0.000356956
3.63,0.162897,0.133433,0.0294639,0.00035086
3.632,0.162897,0.133434,0.0294632,0.000347849
3.634,0.162897,0.133435,0.0294626,0.000344863
3.636,0.162897,0.133436,0.0294612,0.000338965
3.638,0.162897,0.133436,0.0294612,0.000338965
3.64,0.162897,0.133437,0.0294598,0.000333169
3.642,0.162897,0.133438,0.0294592,0.00033031
3.644,0.162897,0.133439,0.0294579,0.000324614
3.646,0.162897,0.133439,0.0294579,0.000324614
3.648,0.162897,0.133442,0.0294553,0.000313816
3.65,0.162897,0.133443,0.0294547,0.000311257
3.652,0.162897,0.133444,0.0294535,0.000305907
3.654,0.162897,0.133444,0.0294535,0.000305907
3.656,0.162897,0.133444,0.0294529,0.000303288
3.658,0.162897,0.133446,0.0294517,0.000298157
3.66,0.162897,0.133446,0.0294511,0.000295642
3.662,0.162897,0.133447,0.0294505,0.00029316
3.664,0.162897,0.133447,0.0294499,0.00029071
3.666,0.162897,0.133448,0.0294494,0.000288292
3.668,0.162897,0.133448,0.0294494,0.000288292
3.67,0.162897,0.133448,0.0294488,0.000285905
3.672,0.162897,0.13345,0.0294471,0.000278932
3.674,0.162897,0.133451,0.0294465,0.00027667
3.676,0.162897,0.133451,0.029446,0.00027444
3.678,0.162897,0.133452,0.0294455,0.00027224
3.68,0.162897,0.133453,0.0294444,0.000267937
3.682,0.162897,0.133453,0.0294438,0.000265833
3.684,0.162897,0.133454,0.0294433,0.000263761
3.686,0.162897,0.133455,0.0294428,0.000261721
3.688,0.162897,0.133455,0.0294423,0.000259713
3.69,0.162897,0.133456,0.0294418,0.000257738
3.692,0.162897,0.133456,0.0294413,0.000255795
3.694,0.162897,0.133457,0.0294402,0.000252008
3.696,0.162897,0.133457,0.0294402,0.000252008
3.698,0.162897,0.133458,0.0294392,0.000248353
3.7,0.162897,0.133459,0.0294387,0.000246575
3.702,0.162897,0.133459,0.0294383,0.00024483
3.704,0.162897,0.13346,0.0294378,0.000243119
3.706,0.162897,0.13346,0.0294378,0.000243119
3.708,0.162897,0.13346,0.0294378,0.000243119
3.71,0.162897,0.133462,0.0294354,0.000235185
3.712,0.162897,0.133463,0.0294345,0.000232157
3.714,0.162897,0.133463,0.0294345,0.000232157
3.716,0.162897,0.133463,0.029434,0.000230702
3.718,0.162897,0.133464,0.0294331,0.000227906
3.72,0.162897,0.133465,0.0294326,0.000226564
3.722,0.162897,0.133465,0.0294322,0.000225258
3.724,0.162897,0.133466,0.0294317,0.000223989
3.726,0.162897,0.133466,0.0294313,0.000222755
3.728,0.162897,0.133466,0.0294308,0.000221558
3.73,0.162897,0.133467,0.0294304,0.000220396
3.732,0.162897,0.133468,0.0294295,0.000218178
3.734,0.162897,0.133468,0.0294291,0.000217123
3.736,0.162897,0.133469,0.0294287,0.000216103
3.738,0.162897,0.133469,0.0294282,0.000215118
3.74,0.162897,0.133469,0.0294278,0.000214169
3.742,0.162897,0.133469,0.0294278,0.000214169
3.744,0.162897,0.13347,0.0294274,0.000213255
3.746,0.162897,0.133472,0.0294257,0.00021007
3.748,0.162897,0.133472,0.0294253,0.000209307
3.75,0.162897,0.133473,0.0294244,0.000207901
3.752,0.162897,0.133473,0.0294244,0.000207901
3.754,0.162897,0.133473,0.029424,0.000207258
3.756,0.162897,0.133474,0.0294232,0.000206085
3.758,0.162897,0.133475,0.0294228,0.000205555
3.76,0.162897,0.133475,0.0294224,0.000205061
3.762,0.162897,0.133475,0.029422,0.000204604
3.764,0.162897,0.133476,0.0294216,0.000204183
3.766,0.162897,0.133476,0.0294211,0.000203797
3.768,0.162897,0.133477,0.0294207,0.000203448
3.77,0.162897,0.133477,0.0294203,0.000203133
3.772,0.162897,0.133478,0.0294195,0.000202611
3.774,0.162897,0.133478,0.0294195,0.000202611
3.776,0.162897,0.133479,0.0294179,0.000202032
3.778,0.162897,0.13348,0.0294175,0.000202044
3.78,0.162897,0.133481,0.0294167,0.000201958
3.782,0.162897,0.133481,0.0294167,0.000201958
3.784,0.162897,0.133481,0.0294163,0.000201975
3.786,0.162897,0.133482,0.0294155,0.000202122
3.788,0.162897,0.133482,0.0294155,0.000202122
3.79,0.162897,0.133482,0.0294151,0.000202251
3.792,0.162897,0.133483,0.0294143,0.000202615
3.794,0.162897,0.133483,0.0294143,0.000202615
3.796,0.162897,0.133484,0.0294134,0.00020312
3.798,0.162897,0.133484,0.029413,0.000203423
3.8,0.162897,0.133485,0.0294122,0.000204132
3.802,0.162897,0.133485,0.0294118,0.000204536
3.804,0.162897,0.133486,0.0294114,0.000204974
3.806,0.162897,0.133486,0.0294114,0.000204974
3.808,0.162897,0.133487,0.0294106,0.000205948
3.81,0.162897,0.133487,0.0294102,0.000206484
3.812,0.162897,0.133488,0.0294098,0.000207053
3.814,0.162897,0.133488,0.0294093,0.000207654
3.816,0.162897,0.133489,0.0294085,0.000208951
3.818,0.162897,0.133489,0.0294085,0.000208951
3.82,0.162897,0.13349,0.0294077,0.000210375
3.822,0.162897,0.13349,0.0294072,0.000211135
3.824,0.162897,0.13349,0.0294072,0.000211135
3.826,0.162897,0.133491,0.0294064,0.000212746
3.828,0.162897,0.133491,0.029406,0.000213598
3.83,0.162897,0.133492,0.0294055,0.00021448
3.832,0.162897,0.133493,0.0294047,0.000216336
3.834,0.162897,0.133493,0.0294047,0.000216336
3.836,0.162897,0.133493,0.0294047,0.000216336
3.838,0.162897,0.133495,0.0294025,0.000221651
3.84,0.162897,0.133495,0.029402,0.000222737
3.842,0.162897,0.133496,0.0294016,0.000223858
3.844,0.162897,0.133496,0.0294011,0.000225012
3.846,0.162897,0.133497,0.0294007,0.000226199
3.848,0.162897,0.133498,0.0293998,0.000228667
3.85,0.162897,0.133498,0.0293998,0.000228667
3.852,0.162897,0.133498,0.0293993,0.000229945
3.854,0.162897,0.133499,0.0293984,0.000232588
3.856,0.162897,0.133499,0.0293979,0.000233951
3.858,0.162897,0.1335,0.0293974,0.000235341
3.86,0.162897,0.133501,0.0293965,0.000238202
3.862,0.162897,0.133501,0.0293965,0.000238202
3.864,0.162897,0.133501,0.029396,0.000239671
3.866,0.162897,0.133502,0.0293951,0.000242685
3.868,0.162897,0.133503,0.0293946,0.00024423
3.87,0.162897,0.133504,0.0293936,0.000247392
3.872,0.162897,0.133504,0.0293936,0.000247392
3.874,0.162897,0.133504,0.0293931,0.000249009
3.876,0.162897,0.133505,0.0293926,0.00025065
3.878,0.162897,0.133506,0.0293911,0.00025571
3.88,0.162897,0.133507,0.0293905,0.000257442
3.882,0.162897,0.133507,0.02939,0.000259196
3.884,0.162897,0.133508,0.0293895,0.000260971
3.886,0.162897,0.133509,0.0293884,0.000264586
3.888,0.162897,0.133509,0.0293884,0.000264586
3.89,0.162897,0.13351,0.0293874,0.000268283
3.892,0.162897,0.13351,0.0293874,0.000268283
3.894,0.162897,0.133511,0.0293863,0.000272061
3.896,0.162897,0.133512,0.0293857,0.000273979
3.898,0.162897,0.133512,0.0293852,0.000275916
3.9,0.162897,0.133513,0.0293846,0.000277871
3.902,0.162897,0.133513,0.0293841,0.000279845
3.904,0.162897,0.133514,0.0293835,0.000281838
3.906,0.162897,0.133514,0.0293829,0.000283848
3.908,0.162897,0.133515,0.0293824,0.000285875
3.91,0.162897,0.133518,0.0293795,0.000296259
3.912,0.162897,0.133518,0.0293795,0.000296259
3.914,0.162897,0.133519,0.0293783,0.000300522
3.916,0.162897,0.13352,0.029377,0.000304843
3.918,0.162897,0.13352,0.029377,0.000304843
3.92,0.162897,0.133521,0.0293764,0.000307024
3.922,0.162897,0.133521,0.0293758,0.000309219
3.924,0.162897,0.133523,0.0293746,0.000313647
3.926,0.162897,0.133523,0.0293739,0.00031588
3.928,0.162897,0.133524,0.0293733,0.000318125
3.93,0.162897,0.133525,0.029372,0.000322649
3.932,0.162897,0.133525,0.029372,0.000322649
3.934,0.162897,0.133527,0.0293707,0.000327217
3.936,0.162897,0.133527,0.0293707,0.000327217
3.938,0.162897,0.133527,0.02937,0.000329516
3.94,0.162897,0.133528,0.0293694,0.000331825
3.942,0.162897,0.133529,0.029368,0.00033647
3.944,0.162897,0.13353,0.0293674,0.000338806
3.946,0.162897,0.133531,0.0293667,0.000341149
3.948,0.162897,0.133531,0.0293667,0.000341149
3.95,0.162897,0.133532,0.0293653,0.00034586
3.952,0.162897,0.133533,0.0293646,0.000348226
3.954,0.162897,0.133533,0.0293639,0.000350599
3.956,0.162897,0.133535,0.0293625,0.000355363
3.958,0.162897,0.133535,0.0293625,0.000355363
3.96,0.162897,0.133536,0.0293618,0.000357753
3.962,0.162897,0.133537,0.0293603,0.000362549
3.964,0.162897,0.133537,0.0293603,0.000362549
3.966,0.162897,0.133538,0.0293588,0.000367362
3.968,0.162897,0.133538,0.0293588,0.000367362
3.97,0.162897,0.133538,0.0293588,0.000367362
3.972,0.162897,0.133538,0.0293588,0.000367362
3.974,0.162897,0.133539,0.0293581,0.000369774
3.976,0.162897,0.133543,0.0293543,0.000382349
3.978,0.162897,0.133544,0.0293528,0.000387036
3.98,0.162897,0.133544,0.0293528,0.000387036
3.982,0.162897,0.133545,0.029352,0.000389403
3.984,0.162897,0.133547,0.0293504,0.000394167
3.986,0.162897,0.133548,0.0293497,0.000396561
3.988,0.162897,0.133548,0.0293489,0.00039896
3.99,0.162897,0.133549,0.0293481,0.000401362
3.992,0.162897,0.13355,0.0293473,0.000403766
3.994,0.162897,0.133551,0.0293464,0.000406171
3.996,0.162897,0.133552,0.0293448,0.000410979
3.998,0.162897,0.133552,0.0293448,0.000410979
4,0.162897,0.133554,0.0293431,0.00041578
4.002,0.162897,0.133555,0.0293423,0.000418176
4.004,0.162897,0.133556,0.0293415,0.000420568
4.006,0.162897,0.133558,0.0293389,0.000427814
4.008,0.162897,0.133559,0.029338,0.000430168
4.01,0.162897,0.13356,0.0293372,0.000432519
4.012,0.162897,0.133562,0.0293354,0.000437208
4.014,0.162897,0.133562,0.0293354,0.000437208
4.016,0.162897,0.133563,0.0293346,0.000439544
4.018,0.162897,0.133565,0.0293328,0.000444197
4.02,0.162897,0.133565,0.0293319,0.000446512
4.022,0.162897,0.133567,0.0293301,0.000451117
4.024,0.162897,0.133567,0.0293301,0.000451117
4.026,0.162897,0.133568,0.0293292,0.000453405
4.028,0.162897,0.13357,0.0293274,0.000457952
4.03,0.162897,0.13357,0.0293274,0.000457952
4.032,0.162897,0.133571,0.0293264,0.00046021
4.034,0.162897,0.133573,0.0293246,0.000464691
4.036,0.162897,0.133573,0.0293246,0.000464691
4.038,0.162897,0.133573,0.0293246,0.000464691
4.04,0.162897,0.133577,0.0293199,0.000476223
4.042,0.162897,0.133578,0.0293189,0.000478281
4.044,0.162897,0.133579,0.029318,0.00048034
4.046,0.162897,0.133581,0.029316,0.000484459
4.048,0.162897,0.133582,0.0293151,0.000486513
4.05,0.162897,0.133584,0.0293131,0.00048856
4.052,0.162897,0.133584,0.0293131,0.000490597
4.054,0.162897,0.133586,0.0293111,0.000494566
4.056,0.162897,0.133586,0.0293111,0.000494566
4.058,0.162897,0.133588,0.0293091,0.000498579
4.06,0.162897,0.133589,0.0293081,0.000500665
4.062,0.162897,0.133589,0.0293081,0.000500665
4.064,0.162897,0.133591,0.0293061,0.000504537
4.066,0.162897,0.133592,0.0293051,0.000506449
4.068,0.162897,0.133593,0.0293041,0.000508346
4.07,0.162897,0.133595,0.029302,0.000512087
4.072,0.162897,0.133595,0.029302,0.000512087
4.074,0.162897,0.133596,0.029301,0.00051393
4.076,0.162897,0.133598,0.0292989,0.000517558
4.078,0.162897,0.133599,0.0292979,0.000519342
4.08,0.162897,0.133601,0.0292958,0.000522849
4.082,0.162897,0.133601,0.0292958,0.000522849
4.084,0.162897,0.133604,0.0292937,0.000526271
4.086,0.162897,0.133604,0.0292937,0.000526271
4.088,0.162897,0.133606,0.0292916,0.000529605
4.09,0.162897,0.133606,0.0292916,0.000529605
4.092,0.162897,0.133608,0.0292895,0.000532848
4.094,0.162897,0.133609,0.0292884,0.000534435
4.096,0.162897,0.13361,0.0292873,0.000535998
4.098,0.162897,0.133611,0.0292863,0.000537538
4.1,0.162897,0.133612,0.0292852,0.000539054
4.102,0.162897,0.133613,0.0292841,0.000540545
4.104,0.162897,0.133613,0.0292841,0.000540545
4.106,0.162897,0.133619,0.0292787,0.0005482
4.108,0.162897,0.13362,0.0292775,0.00054987
4.11,0.162897,0.133622,0.0292753,0.000552166
4.112,0.162897,0.133622,0.0292753,0.000552166
4.114,0.162897,0.133623,0.0292742,0.000553315
4.116,0.162897,0.133625,0.029272,0.00055559
4.118,0.162897,0.133628,0.0292698,0.000557812
4.12,0.162897,0.133629,0.0292687,0.000558896
4.122,0.162897,0.133629,0.0292687,0.000558896
4.124,0.162897,0.133631,0.0292664,0.000561
4.126,0.162897,0.133632,0.0292653,0.000562018
4.128,0.162897,0.133633,0.0292642,0.000563011
4.13,0.162897,0.133634,0.029263,0.000563978
4.132,0.162897,0.133635,0.0292619,0.000564919
4.134,0.162897,0.133637,0.0292608,0.000565834
4.136,0.162897,0.133641,0.0292562,0.000569317
4.138,0.162897,0.133642,0.0292551,0.000570284
4.14,0.162897,0.133643,0.029254,0.000570972
4.142,0.162897,0.133644,0.0292528,0.000571638
4.144,0.162897,0.133646,0.0292517,0.000572284
4.146,0.162897,0.133646,0.0292517,0.000572284
4.148,0.162897,0.133648,0.0292494,0.000573503
4.15,0.162897,0.13365,0.0292471,0.000574618
4.152,0.162897,0.133651,0.0292459,0.000575135
4.154,0.162897,0.133651,0.0292459,0.000575135
4.156,0.162897,0.133654,0.0292436,0.000576081
4.158,0.162897,0.133655,0.0292425,0.000576509
4.16,0.162897,0.133657,0.0292402,0.000577275
4.162,0.162897,0.133657,0.0292402,0.000577275
4.164,0.162897,0.133658,0.029239,0.000577612
4.166,0.162897,0.133659,0.0292379,0.000577918
4.168,0.162897,0.133665,0.0292321,0.000579264
4.17,0.162897,0.133666,0.0292309,0.000579638
4.172,0.162897,0.133668,0.0292297,0.00057962
4.174,0.162897,0.133669,0.0292286,0.000579584
4.176,0.162897,0.133671,0.0292263,0.000579461
4.178,0.162897,0.133672,0.0292251,0.000579368
4.18,0.162897,0.133673,0.0292239,0.00057925
4.182,0.162897,0.133674,0.0292228,0.000579107
4.184,0.162897,0.133676,0.0292216,0.000578935
4.186,0.162897,0.133677,0.0292205,0.000578736
4.188,0.162897,0.133678,0.0292193,0.000578507
4.19,0.162897,0.133679,0.0292182,0.000578249
4.192,0.162897,0.13368,0.029217,0.000577959
4.194,0.162897,0.133681,0.0292159,0.000577639
4.196,0.162897,0.133684,0.0292135,0.000576903
4.198,0.162897,0.133685,0.0292124,0.000576488
4.2,0.162897,0.133686,0.0292112,0.00057604
4.202,0.162897,0.133687,0.0292101,0.000575559
4.204,0.162897,0.133688,0.0292089,0.000575046
4.206,0.162897,0.133689,0.0292078,0.000574501
4.208,0.162897,0.133691,0.0292066,0.000573923
4.21,0.162897,0.133692,0.0292055,0.000573312
4.212,0.162897,0.133694,0.0292032,0.000571993
4.214,0.162897,0.133695,0.0292021,0.000571284
4.216,0.162897,0.133696,0.0292009,0.000570542
4.218,0.162897,0.133698,0.0291998,0.000569768
4.22,0.162897,0.133699,0.0291986,0.00056896
4.222,0.162897,0.1337,0.0291975,0.000568121
4.224,0.162897,0.133701,0.0291964,0.000567248
4.226,0.162897,0.133701,0.0291964,0.000567248
4.228,0.162897,0.133708,0.0291896,0.000561825
4.23,0.162897,0.133709,0.0291885,0.000561007
4.232,0.162897,0.13371,0.0291874,0.000559732
4.234,0.162897,0.133712,0.0291851,0.000557157
4.236,0.162897,0.133713,0.029184,0.000555852
4.238,0.162897,0.133714,0.0291829,0.000554531
4.24,0.162897,0.133715,0.0291818,0.000553189
4.242,0.162897,0.133717,0.0291807,0.000551826
4.244,0.162897,0.133718,0.0291796,0.00055044
4.246,0.162897,0.133719,0.0291785,0.000549029
4.248,0.162897,0.133721,0.0291763,0.000546128
4.25,0.162897,0.133721,0.0291763,0.000546128
4.252,0.162897,0.133721,0.0291763,0.000546128
4.254,0.162897,0.133722,0.0291752,0.000544636
4.256,0.162897,0.133726,0.0291709,0.000538297
4.258,0.162897,0.133727,0.0291698,0.00053668
4.26,0.162897,0.133729,0.0291688,0.000535031
4.262,0.162897,0.133731,0.0291666,0.00053164
4.264,0.162897,0.133732,0.0291656,0.000529816
4.266,0.162897,0.133732,0.0291656,0.000529816
4.268,0.162897,0.133734,0.0291635,0.00052627
4.27,0.162897,0.133736,0.0291614,0.000522597
4.272,0.162897,0.133736,0.0291614,0.000522597
4.274,0.162897,0.133738,0.0291593,0.000518738
4.276,0.162897,0.133738,0.0291593,0.000518738
4.278,0.162897,0.13374,0.0291572,0.000514913
4.28,0.162897,0.133741,0.0291562,0.000512909
4.282,0.162897,0.133742,0.0291552,0.000510879
4.284,0.162897,0.133744,0.0291531,0.000506737
4.286,0.162897,0.133744,0.0291531,0.000506737
4.288,0.162897,0.133745,0.0291521,0.000504626
4.29,0.162897,0.133747,0.0291501,0.000500325
4.292,0.162897,0.133748,0.0291491,0.000498136
4.294,0.162897,0.133749,0.0291481,0.00049592
4.296,0.162897,0.13375,0.0291471,0.000493679
4.298,0.162897,0.133752,0.0291452,0.000489122
4.3,0.162897,0.133752,0.0291452,0.000489122
4.302,0.162897,0.133753,0.0291442,0.000486806
4.304,0.162897,0.133754,0.0291432,0.000484465
4.306,0.162897,0.133755,0.0291423,0.0004821
4.308,0.162897,0.133757,0.0291404,0.000477298
4.31,0.162897,0.133757,0.0291404,0.000477298
4.312,0.162897,0.133758,0.0291394,0.000474862
4.314,0.162897,0.133762,0.0291357,0.000465075
4.316,0.162897,0.133763,0.0291338,0.000459888
4.318,0.162897,0.133763,0.0291338,0.000459888
4.32,0.162897,0.133765,0.029132,0.000454637
4.322,0.162897,0.133766,0.0291311,0.000451986
4.324,0.162897,0.133767,0.0291302,0.000449318
4.326,0.162897,0.133769,0.0291284,0.000443927
4.328,0.162897,0.133769,0.0291284,0.000443927
4.33,0.162897,0.13377,0.0291275,0.000441205
4.332,0.162897,0.133771,0.0291258,0.000435706
4.334,0.162897,0.133772,0.0291249,0.000432929
4.336,0.162897,0.133774,0.0291232,0.000427323
4.338,0.162897,0.133774,0.0291232,0.000427323
4.34,0.162897,0.133775,0.0291224,0.000424493
4.342,0.162897,0.133776,0.0291215,0.000421647
4.344,0.162897,0.133777,0.0291207,0.000418783
4.346,0.162897,0.133777,0.0291198,0.000415903
4.348,0.162897,0.133779,0.0291182,0.000410094
4.35,0.162897,0.13378,0.0291174,0.000407165
4.352,0.162897,0.133781,0.0291166,0.000404221
4.354,0.162897,0.133782,0.0291158,0.000401262
4.356,0.162897,0.133782,0.029115,0.000398289
4.358,0.162897,0.133783,0.0291142,0.000395301
4.36,0.162897,0.133784,0.0291134,0.000392298
4.362,0.162897,0.133785,0.0291118,0.000386253
4.364,0.162897,0.133785,0.0291118,0.000386253
4.366,0.162897,0.133787,0.0291103,0.000380155
4.368,0.162897,0.133788,0.0291096,0.000377088
4.37,0.162897,0.133788,0.0291096,0.000377088
4.372,0.162897,0.133788,0.0291096,0.000377088
4.374,0.162897,0.133791,0.0291059,0.000361705
4.376,0.162897,0.133792,0.0291052,0.000358544
4.378,0.162897,0.133793,0.0291045,0.000355378
4.38,0.162897,0.133794,0.0291031,0.00034903
4.382,0.162897,0.133794,0.0291031,0.00034903
4.384,0.162897,0.133796,0.0291017,0.00034266
4.386,0.162897,0.133796,0.029101,0.000339465
4.388,0.162897,0.133798,0.0290997,0.000333057
4.39,0.162897,0.133798,0.0290997,0.000333057
4.392,0.162897,0.133799,0.0290984,0.000326626
4.394,0.162897,0.133799,0.0290984,0.000326626
4.396,0.162897,0.1338,0.0290971,0.000320172
4.398,0.162897,0.133801,0.0290964,0.000316938
4.4,0.162897,0.133801,0.0290958,0.000313699
4.402,0.162897,0.133802,0.0290952,0.000310455
4.404,0.162897,0.133804,0.0290934,0.000300702
4.406,0.162897,0.133805,0.0290928,0.000297478
4.408,0.162897,0.133805,0.0290922,0.00029421
4.41,0.162897,0.133806,0.029091,0.000287672
4.412,0.162897,0.133806,0.029091,0.000287672
4.414,0.162897,0.133807,0.0290899,0.000281133
4.416,0.162897,0.133807,0.0290899,0.000281133
4.418,0.162897,0.133808,0.0290893,0.000277863
4.42,0.162897,0.133809,0.0290882,0.000271323
4.422,0.162897,0.13381,0.0290877,0.000268055
4.424,0.162897,0.133811,0.0290866,0.000261521
4.426,0.162897,0.133811,0.0290866,0.000261521
4.428,0.162897,0.133811,0.0290861,0.000258256
4.43,0.162897,0.133812,0.0290851,0.000251734
4.432,0.162897,0.133813,0.0290846,0.000248476
4.434,0.162897,0.133813,0.0290846,0.000248476
4.436,0.162897,0.133813,0.0290846,0.000248476
4.438,0.162897,0.133815,0.0290822,0.00023237
4.44,0.162897,0.133816,0.0290813,0.000225854
4.442,0.162897,0.133816,0.0290813,0.000225854
4.444,0.162897,0.133817,0.0290805,0.000219384
4.446,0.162897,0.133817,0.02908,0.000216164
4.448,0.162897,0.133817,0.02908,0.000216164
4.45,0.162897,0.133818,0.0290792,0.000209753
4.452,0.162897,0.133819,0.0290788,0.000206562
4.454,0.162897,0.133819,0.0290783,0.00020338
4.456,0.162897,0.133819,0.0290779,0.000200208
4.458,0.162897,0.13382,0.0290776,0.000197045
4.46,0.162897,0.133821,0.0290768,0.000190748
4.462,0.162897,0.133821,0.0290764,0.000187615
4.464,0.162897,0.133821,0.029076,0.000184493
4.466,0.162897,0.133822,0.0290753,0.00017828
4.468,0.162897,0.133822,0.029075,0.000175191
4.47,0.162897,0.133823,0.0290746,0.000172114
4.472,0.162897,0.133823,0.0290743,0.000169049
4.474,0.162897,0.133823,0.029074,0.000165997
4.476,0.162897,0.133824,0.0290736,0.000162957
4.478,0.162897,0.133824,0.0290733,0.000159931
4.48,0.162897,0.133824,0.029073,0.000156918
4.482,0.162897,0.133825,0.0290727,0.000153919
4.484,0.162897,0.133825,0.0290721,0.000147965
4.486,0.162897,0.133825,0.0290718,0.00014501
4.488,0.162897,0.133826,0.0290715,0.00014207
4.49,0.162897,0.133826,0.0290712,0.000139147
4.492,0.162897,0.133826,0.029071,0.000136239
4.494,0.162897,0.133826,0.029071,0.000136239
4.496,0.162897,0.133826,0.029071,0.000136239
4.498,0.162897,0.133828,0.0290697,0.000121977
4.5,0.162897,0.133828,0.0290695,0.00011919
4.502,0.162897,0.133828,0.0290692,0.000116387
4.504,0.162897,0.133828,0.029069,0.000113606
4.506,0.162897,0.133829,0.0290686,0.000108114
4.508,0.162897,0.133829,0.0290683,0.0001054
4.51,0.162897,0.133829,0.0290681,0.000102709
4.512,0.162897,0.133829,0.0290679,0.000100038
4.514,0.162897,0.13383,0.0290677,9.73897e-05
4.516,0.162897,0.13383,0.0290675,9.47625e-05
4.518,0.162897,0.13383,0.0290674,9.2157e-05
4.52,0.162897,0.13383,0.0290672,8.95734e-05
4.522,0.162897,0.13383,0.0290668,8.44726e-05
4.524,0.162897,0.133831,0.0290667,8.19559e-05
4.526,0.162897,0.133831,0.0290665,7.9462e-05
4.528,0.162897,0.133831,0.0290665,7.9462e-05
4.53,0.162897,0.133831,0.0290664,7.69911e-05
4.532,0.162897,0.133831,0.0290659,6.97196e-05
4.534,0.162897,0.133832,0.0290657,6.49932e-05
4.536,0.162897,0.133832,0.0290657,6.49932e-05
4.538,0.162897,0.133832,0.0290654,6.03616e-05
4.54,0.162897,0.133832,0.0290653,5.80844e-05
4.542,0.162897,0.133832,0.0290652,5.58329e-05
4.544,0.162897,0.133832,0.029065,5.14084e-05
4.546,0.162897,0.133832,0.0290649,4.92356e-05
4.548,0.162897,0.133832,0.0290649,4.92356e-05
4.55,0.162897,0.133833,0.0290647,4.49702e-05
4.552,0.162897,0.133833,0.0290646,4.28781e-05
4.554,0.162897,0.133833,0.0290645,4.08132e-05
4.556,0.162897,0.133833,0.0290645,3.87759e-05
4.558,0.162897,0.133833,0.0290644,3.67664e-05
4.56,0.162897,0.133833,0.0290643,3.4785e-05
4.562,0.162897,0.133833,0.0290643,3.4785e-05
4.564,0.162897,0.133833,0.0290641,2.71431e-05
4.566,0.162897,0.133833,0.029064,2.53011e-05
4.568,0.162897,0.133833,0.0290639,2.16978e-05
4.57,0.162897,0.133833,0.0290639,2.16978e-05
4.572,0.162897,0.133833,0.0290639,1.82234e-05
4.574,0.162897,0.133833,0.0290638,1.65336e-05
4.576,0.162897,0.133833,0.0290638,1.65336e-05
4.578,0.162897,0.133833,0.0290638,1.4875e-05
4.58,0.162897,0.133834,0.0290637,1.16512e-05
4.582,0.162897,0.133834,0.0290637,1.00859e-05
4.584,0.162897,0.133834,0.0290637,8.55176e-06
4.586,0.162897,0.133834,0.0290637,5.57738e-06
4.588,0.162897,0.133834,0.0290637,5.57738e-06
4.59,0.162897,0.133834,0.0290637,2.72898e-06
4.592,0.162897,0.133834,0.0290637,1.35236e-06
4.594,0.162897,0.133834,0.0290637,7.6576e-09
4.596,0.162897,0.133834,0.0290637,-1.30498e-06
4.598,0.162897,0.133834,0.0290637,-2.5854e-06
4.6,0.162897,0.133834,0.0290637,-3.83346e-06
4.602,0.162897,0.133834,0.0290637,-5.04902e-06
4.604,0.162897,0.133834,0.0290637,-7.38209e-06
4.606,0.162897,0.133834,0.0290637,-7.38209e-06
4.608,0.162897,0.133834,0.0290637,-8.49932e-06
4.61,0.162897,0.133834,0.0290638,-9.58352e-06
4.612,0.162897,0.133833,0.0290638,-1.16523e-05
4.614,0.162897,0.133833,0.0290638,-1.26367e-05
4.616,0.162897,0.133833,0.0290639,-1.35876e-05
4.618,0.162897,0.133833,0.0290639,-1.45051e-05
4.62,0.162897,0.133833,0.029064,-1.62355e-05
4.622,0.162897,0.133833,0.029064,-1.62355e-05
4.624,0.162897,0.133833,0.029064,-1.70506e-05
4.626,0.162897,0.133833,0.029064,-1.78322e-05
4.628,0.162897,0.133833,0.029064,-1.78322e-05
4.63,0.162897,0.133833,0.029064,-1.78322e-05
4.632,0.162897,0.133833,0.0290642,-2.12315e-05
4.634,0.162897,0.133833,0.0290643,-2.18175e-05
4.636,0.162897,0.133833,0.0290644,-2.28776e-05
4.638,0.162897,0.133833,0.0290644,-2.33529e-05
4.64,0.162897,0.133833,0.0290644,-2.37923e-05
4.642,0.162897,0.133833,0.0290645,-2.41963e-05
4.644,0.162897,0.133833,0.0290645,-2.4565e-05
4.646,0.162897,0.133833,0.0290646,-2.48988e-05
4.648,0.162897,0.133833,0.0290646,-2.51976e-05
4.65,0.162897,0.133833,0.0290647,-2.54616e-05
4.652,0.162897,0.133832,0.0290648,-2.58854e-05
4.654,0.162897,0.133832,0.0290648,-2.60453e-05
4.656,0.162897,0.133832,0.0290649,-2.61706e-05
4.658,0.162897,0.133832,0.029065,-2.62612e-05
4.66,0.162897,0.133832,0.029065,-2.63173e-05
4.662,0.162897,0.133832,0.0290651,-2.63387e-05
4.664,0.162897,0.133832,0.0290651,-2.63256e-05
4.666,0.162897,0.133832,0.0290652,-2.61958e-05
4.668,0.162897,0.133832,0.0290652,-2.61958e-05
4.67,0.162897,0.133832,0.0290653,-2.60791e-05
4.672,0.162897,0.133832,0.0290654,-2.57424e-05
4.674,0.162897,0.133832,0.0290654,-2.55224e-05
4.676,0.162897,0.133832,0.0290655,-2.52681e-05
4.678,0.162897,0.133832,0.0290655,-2.49794e-05
4.68,0.162897,0.133832,0.0290656,-2.46565e-05
4.682,0.162897,0.133832,0.0290656,-2.42994e-05
4.684,0.162897,0.133832,0.0290657,-2.39081e-05
4.686,0.162897,0.133832,0.0290657,-2.34828e-05
4.688,0.162897,0.133831,0.0290658,-2.25302e-05
4.69,0.162897,0.133831,0.0290658,-2.25302e-05
4.692,0.162897,0.133831,0.0290659,-2.14423e-05
4.694,0.162897,0.133831,0.0290659,-2.08477e-05
4.696,0.162897,0.133831,0.0290659,-2.08477e-05
4.698,0.162897,0.133831,0.029066,-1.9558e-05
4.7,0.162897,0.133831,0.0290662,-1.65497e-05
4.702,0.162897,0.133831,0.0290662,-1.48784e-05
4.704,0.162897,0.133831,0.0290662,-1.39908e-05
4.706,0.162897,0.133831,0.0290663,-1.30692e-05
4.708,0.162897,0.133831,0.0290663,-1.21141e-05
4.71,0.162897,0.133831,0.0290663,-1.11259e-05
4.712,0.162897,0.133831,0.0290663,-1.01051e-05
4.714,0.162897,0.133831,0.0290664,-7.96635e-06
4.716,0.162897,0.133831,0.0290664,-7.96635e-06
4.718,0.162897,0.133831,0.0290664,-5.7001e-06
4.72,0.162897,0.133831,0.0290664,-4.51972e-06
4.722,0.162897,0.133831,0.0290664,-3.30812e-06
4.724,0.162897,0.133831,0.0290664,-2.06548e-06
4.726,0.162897,0.133831,0.0290664,5.12061e-07
4.728,0.162897,0.133831,0.0290664,5.12061e-07
4.73,0.162897,0.133831,0.0290664,3.21135e-06
4.732,0.162897,0.133831,0.0290664,3.21135e-06
4.734,0.162897,0.133831,0.0290664,4.60615e-06
4.736,0.162897,0.133831,0.0290664,7.4851e-06
4.738,0.162897,0.133831,0.0290664,8.96882e-06
4.74,0.162897,0.133831,0.0290663,1.04818e-05
4.742,0.162897,0.133831,0.0290663,1.35946e-05
4.744,0.162897,0.133831,0.0290663,1.35946e-05
4.746,0.162897,0.133831,0.0290662,1.51939e-05
4.748,0.162897,0.133831,0.0290662,1.84776e-05
4.75,0.162897,0.133831,0.0290662,1.84776e-05
4.752,0.162897,0.133831,0.0290661,2.01614e-05
4.754,0.162897,0.133831,0.0290661,2.36118e-05
4.756,0.162897,0.133831,0.029066,2.53779e-05
4.758,0.162897,0.133831,0.029066,2.7171e-05
4.76,0.162897,0.133831,0.029066,2.7171e-05
4.762,0.162897,0.133831,0.029066,2.7171e-05
4.764,0.162897,0.133832,0.0290658,3.27097e-05
4.766,0.162897,0.133832,0.0290657,3.46082e-05
4.768,0.162897,0.133832,0.0290655,3.8482e-05
4.77,0.162897,0.133832,0.0290655,4.04568e-05
4.772,0.162897,0.133832,0.0290654,4.24565e-05
4.774,0.162897,0.133832,0.0290653,4.44809e-05
4.776,0.162897,0.133832,0.0290652,4.65296e-05
4.778,0.162897,0.133832,0.0290651,4.86024e-05
4.78,0.162897,0.133832,0.029065,5.0699e-05
4.782,0.162897,0.133832,0.0290649,5.28192e-05
4.784,0.162897,0.133833,0.0290648,5.49625e-05
4.786,0.162897,0.133833,0.0290647,5.71288e-05
4.788,0.162897,0.133833,0.0290644,6.15291e-05
4.79,0.162897,0.133833,0.0290643,6.37625e-05
4.792,0.162897,0.133833,0.0290642,6.60176e-05
4.794,0.162897,0.133833,0.029064,6.82942e-05
4.796,0.162897,0.133834,0.0290637,7.29105e-05
4.798,0.162897,0.133834,0.0290637,7.29105e-05
4.8,0.162897,0.133834,0.0290637,7.29105e-05
4.802,0.162897,0.133834,0.0290636,7.52495e-05
4.804,0.162897,0.133834,0.0290629,8.49093e-05
4.806,0.162897,0.133835,0.0290628,8.73257e-05
4.808,0.162897,0.133835,0.0290626,8.97641e-05
4.81,0.162897,0.133835,0.0290624,9.22243e-05
4.812,0.162897,0.133835,0.0290622,9.47053e-05
4.814,0.162897,0.133835,0.0290618,9.97259e-05
4.816,0.162897,0.133835,0.0290618,9.97259e-05
4.818,0.162897,0.133836,0.0290614,0.00010482
4.82,0.162897,0.133836,0.0290612,0.000107393
4.822,0.162897,0.133836,0.029061,0.000109982
4.824,0.162897,0.133837,0.0290605,0.000115209
4.826,0.162897,0.133837,0.0290605,0.000115209
4.828,0.162897,0.133837,0.0290603,0.000117846
4.83,0.162897,0.133838,0.0290598,0.000123163
4.832,0.162897,0.133838,0.0290598,0.000123163
4.834,0.162897,0.133839,0.0290588,0.000134094
4.836,0.162897,0.133839,0.0290585,0.000136943
4.838,0.162897,0.133839,0.0290582,0.00013964
4.84,0.162897,0.13384,0.0290576,0.000145092
4.842,0.162897,0.13384,0.0290573,0.000147844
4.844,0.162897,0.13384,0.0290573,0.000147844
4.846,0.162897,0.13384,0.029057,0.000150612
4.848,0.162897,0.133841,0.0290564,0.00015619
4.85,0.162897,0.133841,0.0290561,0.000158997
4.852,0.162897,0.133842,0.0290558,0.000161816
4.854,0.162897,0.133842,0.0290554,0.000164645
4.856,0.162897,0.133842,0.0290551,0.000167483
4.858,0.162897,0.133843,0.0290544,0.000173186
4.86,0.162897,0.133843,0.0290544,0.000173186
4.862,0.162897,0.133844,0.0290537,0.00017892
4.864,0.162897,0.133844,0.0290537,0.00017892
4.866,0.162897,0.133844,0.029053,0.000184683
4.868,0.162897,0.133845,0.0290526,0.000187573
4.87,0.162897,0.133845,0.0290522,0.000190468
4.872,0.162897,0.133845,0.0290518,0.000193369
4.874,0.162897,0.133846,0.029051,0.000199185
4.876,0.162897,0.133846,0.029051,0.000199185
4.878,0.162897,0.133847,0.0290502,0.000205015
4.88,0.162897,0.133847,0.0290498,0.000207935
4.882,0.162897,0.133847,0.0290498,0.000207935
4.884,0.162897,0.133848,0.029049,0.000213783
4.886,0.162897,0.133849,0.0290485,0.00021671
4.888,0.162897,0.133849,0.0290481,0.000219638
4.89,0.162897,0.13385,0.0290476,0.000222568
4.892,0.162897,0.13385,0.0290472,0.000225498
4.894,0.162897,0.133851,0.0290467,0.000228428
4.896,0.162897,0.133851,0.0290463,0.000231359
4.898,0.162897,0.133851,0.0290463,0.000231359
4.9,0.162897,0.133853,0.0290439,0.000246181
4.902,0.162897,0.133854,0.0290434,0.00024907
4.904,0.162897,0.133854,0.0290429,0.000251961
4.906,0.162897,0.133855,0.0290423,0.000254854
4.908,0.162897,0.133855,0.0290418,0.000257747
4.91,0.162897,0.133856,0.0290413,0.000260641
4.912,0.162897,0.133857,0.0290403,0.000266422
4.914,0.162897,0.133857,0.0290403,0.000266422
4.916,0.162897,0.133858,0.0290397,0.000269308
4.918,0.162897,0.133859,0.0290386,0.000275067
4.92,0.162897,0.133859,0.0290381,0.00027794
4.922,0.162897,0.13386,0.0290369,0.000283666
4.924,0.162897,0.133861,0.0290364,0.000286591
4.926,0.162897,0.133861,0.0290358,0.000289424
4.928,0.162897,0.133863,0.0290346,0.000295073
4.93,0.162897,0.133863,0.029034,0.000297887
4.932,0.162897,0.133864,0.0290334,0.000300694
4.934,0.162897,0.133865,0.0290322,0.000306281
4.936,0.162897,0.133865,0.0290322,0.000306281
4.938,0.162897,0.133866,0.0290309,0.00031183
4.94,0.162897,0.133867,0.0290303,0.00031459
4.942,0.162897,0.133868,0.0290297,0.000317338
4.944,0.162897,0.133868,0.0290297,0.000317338
4.946,0.162897,0.133868,0.0290297,0.000317338
4.948,0.162897,0.133868,0.0290297,0.000317338
4.95,0.162897,0.133871,0.0290264,0.0003309
4.952,0.162897,0.133872,0.0290258,0.000333651
4.954,0.162897,0.133872,0.0290251,0.000336298
4.956,0.162897,0.133873,0.0290244,0.000338932
4.958,0.162897,0.133874,0.0290237,0.000341554
4.96,0.162897,0.133874,0.0290231,0.000344163
4.962,0.162897,0.133875,0.0290224,0.000346758
4.964,0.162897,0.133876,0.029021,0.000351904
4.966,0.162897,0.133877,0.0290202,0.000354454
4.968,0.162897,0.133878,0.0290195,0.000356988
4.97,0.162897,0.133878,0.0290188,0.000359506
4.972,0.162897,0.133879,0.0290181,0.000362007
4.974,0.162897,0.13388,0.0290174,0.00036449
4.976,0.162897,0.133881,0.0290166,0.000366956
4.978,0.162897,0.133881,0.0290159,0.000369404
4.98,0.162897,0.133883,0.0290144,0.000374245
4.982,0.162897,0.133883,0.0290144,0.000374245
4.984,0.162897,0.133884,0.0290129,0.000379009
4.986,0.162897,0.133885,0.0290121,0.000381362
4.988,0.162897,0.133885,0.0290121,0.000381362
4.99,0.162897,0.133888,0.029009,0.000390804
4.992,0.162897,0.133889,0.0290082,0.000393012
4.994,0.162897,0.13389,0.0290074,0.000395205
4.996,0.162897,0.133891,0.0290066,0.000397382
4.998,0.162897,0.133891,0.0290059,0.000399543
5,0.162897,0.133893,0.0290042,0.000403808
